inicio_coleta;final_coleta;instituto;turno;candidatura;percentual_pesquisa;margem_pesquisa;qtd_entrevistas;metodologia;ambito;cargo;cenario
02/01/2025;05/01/2025;Atlas;1;Lula;41,1;2;2873;Online;Brasil;Presidente;Primeiro turno
02/01/2025;05/01/2025;Atlas;1;Caiado;5,9;2;2873;Online;Brasil;Presidente;Primeiro turno
02/01/2025;05/01/2025;Atlas;1;branco / nulo;9,1;2;2873;Online;Brasil;Presidente;Primeiro turno
02/01/2025;05/01/2025;Atlas;1;Tarcísio;26,2;2;2873;Online;Brasil;Presidente;Primeiro turno
02/01/2025;05/01/2025;Atlas;1;Eduardo Leite;0,9;2;2873;Online;Brasil;Presidente;Primeiro turno
02/01/2025;05/01/2025;Atlas;1;Lula;41,1;2;2873;Online;Brasil;Presidente;Primeiro turno
02/01/2025;05/01/2025;Atlas;1;Caiado;5,9;2;2873;Online;Brasil;Presidente;Primeiro turno
02/01/2025;05/01/2025;Atlas;1;Outros;17,7;2;2873;Online;Brasil;Presidente;Primeiro turno
02/01/2025;05/01/2025;Atlas;1;branco / nulo;9,1;2;2873;Online;Brasil;Presidente;Primeiro turno
02/01/2025;05/01/2025;Atlas;1;não sabe / não respondeu;0;2;2873;Online;Brasil;Presidente;Primeiro turno
02/01/2025;05/01/2025;Atlas;1;Ratinho Jr.;0;2;2873;Online;Brasil;Presidente;Primeiro turno
02/01/2025;05/01/2025;Atlas;1;Tarcísio;26,2;2;2873;Online;Brasil;Presidente;Primeiro turno
02/01/2025;05/01/2025;Atlas;1;Michele Bolsonaro;0;2;2873;Online;Brasil;Presidente;Primeiro turno
02/01/2025;05/01/2025;Atlas;1;Eduardo Bolsonaro;0;2;2873;Online;Brasil;Presidente;Primeiro turno
02/01/2025;05/01/2025;Atlas;1;Haddad;0;2;2873;Online;Brasil;Presidente;Primeiro turno
02/01/2025;05/01/2025;Atlas;1;Eduardo Leite;0;2;2873;Online;Brasil;Presidente;Primeiro turno
02/01/2025;05/01/2025;Atlas;1;Geraldo Alckmin;0;2;2873;Online;Brasil;Presidente;Primeiro turno
02/01/2025;05/01/2025;Atlas;1;Ciro;0;2;2873;Online;Brasil;Presidente;Primeiro turno
02/01/2025;05/01/2025;Atlas;1;Lula;44;2;2873;Online;Brasil;Presidente;Primeiro turno
02/01/2025;05/01/2025;Atlas;1;Outros;11,8;2;2873;Online;Brasil;Presidente;Primeiro turno
02/01/2025;05/01/2025;Atlas;1;branco / nulo;3,5;2;2873;Online;Brasil;Presidente;Primeiro turno
02/01/2025;05/01/2025;Atlas;1;Bolsonaro;40,6;2;2873;Online;Brasil;Presidente;Primeiro turno
02/01/2025;05/01/2025;Atlas;2;Lula;49;2;2873;Online;Brasil;Presidente;Lula vs Bolsonaro
02/01/2025;05/01/2025;Atlas;2;Bolsonaro;43;2;2873;Online;Brasil;Presidente;Lula vs Bolsonaro
02/01/2025;05/01/2025;Atlas;2;branco / nulo;8;2;2873;Online;Brasil;Presidente;Lula vs Bolsonaro
02/01/2025;05/01/2025;Atlas;2;não sabe / não respondeu;0;2;2873;Online;Brasil;Presidente;Lula vs Bolsonaro
02/01/2025;05/01/2025;Atlas;2;Lula;49;2;2873;Online;Brasil;Presidente;Lula vs Tarcísio
02/01/2025;05/01/2025;Atlas;2;Tarcísio;39;2;2873;Online;Brasil;Presidente;Lula vs Tarcísio
02/01/2025;05/01/2025;Atlas;2;branco / nulo;12;2;2873;Online;Brasil;Presidente;Lula vs Tarcísio
02/01/2025;05/01/2025;Atlas;2;não sabe / não respondeu;0;2;2873;Online;Brasil;Presidente;Lula vs Tarcísio
23/01/2025;26/01/2025;Quaest;2;Lula;45;1;4500;Presencial;Brasil;Presidente;Lula vs Caiado
23/01/2025;26/01/2025;Quaest;2;Caiado;26;1;4500;Presencial;Brasil;Presidente;Lula vs Caiado
23/01/2025;26/01/2025;Quaest;2;branco / nulo;25;1;4500;Presencial;Brasil;Presidente;Lula vs Caiado
23/01/2025;26/01/2025;Quaest;2;não sabe / não respondeu;4;1;4500;Presencial;Brasil;Presidente;Lula vs Caiado
23/01/2025;26/01/2025;Quaest;2;Lula;44;1;4500;Presencial;Brasil;Presidente;Lula vs Eduardo Bolsonaro
23/01/2025;26/01/2025;Quaest;2;Eduardo Bolsonaro;34;1;4500;Presencial;Brasil;Presidente;Lula vs Eduardo Bolsonaro
23/01/2025;26/01/2025;Quaest;2;branco / nulo;19;1;4500;Presencial;Brasil;Presidente;Lula vs Eduardo Bolsonaro
23/01/2025;26/01/2025;Quaest;2;não sabe / não respondeu;3;1;4500;Presencial;Brasil;Presidente;Lula vs Eduardo Bolsonaro
23/01/2025;26/01/2025;Quaest;2;Lula;43;1;4500;Presencial;Brasil;Presidente;Lula vs Tarcísio
23/01/2025;26/01/2025;Quaest;2;Tarcísio;34;1;4500;Presencial;Brasil;Presidente;Lula vs Tarcísio
23/01/2025;26/01/2025;Quaest;2;branco / nulo;19;1;4500;Presencial;Brasil;Presidente;Lula vs Tarcísio
23/01/2025;26/01/2025;Quaest;2;não sabe / não respondeu;4;1;4500;Presencial;Brasil;Presidente;Lula vs Tarcísio
23/01/2025;26/01/2025;Quaest;2;Lula;45;1;4500;Presencial;Brasil;Presidente;Lula vs Zema
23/01/2025;26/01/2025;Quaest;2;Zema;28;1;4500;Presencial;Brasil;Presidente;Lula vs Zema
23/01/2025;26/01/2025;Quaest;2;branco / nulo;23;1;4500;Presencial;Brasil;Presidente;Lula vs Zema
23/01/2025;26/01/2025;Quaest;2;não sabe / não respondeu;4;1;4500;Presencial;Brasil;Presidente;Lula vs Zema
27/01/2025;31/01/2025;Atlas;2;Lula;48;2;3125;Online;Brasil;Presidente;Lula vs Bolsonaro
27/01/2025;31/01/2025;Atlas;2;Bolsonaro;43;2;3125;Online;Brasil;Presidente;Lula vs Bolsonaro
27/01/2025;31/01/2025;Atlas;2;branco / nulo;9;2;3125;Online;Brasil;Presidente;Lula vs Bolsonaro
27/01/2025;31/01/2025;Atlas;2;não sabe / não respondeu;0;2;3125;Online;Brasil;Presidente;Lula vs Bolsonaro
27/01/2025;31/01/2025;Atlas;2;Lula;47,4;2;3125;Online;Brasil;Presidente;Lula vs Caiado
27/01/2025;31/01/2025;Atlas;2;Caiado;36,5;2;3125;Online;Brasil;Presidente;Lula vs Caiado
27/01/2025;31/01/2025;Atlas;2;branco / nulo;16,1;2;3125;Online;Brasil;Presidente;Lula vs Caiado
27/01/2025;31/01/2025;Atlas;2;Lula;49,6;2;3125;Online;Brasil;Presidente;Lula vs Eduardo Bolsonaro
27/01/2025;31/01/2025;Atlas;2;Eduardo Bolsonaro;36,4;2;3125;Online;Brasil;Presidente;Lula vs Eduardo Bolsonaro
27/01/2025;31/01/2025;Atlas;2;branco / nulo;14;2;3125;Online;Brasil;Presidente;Lula vs Eduardo Bolsonaro
27/01/2025;31/01/2025;Atlas;2;Lula;46;2;3125;Online;Brasil;Presidente;Lula vs Tarcísio
27/01/2025;31/01/2025;Atlas;2;Tarcísio;45;2;3125;Online;Brasil;Presidente;Lula vs Tarcísio
27/01/2025;31/01/2025;Atlas;2;branco / nulo;10;2;3125;Online;Brasil;Presidente;Lula vs Tarcísio
27/01/2025;31/01/2025;Atlas;2;não sabe / não respondeu;0;2;3125;Online;Brasil;Presidente;Lula vs Tarcísio
13/02/2025;16/02/2025;Paraná Pesquisas;2;Lula;40;2,2;2010;Presencial;Brasil;Presidente;Lula vs Bolsonaro
13/02/2025;16/02/2025;Paraná Pesquisas;2;Bolsonaro;45;2,2;2010;Presencial;Brasil;Presidente;Lula vs Bolsonaro
13/02/2025;16/02/2025;Paraná Pesquisas;2;branco / nulo;11;2,2;2010;Presencial;Brasil;Presidente;Lula vs Bolsonaro
13/02/2025;16/02/2025;Paraná Pesquisas;2;não sabe / não respondeu;4;2,2;2010;Presencial;Brasil;Presidente;Lula vs Bolsonaro
13/02/2025;16/02/2025;Paraná Pesquisas;2;Lula;40,5;2,2;2010;Presencial;Brasil;Presidente;Lula vs Michele Bolsonaro
13/02/2025;16/02/2025;Paraná Pesquisas;2;Michele Bolsonaro;42,9;2,2;2010;Presencial;Brasil;Presidente;Lula vs Michele Bolsonaro
13/02/2025;16/02/2025;Paraná Pesquisas;2;branco / nulo;12,4;2,2;2010;Presencial;Brasil;Presidente;Lula vs Michele Bolsonaro
13/02/2025;16/02/2025;Paraná Pesquisas;2;não sabe / não respondeu;4,2;2,2;2010;Presencial;Brasil;Presidente;Lula vs Michele Bolsonaro
13/02/2025;16/02/2025;Paraná Pesquisas;2;Lula;41;2,2;2010;Presencial;Brasil;Presidente;Lula vs Tarcísio
13/02/2025;16/02/2025;Paraná Pesquisas;2;Tarcísio;41;2,2;2010;Presencial;Brasil;Presidente;Lula vs Tarcísio
13/02/2025;16/02/2025;Paraná Pesquisas;2;branco / nulo;14;2,2;2010;Presencial;Brasil;Presidente;Lula vs Tarcísio
13/02/2025;16/02/2025;Paraná Pesquisas;2;não sabe / não respondeu;5;2,2;2010;Presencial;Brasil;Presidente;Lula vs Tarcísio
19/02/2025;23/02/2025;MDA;1;Lula;42;2,2;2002;Presencial;Brasil;Presidente;Primeiro turno
19/02/2025;23/02/2025;MDA;1;branco / nulo;12;2,2;2002;Presencial;Brasil;Presidente;Primeiro turno
19/02/2025;23/02/2025;MDA;1;não sabe / não respondeu;2;2,2;2002;Presencial;Brasil;Presidente;Primeiro turno
19/02/2025;23/02/2025;MDA;1;Bolsonaro;43;2,2;2002;Presencial;Brasil;Presidente;Primeiro turno
19/02/2025;23/02/2025;MDA;1;Lula;30;2,2;2002;Presencial;Brasil;Presidente;Primeiro turno
19/02/2025;23/02/2025;MDA;1;Caiado;4;2,2;2002;Presencial;Brasil;Presidente;Primeiro turno
19/02/2025;23/02/2025;MDA;1;Zema;3;2,2;2002;Presencial;Brasil;Presidente;Primeiro turno
19/02/2025;23/02/2025;MDA;1;Outros;7;2,2;2002;Presencial;Brasil;Presidente;Primeiro turno
19/02/2025;23/02/2025;MDA;1;branco / nulo;11;2,2;2002;Presencial;Brasil;Presidente;Primeiro turno
19/02/2025;23/02/2025;MDA;1;não sabe / não respondeu;6;2,2;2002;Presencial;Brasil;Presidente;Primeiro turno
19/02/2025;23/02/2025;MDA;1;Bolsonaro;30;2,2;2002;Presencial;Brasil;Presidente;Primeiro turno
19/02/2025;23/02/2025;MDA;1;Ciro;10;2,2;2002;Presencial;Brasil;Presidente;Primeiro turno
19/02/2025;23/02/2025;MDA;1;Lula;31;2,2;2002;Presencial;Brasil;Presidente;Primeiro turno
19/02/2025;23/02/2025;MDA;1;Caiado;5;2,2;2002;Presencial;Brasil;Presidente;Primeiro turno
19/02/2025;23/02/2025;MDA;1;Zema;5;2,2;2002;Presencial;Brasil;Presidente;Primeiro turno
19/02/2025;23/02/2025;MDA;1;Outros;12;2,2;2002;Presencial;Brasil;Presidente;Primeiro turno
19/02/2025;23/02/2025;MDA;1;branco / nulo;13;2,2;2002;Presencial;Brasil;Presidente;Primeiro turno
19/02/2025;23/02/2025;MDA;1;não sabe / não respondeu;7;2,2;2002;Presencial;Brasil;Presidente;Primeiro turno
19/02/2025;23/02/2025;MDA;1;Eduardo Bolsonaro;13;2,2;2002;Presencial;Brasil;Presidente;Primeiro turno
19/02/2025;23/02/2025;MDA;1;Ciro;13;2,2;2002;Presencial;Brasil;Presidente;Primeiro turno
19/02/2025;23/02/2025;MDA;2;Lula;42;2,2;2002;Presencial;Brasil;Presidente;Lula vs Bolsonaro
19/02/2025;23/02/2025;MDA;2;Bolsonaro;43;2,2;2002;Presencial;Brasil;Presidente;Lula vs Bolsonaro
19/02/2025;23/02/2025;MDA;2;branco / nulo;15;2,2;2002;Presencial;Brasil;Presidente;Lula vs Bolsonaro
19/02/2025;23/02/2025;MDA;2;não sabe / não respondeu;0;2,2;2002;Presencial;Brasil;Presidente;Lula vs Bolsonaro
19/02/2025;23/02/2025;MDA;2;Lula;41;2,2;2002;Presencial;Brasil;Presidente;Lula vs Tarcísio
19/02/2025;23/02/2025;MDA;2;Tarcísio;41;2,2;2002;Presencial;Brasil;Presidente;Lula vs Tarcísio
19/02/2025;23/02/2025;MDA;2;branco / nulo;13;2,2;2002;Presencial;Brasil;Presidente;Lula vs Tarcísio
19/02/2025;23/02/2025;MDA;2;não sabe / não respondeu;5;2,2;2002;Presencial;Brasil;Presidente;Lula vs Tarcísio
24/02/2025;27/02/2025;Atlas;1;Lula;41,6;1;5710;Online;Brasil;Presidente;Primeiro turno
24/02/2025;27/02/2025;Atlas;1;Caiado;4,6;1;5710;Online;Brasil;Presidente;Primeiro turno
24/02/2025;27/02/2025;Atlas;1;Outros;17,5;1;5710;Online;Brasil;Presidente;Primeiro turno
24/02/2025;27/02/2025;Atlas;1;branco / nulo;4;1;5710;Online;Brasil;Presidente;Primeiro turno
24/02/2025;27/02/2025;Atlas;1;Tarcísio;32,3;1;5710;Online;Brasil;Presidente;Primeiro turno
24/02/2025;27/02/2025;Atlas;1;Lula;42,9;1;5710;Online;Brasil;Presidente;Primeiro turno
24/02/2025;27/02/2025;Atlas;1;Outros;8,8;1;5710;Online;Brasil;Presidente;Primeiro turno
24/02/2025;27/02/2025;Atlas;1;branco / nulo;2,4;1;5710;Online;Brasil;Presidente;Primeiro turno
24/02/2025;27/02/2025;Atlas;1;Bolsonaro;45,8;1;5710;Online;Brasil;Presidente;Primeiro turno
24/02/2025;27/02/2025;Atlas;1;Lula;41,6;1;5710;Online;Brasil;Presidente;Primeiro turno
24/02/2025;27/02/2025;Atlas;1;Caiado;4,6;1;5710;Online;Brasil;Presidente;Primeiro turno
24/02/2025;27/02/2025;Atlas;1;Zema;4,5;1;5710;Online;Brasil;Presidente;Primeiro turno
24/02/2025;27/02/2025;Atlas;1;branco / nulo;4;1;5710;Online;Brasil;Presidente;Primeiro turno
24/02/2025;27/02/2025;Atlas;1;Tarcísio;32,3;1;5710;Online;Brasil;Presidente;Primeiro turno
24/02/2025;27/02/2025;Atlas;1;Eduardo Leite;1,5;1;5710;Online;Brasil;Presidente;Primeiro turno
24/02/2025;27/02/2025;Atlas;1;Lula;41,5;1;5710;Online;Brasil;Presidente;Primeiro turno
24/02/2025;27/02/2025;Atlas;1;Caiado;6,4;1;5710;Online;Brasil;Presidente;Primeiro turno
24/02/2025;27/02/2025;Atlas;1;Zema;10;1;5710;Online;Brasil;Presidente;Primeiro turno
24/02/2025;27/02/2025;Atlas;1;branco / nulo;4,3;1;5710;Online;Brasil;Presidente;Primeiro turno
24/02/2025;27/02/2025;Atlas;1;Eduardo Bolsonaro;23,8;1;5710;Online;Brasil;Presidente;Primeiro turno
24/02/2025;27/02/2025;Atlas;1;Eduardo Leite;1,9;1;5710;Online;Brasil;Presidente;Primeiro turno
24/02/2025;27/02/2025;Atlas;2;Lula;47;1;5710;Online;Brasil;Presidente;Lula vs Caiado
24/02/2025;27/02/2025;Atlas;2;Caiado;39;1;5710;Online;Brasil;Presidente;Lula vs Caiado
24/02/2025;27/02/2025;Atlas;2;branco / nulo;14;1;5710;Online;Brasil;Presidente;Lula vs Caiado
24/02/2025;27/02/2025;Atlas;2;Lula;48;1;5710;Online;Brasil;Presidente;Lula vs Eduardo Bolsonaro
24/02/2025;27/02/2025;Atlas;2;Eduardo Bolsonaro;44;1;5710;Online;Brasil;Presidente;Lula vs Eduardo Bolsonaro
24/02/2025;27/02/2025;Atlas;2;branco / nulo;9;1;5710;Online;Brasil;Presidente;Lula vs Eduardo Bolsonaro
24/02/2025;27/02/2025;Atlas;2;Lula;45;1;5710;Online;Brasil;Presidente;Lula vs Eduardo Leite
24/02/2025;27/02/2025;Atlas;2;Eduardo Leite;27;1;5710;Online;Brasil;Presidente;Lula vs Eduardo Leite
24/02/2025;27/02/2025;Atlas;2;branco / nulo;28;1;5710;Online;Brasil;Presidente;Lula vs Eduardo Leite
24/02/2025;27/02/2025;Atlas;2;Lula;47;1;5710;Online;Brasil;Presidente;Lula vs Zema
24/02/2025;27/02/2025;Atlas;2;Zema;43;1;5710;Online;Brasil;Presidente;Lula vs Zema
24/02/2025;27/02/2025;Atlas;2;branco / nulo;9;1;5710;Online;Brasil;Presidente;Lula vs Zema
24/02/2025;28/02/2025;Atlas;2;Lula;48;1;5710;Online;Brasil;Presidente;Lula vs Bolsonaro
24/02/2025;28/02/2025;Atlas;2;Bolsonaro;49;1;5710;Online;Brasil;Presidente;Lula vs Bolsonaro
24/02/2025;28/02/2025;Atlas;2;branco / nulo;4;1;5710;Online;Brasil;Presidente;Lula vs Bolsonaro
24/02/2025;28/02/2025;Atlas;2;não sabe / não respondeu;0;1;5710;Online;Brasil;Presidente;Lula vs Bolsonaro
24/02/2025;28/02/2025;Atlas;2;Lula;47;1;5710;Online;Brasil;Presidente;Lula vs Tarcísio
24/02/2025;28/02/2025;Atlas;2;Tarcísio;49;1;5710;Online;Brasil;Presidente;Lula vs Tarcísio
24/02/2025;28/02/2025;Atlas;2;branco / nulo;4;1;5710;Online;Brasil;Presidente;Lula vs Tarcísio
24/02/2025;28/02/2025;Atlas;2;não sabe / não respondeu;0;1;5710;Online;Brasil;Presidente;Lula vs Tarcísio
20/03/2025;24/03/2025;Atlas;1;Lula;41,7;1;4659;Online;Brasil;Presidente;Primeiro turno
20/03/2025;24/03/2025;Atlas;1;Caiado;3,8;1;4659;Online;Brasil;Presidente;Primeiro turno
20/03/2025;24/03/2025;Atlas;1;Outros;14,5;1;4659;Online;Brasil;Presidente;Primeiro turno
20/03/2025;24/03/2025;Atlas;1;branco / nulo;6,2;1;4659;Online;Brasil;Presidente;Primeiro turno
20/03/2025;24/03/2025;Atlas;1;Tarcísio;33,9;1;4659;Online;Brasil;Presidente;Primeiro turno
20/03/2025;24/03/2025;Atlas;1;Lula;40,6;1;4659;Online;Brasil;Presidente;Primeiro turno
20/03/2025;24/03/2025;Atlas;1;Outros;10,9;1;4659;Online;Brasil;Presidente;Primeiro turno
20/03/2025;24/03/2025;Atlas;1;branco / nulo;3;1;4659;Online;Brasil;Presidente;Primeiro turno
20/03/2025;24/03/2025;Atlas;1;Bolsonaro;45,6;1;4659;Online;Brasil;Presidente;Primeiro turno
20/03/2025;24/03/2025;Atlas;1;Lula;41,7;1;4659;Online;Brasil;Presidente;Primeiro turno
20/03/2025;24/03/2025;Atlas;1;Caiado;3,8;1;4659;Online;Brasil;Presidente;Primeiro turno
20/03/2025;24/03/2025;Atlas;1;Zema;1,6;1;4659;Online;Brasil;Presidente;Primeiro turno
20/03/2025;24/03/2025;Atlas;1;branco / nulo;6,2;1;4659;Online;Brasil;Presidente;Primeiro turno
20/03/2025;24/03/2025;Atlas;1;Tarcísio;33,9;1;4659;Online;Brasil;Presidente;Primeiro turno
20/03/2025;24/03/2025;Atlas;1;Eduardo Leite;3,6;1;4659;Online;Brasil;Presidente;Primeiro turno
27/03/2025;31/03/2025;Quaest;2;Lula;44;2;2004;Presencial;Brasil;Presidente;Lula vs Bolsonaro
27/03/2025;31/03/2025;Quaest;2;Bolsonaro;40;2;2004;Presencial;Brasil;Presidente;Lula vs Bolsonaro
27/03/2025;31/03/2025;Quaest;2;branco / nulo;16;2;2004;Presencial;Brasil;Presidente;Lula vs Bolsonaro
27/03/2025;31/03/2025;Quaest;2;não sabe / não respondeu;0;2;2004;Presencial;Brasil;Presidente;Lula vs Bolsonaro
27/03/2025;31/03/2025;Quaest;2;Lula;44;2;2004;Presencial;Brasil;Presidente;Lula vs Caiado
27/03/2025;31/03/2025;Quaest;2;Caiado;30;2;2004;Presencial;Brasil;Presidente;Lula vs Caiado
27/03/2025;31/03/2025;Quaest;2;branco / nulo;22;2;2004;Presencial;Brasil;Presidente;Lula vs Caiado
27/03/2025;31/03/2025;Quaest;2;não sabe / não respondeu;4;2;2004;Presencial;Brasil;Presidente;Lula vs Caiado
27/03/2025;31/03/2025;Quaest;2;Lula;45;2;2004;Presencial;Brasil;Presidente;Lula vs Eduardo Bolsonaro
27/03/2025;31/03/2025;Quaest;2;Eduardo Bolsonaro;34;2;2004;Presencial;Brasil;Presidente;Lula vs Eduardo Bolsonaro
27/03/2025;31/03/2025;Quaest;2;branco / nulo;17;2;2004;Presencial;Brasil;Presidente;Lula vs Eduardo Bolsonaro
27/03/2025;31/03/2025;Quaest;2;não sabe / não respondeu;4;2;2004;Presencial;Brasil;Presidente;Lula vs Eduardo Bolsonaro
27/03/2025;31/03/2025;Quaest;2;Lula;44;2;2004;Presencial;Brasil;Presidente;Lula vs Michele Bolsonaro
27/03/2025;31/03/2025;Quaest;2;Michele Bolsonaro;38;2;2004;Presencial;Brasil;Presidente;Lula vs Michele Bolsonaro
27/03/2025;31/03/2025;Quaest;2;branco / nulo;15;2;2004;Presencial;Brasil;Presidente;Lula vs Michele Bolsonaro
27/03/2025;31/03/2025;Quaest;2;não sabe / não respondeu;3;2;2004;Presencial;Brasil;Presidente;Lula vs Michele Bolsonaro
27/03/2025;31/03/2025;Quaest;2;Lula;42;2;2004;Presencial;Brasil;Presidente;Lula vs Ratinho Jr.
27/03/2025;31/03/2025;Quaest;2;Ratinho Jr.;35;2;2004;Presencial;Brasil;Presidente;Lula vs Ratinho Jr.
27/03/2025;31/03/2025;Quaest;2;branco / nulo;19;2;2004;Presencial;Brasil;Presidente;Lula vs Ratinho Jr.
27/03/2025;31/03/2025;Quaest;2;não sabe / não respondeu;4;2;2004;Presencial;Brasil;Presidente;Lula vs Ratinho Jr.
27/03/2025;31/03/2025;Quaest;2;Lula;43;2;2004;Presencial;Brasil;Presidente;Lula vs Tarcísio
27/03/2025;31/03/2025;Quaest;2;Tarcísio;37;2;2004;Presencial;Brasil;Presidente;Lula vs Tarcísio
27/03/2025;31/03/2025;Quaest;2;branco / nulo;16;2;2004;Presencial;Brasil;Presidente;Lula vs Tarcísio
27/03/2025;31/03/2025;Quaest;2;não sabe / não respondeu;4;2;2004;Presencial;Brasil;Presidente;Lula vs Tarcísio
27/03/2025;31/03/2025;Quaest;2;Lula;43;2;2004;Presencial;Brasil;Presidente;Lula vs Zema
27/03/2025;31/03/2025;Quaest;2;Zema;31;2;2004;Presencial;Brasil;Presidente;Lula vs Zema
27/03/2025;31/03/2025;Quaest;2;branco / nulo;21;2;2004;Presencial;Brasil;Presidente;Lula vs Zema
27/03/2025;31/03/2025;Quaest;2;não sabe / não respondeu;5;2;2004;Presencial;Brasil;Presidente;Lula vs Zema
01/04/2025;03/04/2025;Datafolha;2;Lula;49;2;3054;Presencial;Brasil;Presidente;Lula vs Bolsonaro
01/04/2025;03/04/2025;Datafolha;2;Bolsonaro;40;2;3054;Presencial;Brasil;Presidente;Lula vs Bolsonaro
01/04/2025;03/04/2025;Datafolha;2;branco / nulo;10;2;3054;Presencial;Brasil;Presidente;Lula vs Bolsonaro
01/04/2025;03/04/2025;Datafolha;2;não sabe / não respondeu;1;2;3054;Presencial;Brasil;Presidente;Lula vs Bolsonaro
01/04/2025;03/04/2025;Datafolha;2;Lula;51;2;3054;Presencial;Brasil;Presidente;Lula vs Eduardo Bolsonaro
01/04/2025;03/04/2025;Datafolha;2;Eduardo Bolsonaro;34;2;3054;Presencial;Brasil;Presidente;Lula vs Eduardo Bolsonaro
01/04/2025;03/04/2025;Datafolha;2;branco / nulo;14;2;3054;Presencial;Brasil;Presidente;Lula vs Eduardo Bolsonaro
01/04/2025;03/04/2025;Datafolha;2;não sabe / não respondeu;1;2;3054;Presencial;Brasil;Presidente;Lula vs Eduardo Bolsonaro
01/04/2025;03/04/2025;Datafolha;2;Lula;50;2;3054;Presencial;Brasil;Presidente;Lula vs Michele Bolsonaro
01/04/2025;03/04/2025;Datafolha;2;Michele Bolsonaro;38;2;3054;Presencial;Brasil;Presidente;Lula vs Michele Bolsonaro
01/04/2025;03/04/2025;Datafolha;2;branco / nulo;12;2;3054;Presencial;Brasil;Presidente;Lula vs Michele Bolsonaro
01/04/2025;03/04/2025;Datafolha;2;não sabe / não respondeu;1;2;3054;Presencial;Brasil;Presidente;Lula vs Michele Bolsonaro
01/04/2025;03/04/2025;Datafolha;2;Lula;48;2;3054;Presencial;Brasil;Presidente;Lula vs Tarcísio
01/04/2025;03/04/2025;Datafolha;2;Tarcísio;39;2;3054;Presencial;Brasil;Presidente;Lula vs Tarcísio
01/04/2025;03/04/2025;Datafolha;2;branco / nulo;13;2;3054;Presencial;Brasil;Presidente;Lula vs Tarcísio
01/04/2025;03/04/2025;Datafolha;2;não sabe / não respondeu;1;2;3054;Presencial;Brasil;Presidente;Lula vs Tarcísio
16/04/2025;19/04/2025;Paraná Pesquisas;2;Lula;40;2,2;2020;Presencial;Brasil;Presidente;Lula vs Bolsonaro
16/04/2025;19/04/2025;Paraná Pesquisas;2;Bolsonaro;46;2,2;2020;Presencial;Brasil;Presidente;Lula vs Bolsonaro
16/04/2025;19/04/2025;Paraná Pesquisas;2;branco / nulo;9;2,2;2020;Presencial;Brasil;Presidente;Lula vs Bolsonaro
16/04/2025;19/04/2025;Paraná Pesquisas;2;não sabe / não respondeu;5;2,2;2020;Presencial;Brasil;Presidente;Lula vs Bolsonaro
16/04/2025;19/04/2025;Paraná Pesquisas;2;Lula;41;2,2;2020;Presencial;Brasil;Presidente;Lula vs Michele Bolsonaro
16/04/2025;19/04/2025;Paraná Pesquisas;2;Michele Bolsonaro;45;2,2;2020;Presencial;Brasil;Presidente;Lula vs Michele Bolsonaro
16/04/2025;19/04/2025;Paraná Pesquisas;2;branco / nulo;9,2;2,2;2020;Presencial;Brasil;Presidente;Lula vs Michele Bolsonaro
16/04/2025;19/04/2025;Paraná Pesquisas;2;não sabe / não respondeu;4,8;2,2;2020;Presencial;Brasil;Presidente;Lula vs Michele Bolsonaro
16/04/2025;19/04/2025;Paraná Pesquisas;2;Lula;41;2,2;2020;Presencial;Brasil;Presidente;Lula vs Tarcísio
16/04/2025;19/04/2025;Paraná Pesquisas;2;Tarcísio;43;2,2;2020;Presencial;Brasil;Presidente;Lula vs Tarcísio
16/04/2025;19/04/2025;Paraná Pesquisas;2;branco / nulo;11;2,2;2020;Presencial;Brasil;Presidente;Lula vs Tarcísio
16/04/2025;19/04/2025;Paraná Pesquisas;2;não sabe / não respondeu;6;2,2;2020;Presencial;Brasil;Presidente;Lula vs Tarcísio
20/04/2025;24/04/2025;Atlas;1;Lula;42,8;1;5419;Online;Brasil;Presidente;Primeiro turno
20/04/2025;24/04/2025;Atlas;1;Caiado;4,3;1;5419;Online;Brasil;Presidente;Primeiro turno
20/04/2025;24/04/2025;Atlas;1;Outros;10,7;1;5419;Online;Brasil;Presidente;Primeiro turno
20/04/2025;24/04/2025;Atlas;1;branco / nulo;8;1;5419;Online;Brasil;Presidente;Primeiro turno
20/04/2025;24/04/2025;Atlas;1;Tarcísio;34,3;1;5419;Online;Brasil;Presidente;Primeiro turno
20/04/2025;24/04/2025;Atlas;1;Lula;44,2;1;5419;Online;Brasil;Presidente;Primeiro turno
20/04/2025;24/04/2025;Atlas;1;Outros;6,3;1;5419;Online;Brasil;Presidente;Primeiro turno
20/04/2025;24/04/2025;Atlas;1;branco / nulo;4,4;1;5419;Online;Brasil;Presidente;Primeiro turno
20/04/2025;24/04/2025;Atlas;1;Bolsonaro;45,1;1;5419;Online;Brasil;Presidente;Primeiro turno
20/04/2025;24/04/2025;Atlas;1;Lula;42,8;1;5419;Online;Brasil;Presidente;Primeiro turno
20/04/2025;24/04/2025;Atlas;1;Caiado;4,3;1;5419;Online;Brasil;Presidente;Primeiro turno
20/04/2025;24/04/2025;Atlas;1;Zema;1,6;1;5419;Online;Brasil;Presidente;Primeiro turno
20/04/2025;24/04/2025;Atlas;1;branco / nulo;8;1;5419;Online;Brasil;Presidente;Primeiro turno
20/04/2025;24/04/2025;Atlas;1;Ratinho Jr.;2,7;1;5419;Online;Brasil;Presidente;Primeiro turno
20/04/2025;24/04/2025;Atlas;1;Tarcísio;34,3;1;5419;Online;Brasil;Presidente;Primeiro turno
20/04/2025;24/04/2025;Atlas;1;Eduardo Leite;1,6;1;5419;Online;Brasil;Presidente;Primeiro turno
20/04/2025;24/04/2025;Atlas;1;Ciro;2,7;1;5419;Online;Brasil;Presidente;Primeiro turno
20/04/2025;24/04/2025;Atlas;1;Lula;43,3;1;5419;Online;Brasil;Presidente;Primeiro turno
20/04/2025;24/04/2025;Atlas;1;Caiado;5,5;1;5419;Online;Brasil;Presidente;Primeiro turno
20/04/2025;24/04/2025;Atlas;1;Zema;3;1;5419;Online;Brasil;Presidente;Primeiro turno
20/04/2025;24/04/2025;Atlas;1;branco / nulo;6,9;1;5419;Online;Brasil;Presidente;Primeiro turno
20/04/2025;24/04/2025;Atlas;1;Ratinho Jr.;2,6;1;5419;Online;Brasil;Presidente;Primeiro turno
20/04/2025;24/04/2025;Atlas;1;Michele Bolsonaro;31,3;1;5419;Online;Brasil;Presidente;Primeiro turno
20/04/2025;24/04/2025;Atlas;1;Eduardo Leite;2,7;1;5419;Online;Brasil;Presidente;Primeiro turno
20/04/2025;24/04/2025;Atlas;1;Ciro;3;1;5419;Online;Brasil;Presidente;Primeiro turno
20/04/2025;24/04/2025;Atlas;2;Lula;49;1;5419;Online;Brasil;Presidente;Lula vs Bolsonaro
20/04/2025;24/04/2025;Atlas;2;Bolsonaro;46;1;5419;Online;Brasil;Presidente;Lula vs Bolsonaro
20/04/2025;24/04/2025;Atlas;2;branco / nulo;5;1;5419;Online;Brasil;Presidente;Lula vs Bolsonaro
20/04/2025;24/04/2025;Atlas;2;não sabe / não respondeu;0;1;5419;Online;Brasil;Presidente;Lula vs Bolsonaro
20/04/2025;24/04/2025;Atlas;2;Lula;45;1;5419;Online;Brasil;Presidente;Lula vs Caiado
20/04/2025;24/04/2025;Atlas;2;Caiado;36,3;1;5419;Online;Brasil;Presidente;Lula vs Caiado
20/04/2025;24/04/2025;Atlas;2;branco / nulo;18,7;1;5419;Online;Brasil;Presidente;Lula vs Caiado
20/04/2025;24/04/2025;Atlas;2;Lula;45,3;1;5419;Online;Brasil;Presidente;Lula vs Eduardo Leite
20/04/2025;24/04/2025;Atlas;2;Eduardo Leite;24,2;1;5419;Online;Brasil;Presidente;Lula vs Eduardo Leite
20/04/2025;24/04/2025;Atlas;2;branco / nulo;30,5;1;5419;Online;Brasil;Presidente;Lula vs Eduardo Leite
20/04/2025;24/04/2025;Atlas;2;Lula;46,6;1;5419;Online;Brasil;Presidente;Lula vs Michele Bolsonaro
20/04/2025;24/04/2025;Atlas;2;Michele Bolsonaro;46,1;1;5419;Online;Brasil;Presidente;Lula vs Michele Bolsonaro
20/04/2025;24/04/2025;Atlas;2;branco / nulo;7,3;1;5419;Online;Brasil;Presidente;Lula vs Michele Bolsonaro
20/04/2025;24/04/2025;Atlas;2;Lula;47,2;1;5419;Online;Brasil;Presidente;Lula vs Ratinho Jr.
20/04/2025;24/04/2025;Atlas;2;Ratinho Jr.;34,9;1;5419;Online;Brasil;Presidente;Lula vs Ratinho Jr.
20/04/2025;24/04/2025;Atlas;2;branco / nulo;17,9;1;5419;Online;Brasil;Presidente;Lula vs Ratinho Jr.
20/04/2025;24/04/2025;Atlas;2;Lula;47;1;5419;Online;Brasil;Presidente;Lula vs Tarcísio
20/04/2025;24/04/2025;Atlas;2;Tarcísio;47;1;5419;Online;Brasil;Presidente;Lula vs Tarcísio
20/04/2025;24/04/2025;Atlas;2;branco / nulo;7;1;5419;Online;Brasil;Presidente;Lula vs Tarcísio
20/04/2025;24/04/2025;Atlas;2;não sabe / não respondeu;0;1;5419;Online;Brasil;Presidente;Lula vs Tarcísio
20/04/2025;24/04/2025;Atlas;2;Lula;45,6;1;5419;Online;Brasil;Presidente;Lula vs Zema
20/04/2025;24/04/2025;Atlas;2;Zema;39,5;1;5419;Online;Brasil;Presidente;Lula vs Zema
20/04/2025;24/04/2025;Atlas;2;branco / nulo;14,8;1;5419;Online;Brasil;Presidente;Lula vs Zema
19/05/2025;23/05/2025;Atlas;1;Lula;44,1;1;4399;Online;Brasil;Presidente;Primeiro turno
19/05/2025;23/05/2025;Atlas;1;Caiado;4,6;1;4399;Online;Brasil;Presidente;Primeiro turno
19/05/2025;23/05/2025;Atlas;1;Outros;13,5;1;4399;Online;Brasil;Presidente;Primeiro turno
19/05/2025;23/05/2025;Atlas;1;branco / nulo;4,6;1;4399;Online;Brasil;Presidente;Primeiro turno
19/05/2025;23/05/2025;Atlas;1;Tarcísio;33,1;1;4399;Online;Brasil;Presidente;Primeiro turno
19/05/2025;23/05/2025;Atlas;1;Lula;43,9;1;4399;Online;Brasil;Presidente;Primeiro turno
19/05/2025;23/05/2025;Atlas;1;Outros;6,6;1;4399;Online;Brasil;Presidente;Primeiro turno
19/05/2025;23/05/2025;Atlas;1;branco / nulo;2,8;1;4399;Online;Brasil;Presidente;Primeiro turno
19/05/2025;23/05/2025;Atlas;1;Bolsonaro;46,7;1;4399;Online;Brasil;Presidente;Primeiro turno
19/05/2025;23/05/2025;Atlas;1;Lula;44,1;1;4399;Online;Brasil;Presidente;Primeiro turno
19/05/2025;23/05/2025;Atlas;1;Caiado;4,7;1;4399;Online;Brasil;Presidente;Primeiro turno
19/05/2025;23/05/2025;Atlas;1;Zema;1,4;1;4399;Online;Brasil;Presidente;Primeiro turno
19/05/2025;23/05/2025;Atlas;1;branco / nulo;4,6;1;4399;Online;Brasil;Presidente;Primeiro turno
19/05/2025;23/05/2025;Atlas;1;Ratinho Jr.;2,1;1;4399;Online;Brasil;Presidente;Primeiro turno
19/05/2025;23/05/2025;Atlas;1;Tarcísio;33,11;1;4399;Online;Brasil;Presidente;Primeiro turno
19/05/2025;23/05/2025;Atlas;1;Eduardo Leite;1,8;1;4399;Online;Brasil;Presidente;Primeiro turno
19/05/2025;23/05/2025;Atlas;1;Ciro;3,6;1;4399;Online;Brasil;Presidente;Primeiro turno
19/05/2025;23/05/2025;Atlas;1;Lula;44,4;1;4399;Online;Brasil;Presidente;Primeiro turno
19/05/2025;23/05/2025;Atlas;1;Caiado;4,8;1;4399;Online;Brasil;Presidente;Primeiro turno
19/05/2025;23/05/2025;Atlas;1;Zema;4;1;4399;Online;Brasil;Presidente;Primeiro turno
19/05/2025;23/05/2025;Atlas;1;branco / nulo;1,8;1;4399;Online;Brasil;Presidente;Primeiro turno
19/05/2025;23/05/2025;Atlas;1;Ratinho Jr.;3,9;1;4399;Online;Brasil;Presidente;Primeiro turno
19/05/2025;23/05/2025;Atlas;1;Michele Bolsonaro;33,5;1;4399;Online;Brasil;Presidente;Primeiro turno
19/05/2025;23/05/2025;Atlas;1;Eduardo Leite;2,2;1;4399;Online;Brasil;Presidente;Primeiro turno
19/05/2025;23/05/2025;Atlas;1;Ciro;3,2;1;4399;Online;Brasil;Presidente;Primeiro turno
19/05/2025;23/05/2025;Atlas;2;Lula;46;1;4399;Online;Brasil;Presidente;Lula vs Bolsonaro
19/05/2025;23/05/2025;Atlas;2;Bolsonaro;48;1;4399;Online;Brasil;Presidente;Lula vs Bolsonaro
19/05/2025;23/05/2025;Atlas;2;branco / nulo;7;1;4399;Online;Brasil;Presidente;Lula vs Bolsonaro
19/05/2025;23/05/2025;Atlas;2;não sabe / não respondeu;0;1;4399;Online;Brasil;Presidente;Lula vs Bolsonaro
19/05/2025;23/05/2025;Atlas;2;Lula;45,2;1;4399;Online;Brasil;Presidente;Lula vs Caiado
19/05/2025;23/05/2025;Atlas;2;Caiado;36,1;1;4399;Online;Brasil;Presidente;Lula vs Caiado
19/05/2025;23/05/2025;Atlas;2;branco / nulo;18,7;1;4399;Online;Brasil;Presidente;Lula vs Caiado
19/05/2025;23/05/2025;Atlas;2;Lula;44;1;4399;Online;Brasil;Presidente;Lula vs Eduardo Leite
19/05/2025;23/05/2025;Atlas;2;Eduardo Leite;22,6;1;4399;Online;Brasil;Presidente;Lula vs Eduardo Leite
19/05/2025;23/05/2025;Atlas;2;branco / nulo;33,4;1;4399;Online;Brasil;Presidente;Lula vs Eduardo Leite
19/05/2025;23/05/2025;Atlas;2;Lula;45,3;1;4399;Online;Brasil;Presidente;Lula vs Michele Bolsonaro
19/05/2025;23/05/2025;Atlas;2;Michele Bolsonaro;49,8;1;4399;Online;Brasil;Presidente;Lula vs Michele Bolsonaro
19/05/2025;23/05/2025;Atlas;2;branco / nulo;4,9;1;4399;Online;Brasil;Presidente;Lula vs Michele Bolsonaro
19/05/2025;23/05/2025;Atlas;2;Lula;45,2;1;4399;Online;Brasil;Presidente;Lula vs Ratinho Jr.
19/05/2025;23/05/2025;Atlas;2;Ratinho Jr.;36,1;1;4399;Online;Brasil;Presidente;Lula vs Ratinho Jr.
19/05/2025;23/05/2025;Atlas;2;branco / nulo;18,8;1;4399;Online;Brasil;Presidente;Lula vs Ratinho Jr.
19/05/2025;23/05/2025;Atlas;2;Lula;45;1;4399;Online;Brasil;Presidente;Lula vs Tarcísio
19/05/2025;23/05/2025;Atlas;2;Tarcísio;49;1;4399;Online;Brasil;Presidente;Lula vs Tarcísio
19/05/2025;23/05/2025;Atlas;2;branco / nulo;6;1;4399;Online;Brasil;Presidente;Lula vs Tarcísio
19/05/2025;23/05/2025;Atlas;2;não sabe / não respondeu;0;1;4399;Online;Brasil;Presidente;Lula vs Tarcísio
19/05/2025;23/05/2025;Atlas;2;Lula;45,2;1;4399;Online;Brasil;Presidente;Lula vs Zema
19/05/2025;23/05/2025;Atlas;2;Zema;39,5;1;4399;Online;Brasil;Presidente;Lula vs Zema
19/05/2025;23/05/2025;Atlas;2;branco / nulo;15,3;1;4399;Online;Brasil;Presidente;Lula vs Zema
29/05/2025;01/06/2025;Quaest;2;Lula;41;2;2004;Presencial;Brasil;Presidente;Lula vs Bolsonaro
29/05/2025;01/06/2025;Quaest;2;Bolsonaro;41;2;2004;Presencial;Brasil;Presidente;Lula vs Bolsonaro
29/05/2025;01/06/2025;Quaest;2;branco / nulo;18;2;2004;Presencial;Brasil;Presidente;Lula vs Bolsonaro
29/05/2025;01/06/2025;Quaest;2;não sabe / não respondeu;0;2;2004;Presencial;Brasil;Presidente;Lula vs Bolsonaro
29/05/2025;01/06/2025;Quaest;2;Lula;43;2;2004;Presencial;Brasil;Presidente;Lula vs Caiado
29/05/2025;01/06/2025;Quaest;2;Caiado;33;2;2004;Presencial;Brasil;Presidente;Lula vs Caiado
29/05/2025;01/06/2025;Quaest;2;branco / nulo;19;2;2004;Presencial;Brasil;Presidente;Lula vs Caiado
29/05/2025;01/06/2025;Quaest;2;não sabe / não respondeu;5;2;2004;Presencial;Brasil;Presidente;Lula vs Caiado
29/05/2025;01/06/2025;Quaest;2;Lula;44;2;2004;Presencial;Brasil;Presidente;Lula vs Eduardo Bolsonaro
29/05/2025;01/06/2025;Quaest;2;Eduardo Bolsonaro;34;2;2004;Presencial;Brasil;Presidente;Lula vs Eduardo Bolsonaro
29/05/2025;01/06/2025;Quaest;2;branco / nulo;17;2;2004;Presencial;Brasil;Presidente;Lula vs Eduardo Bolsonaro
29/05/2025;01/06/2025;Quaest;2;não sabe / não respondeu;5;2;2004;Presencial;Brasil;Presidente;Lula vs Eduardo Bolsonaro
29/05/2025;01/06/2025;Quaest;2;Lula;43;2;2004;Presencial;Brasil;Presidente;Lula vs Michele Bolsonaro
29/05/2025;01/06/2025;Quaest;2;Michele Bolsonaro;39;2;2004;Presencial;Brasil;Presidente;Lula vs Michele Bolsonaro
29/05/2025;01/06/2025;Quaest;2;branco / nulo;14;2;2004;Presencial;Brasil;Presidente;Lula vs Michele Bolsonaro
29/05/2025;01/06/2025;Quaest;2;não sabe / não respondeu;4;2;2004;Presencial;Brasil;Presidente;Lula vs Michele Bolsonaro
29/05/2025;01/06/2025;Quaest;2;Lula;40;2;2004;Presencial;Brasil;Presidente;Lula vs Ratinho Jr.
29/05/2025;01/06/2025;Quaest;2;Ratinho Jr.;38;2;2004;Presencial;Brasil;Presidente;Lula vs Ratinho Jr.
29/05/2025;01/06/2025;Quaest;2;branco / nulo;17;2;2004;Presencial;Brasil;Presidente;Lula vs Ratinho Jr.
29/05/2025;01/06/2025;Quaest;2;não sabe / não respondeu;5;2;2004;Presencial;Brasil;Presidente;Lula vs Ratinho Jr.
29/05/2025;01/06/2025;Quaest;2;Lula;41;2;2004;Presencial;Brasil;Presidente;Lula vs Tarcísio
29/05/2025;01/06/2025;Quaest;2;Tarcísio;40;2;2004;Presencial;Brasil;Presidente;Lula vs Tarcísio
29/05/2025;01/06/2025;Quaest;2;branco / nulo;14;2;2004;Presencial;Brasil;Presidente;Lula vs Tarcísio
29/05/2025;01/06/2025;Quaest;2;não sabe / não respondeu;5;2;2004;Presencial;Brasil;Presidente;Lula vs Tarcísio
29/05/2025;01/06/2025;Quaest;2;Lula;42;2;2004;Presencial;Brasil;Presidente;Lula vs Zema
29/05/2025;01/06/2025;Quaest;2;Zema;33;2;2004;Presencial;Brasil;Presidente;Lula vs Zema
29/05/2025;01/06/2025;Quaest;2;branco / nulo;19;2;2004;Presencial;Brasil;Presidente;Lula vs Zema
29/05/2025;01/06/2025;Quaest;2;não sabe / não respondeu;6;2;2004;Presencial;Brasil;Presidente;Lula vs Zema
10/06/2025;11/06/2025;Datafolha;1;Lula;37;2;2004;Presencial;Brasil;Presidente;Primeiro turno
10/06/2025;11/06/2025;Datafolha;1;Caiado;6;2;2004;Presencial;Brasil;Presidente;Primeiro turno
10/06/2025;11/06/2025;Datafolha;1;Zema;6;2;2004;Presencial;Brasil;Presidente;Primeiro turno
10/06/2025;11/06/2025;Datafolha;1;branco / nulo;15;2;2004;Presencial;Brasil;Presidente;Primeiro turno
10/06/2025;11/06/2025;Datafolha;1;não sabe / não respondeu;4;2;2004;Presencial;Brasil;Presidente;Primeiro turno
10/06/2025;11/06/2025;Datafolha;1;Ratinho Jr.;11;2;2004;Presencial;Brasil;Presidente;Primeiro turno
10/06/2025;11/06/2025;Datafolha;1;Tarcísio;21;2;2004;Presencial;Brasil;Presidente;Primeiro turno
10/06/2025;11/06/2025;Datafolha;1;Lula;37;2;2004;Presencial;Brasil;Presidente;Primeiro turno
10/06/2025;11/06/2025;Datafolha;1;Caiado;7;2;2004;Presencial;Brasil;Presidente;Primeiro turno
10/06/2025;11/06/2025;Datafolha;1;Zema;6;2;2004;Presencial;Brasil;Presidente;Primeiro turno
10/06/2025;11/06/2025;Datafolha;1;branco / nulo;11;2;2004;Presencial;Brasil;Presidente;Primeiro turno
10/06/2025;11/06/2025;Datafolha;1;não sabe / não respondeu;3;2;2004;Presencial;Brasil;Presidente;Primeiro turno
10/06/2025;11/06/2025;Datafolha;1;Ratinho Jr.;9;2;2004;Presencial;Brasil;Presidente;Primeiro turno
10/06/2025;11/06/2025;Datafolha;1;Michele Bolsonaro;26;2;2004;Presencial;Brasil;Presidente;Primeiro turno
10/06/2025;11/06/2025;Datafolha;1;Lula;36;2;2004;Presencial;Brasil;Presidente;Primeiro turno
10/06/2025;11/06/2025;Datafolha;1;Caiado;5;2;2004;Presencial;Brasil;Presidente;Primeiro turno
10/06/2025;11/06/2025;Datafolha;1;Zema;5;2;2004;Presencial;Brasil;Presidente;Primeiro turno
10/06/2025;11/06/2025;Datafolha;1;branco / nulo;10;2;2004;Presencial;Brasil;Presidente;Primeiro turno
10/06/2025;11/06/2025;Datafolha;1;não sabe / não respondeu;2;2;2004;Presencial;Brasil;Presidente;Primeiro turno
10/06/2025;11/06/2025;Datafolha;1;Ratinho Jr.;7;2;2004;Presencial;Brasil;Presidente;Primeiro turno
10/06/2025;11/06/2025;Datafolha;1;Bolsonaro;35;2;2004;Presencial;Brasil;Presidente;Primeiro turno
10/06/2025;11/06/2025;Datafolha;1;Lula;37;2;2004;Presencial;Brasil;Presidente;Primeiro turno
10/06/2025;11/06/2025;Datafolha;1;Caiado;7;2;2004;Presencial;Brasil;Presidente;Primeiro turno
10/06/2025;11/06/2025;Datafolha;1;Zema;8;2;2004;Presencial;Brasil;Presidente;Primeiro turno
10/06/2025;11/06/2025;Datafolha;1;branco / nulo;14;2;2004;Presencial;Brasil;Presidente;Primeiro turno
10/06/2025;11/06/2025;Datafolha;1;não sabe / não respondeu;3;2;2004;Presencial;Brasil;Presidente;Primeiro turno
10/06/2025;11/06/2025;Datafolha;1;Ratinho Jr.;11;2;2004;Presencial;Brasil;Presidente;Primeiro turno
10/06/2025;11/06/2025;Datafolha;2;Lula;44;2;2004;Presencial;Brasil;Presidente;Lula vs Bolsonaro
10/06/2025;11/06/2025;Datafolha;2;Bolsonaro;45;2;2004;Presencial;Brasil;Presidente;Lula vs Bolsonaro
10/06/2025;11/06/2025;Datafolha;2;branco / nulo;10;2;2004;Presencial;Brasil;Presidente;Lula vs Bolsonaro
10/06/2025;11/06/2025;Datafolha;2;não sabe / não respondeu;1;2;2004;Presencial;Brasil;Presidente;Lula vs Bolsonaro
10/06/2025;11/06/2025;Datafolha;2;Lula;46;2;2004;Presencial;Brasil;Presidente;Lula vs Eduardo Bolsonaro
10/06/2025;11/06/2025;Datafolha;2;Eduardo Bolsonaro;38;2;2004;Presencial;Brasil;Presidente;Lula vs Eduardo Bolsonaro
10/06/2025;11/06/2025;Datafolha;2;branco / nulo;14;2;2004;Presencial;Brasil;Presidente;Lula vs Eduardo Bolsonaro
10/06/2025;11/06/2025;Datafolha;2;não sabe / não respondeu;1;2;2004;Presencial;Brasil;Presidente;Lula vs Eduardo Bolsonaro
10/06/2025;11/06/2025;Datafolha;2;Lula;47;2;2004;Presencial;Brasil;Presidente;Lula vs Flávio
10/06/2025;11/06/2025;Datafolha;2;Flávio;38;2;2004;Presencial;Brasil;Presidente;Lula vs Flávio
10/06/2025;11/06/2025;Datafolha;2;branco / nulo;14;2;2004;Presencial;Brasil;Presidente;Lula vs Flávio
10/06/2025;11/06/2025;Datafolha;2;não sabe / não respondeu;1;2;2004;Presencial;Brasil;Presidente;Lula vs Flávio
10/06/2025;11/06/2025;Datafolha;2;Lula;46;2;2004;Presencial;Brasil;Presidente;Lula vs Michele Bolsonaro
10/06/2025;11/06/2025;Datafolha;2;Michele Bolsonaro;42;2;2004;Presencial;Brasil;Presidente;Lula vs Michele Bolsonaro
10/06/2025;11/06/2025;Datafolha;2;branco / nulo;11;2;2004;Presencial;Brasil;Presidente;Lula vs Michele Bolsonaro
10/06/2025;11/06/2025;Datafolha;2;não sabe / não respondeu;1;2;2004;Presencial;Brasil;Presidente;Lula vs Michele Bolsonaro
10/06/2025;11/06/2025;Datafolha;2;Lula;43;2;2004;Presencial;Brasil;Presidente;Lula vs Tarcísio
10/06/2025;11/06/2025;Datafolha;2;Tarcísio;42;2;2004;Presencial;Brasil;Presidente;Lula vs Tarcísio
10/06/2025;11/06/2025;Datafolha;2;branco / nulo;13;2;2004;Presencial;Brasil;Presidente;Lula vs Tarcísio
10/06/2025;11/06/2025;Datafolha;2;não sabe / não respondeu;2;2;2004;Presencial;Brasil;Presidente;Lula vs Tarcísio
07/06/2025;11/06/2025;MDA;1;Lula;31;2,2;2002;Presencial;Brasil;Presidente;Primeiro turno
07/06/2025;11/06/2025;MDA;1;Caiado;3;2,2;2002;Presencial;Brasil;Presidente;Primeiro turno
07/06/2025;11/06/2025;MDA;1;Zema;3;2,2;2002;Presencial;Brasil;Presidente;Primeiro turno
07/06/2025;11/06/2025;MDA;1;branco / nulo;11;2,2;2002;Presencial;Brasil;Presidente;Primeiro turno
07/06/2025;11/06/2025;MDA;1;não sabe / não respondeu;5;2,2;2002;Presencial;Brasil;Presidente;Primeiro turno
07/06/2025;11/06/2025;MDA;1;Ratinho Jr.;5;2,2;2002;Presencial;Brasil;Presidente;Primeiro turno
07/06/2025;11/06/2025;MDA;1;Bolsonaro;32;2,2;2002;Presencial;Brasil;Presidente;Primeiro turno
07/06/2025;11/06/2025;MDA;1;Ciro;10;2,2;2002;Presencial;Brasil;Presidente;Primeiro turno
07/06/2025;11/06/2025;MDA;1;Lula;41;2,2;2002;Presencial;Brasil;Presidente;Primeiro turno
07/06/2025;11/06/2025;MDA;1;branco / nulo;12;2,2;2002;Presencial;Brasil;Presidente;Primeiro turno
07/06/2025;11/06/2025;MDA;1;não sabe / não respondeu;3;2,2;2002;Presencial;Brasil;Presidente;Primeiro turno
07/06/2025;11/06/2025;MDA;1;Bolsonaro;44;2,2;2002;Presencial;Brasil;Presidente;Primeiro turno
07/06/2025;11/06/2025;MDA;1;Lula;32;2,2;2002;Presencial;Brasil;Presidente;Primeiro turno
07/06/2025;11/06/2025;MDA;1;Caiado;6;2,2;2002;Presencial;Brasil;Presidente;Primeiro turno
07/06/2025;11/06/2025;MDA;1;Zema;6;2,2;2002;Presencial;Brasil;Presidente;Primeiro turno
07/06/2025;11/06/2025;MDA;1;branco / nulo;13;2,2;2002;Presencial;Brasil;Presidente;Primeiro turno
07/06/2025;11/06/2025;MDA;1;não sabe / não respondeu;7;2,2;2002;Presencial;Brasil;Presidente;Primeiro turno
07/06/2025;11/06/2025;MDA;1;Ratinho Jr.;9;2,2;2002;Presencial;Brasil;Presidente;Primeiro turno
07/06/2025;11/06/2025;MDA;1;Eduardo Bolsonaro;14;2,2;2002;Presencial;Brasil;Presidente;Primeiro turno
07/06/2025;11/06/2025;MDA;1;Ciro;14;2,2;2002;Presencial;Brasil;Presidente;Primeiro turno
07/06/2025;15/06/2025;MDA;2;Lula;41;2,2;2002;Presencial;Brasil;Presidente;Lula vs Bolsonaro
07/06/2025;15/06/2025;MDA;2;Bolsonaro;44;2,2;2002;Presencial;Brasil;Presidente;Lula vs Bolsonaro
07/06/2025;15/06/2025;MDA;2;branco / nulo;12;2,2;2002;Presencial;Brasil;Presidente;Lula vs Bolsonaro
07/06/2025;15/06/2025;MDA;2;não sabe / não respondeu;3;2,2;2002;Presencial;Brasil;Presidente;Lula vs Bolsonaro
07/06/2025;15/06/2025;MDA;2;Lula;41;2,2;2002;Presencial;Brasil;Presidente;Lula vs Tarcísio
07/06/2025;15/06/2025;MDA;2;Tarcísio;40;2,2;2002;Presencial;Brasil;Presidente;Lula vs Tarcísio
07/06/2025;15/06/2025;MDA;2;branco / nulo;13;2,2;2002;Presencial;Brasil;Presidente;Lula vs Tarcísio
07/06/2025;15/06/2025;MDA;2;não sabe / não respondeu;5;2,2;2002;Presencial;Brasil;Presidente;Lula vs Tarcísio
18/06/2025;22/06/2025;Paraná Pesquisas;2;Lula;41,6;2,2;2020;Presencial;Brasil;Presidente;Lula vs Eduardo Bolsonaro
18/06/2025;22/06/2025;Paraná Pesquisas;2;Eduardo Bolsonaro;39,1;2,2;2020;Presencial;Brasil;Presidente;Lula vs Eduardo Bolsonaro
18/06/2025;22/06/2025;Paraná Pesquisas;2;branco / nulo;12,8;2,2;2020;Presencial;Brasil;Presidente;Lula vs Eduardo Bolsonaro
18/06/2025;22/06/2025;Paraná Pesquisas;2;não sabe / não respondeu;6,5;2,2;2020;Presencial;Brasil;Presidente;Lula vs Eduardo Bolsonaro
18/06/2025;22/06/2025;Paraná Pesquisas;2;Lula;40,6;2,2;2020;Presencial;Brasil;Presidente;Lula vs Michele Bolsonaro
18/06/2025;22/06/2025;Paraná Pesquisas;2;Michele Bolsonaro;44,4;2,2;2020;Presencial;Brasil;Presidente;Lula vs Michele Bolsonaro
18/06/2025;22/06/2025;Paraná Pesquisas;2;branco / nulo;9,2;2,2;2020;Presencial;Brasil;Presidente;Lula vs Michele Bolsonaro
18/06/2025;22/06/2025;Paraná Pesquisas;2;não sabe / não respondeu;5,8;2,2;2020;Presencial;Brasil;Presidente;Lula vs Michele Bolsonaro
18/06/2025;23/06/2025;Paraná Pesquisas;2;Lula;40;2,2;2020;Presencial;Brasil;Presidente;Lula vs Bolsonaro
18/06/2025;23/06/2025;Paraná Pesquisas;2;Bolsonaro;47;2,2;2020;Presencial;Brasil;Presidente;Lula vs Bolsonaro
18/06/2025;23/06/2025;Paraná Pesquisas;2;branco / nulo;8;2,2;2020;Presencial;Brasil;Presidente;Lula vs Bolsonaro
18/06/2025;23/06/2025;Paraná Pesquisas;2;não sabe / não respondeu;6;2,2;2020;Presencial;Brasil;Presidente;Lula vs Bolsonaro
18/06/2025;23/06/2025;Paraná Pesquisas;2;Lula;40;2,2;2020;Presencial;Brasil;Presidente;Lula vs Tarcísio
18/06/2025;23/06/2025;Paraná Pesquisas;2;Tarcísio;44;2,2;2020;Presencial;Brasil;Presidente;Lula vs Tarcísio
18/06/2025;23/06/2025;Paraná Pesquisas;2;branco / nulo;10;2,2;2020;Presencial;Brasil;Presidente;Lula vs Tarcísio
18/06/2025;23/06/2025;Paraná Pesquisas;2;não sabe / não respondeu;6;2,2;2020;Presencial;Brasil;Presidente;Lula vs Tarcísio
27/06/2025;30/06/2025;Atlas;1;Lula;44,6;2;2621;Online;Brasil;Presidente;Primeiro turno
27/06/2025;30/06/2025;Atlas;1;Caiado;1,7;2;2621;Online;Brasil;Presidente;Primeiro turno
27/06/2025;30/06/2025;Atlas;1;Outros;15,1;2;2621;Online;Brasil;Presidente;Primeiro turno
27/06/2025;30/06/2025;Atlas;1;branco / nulo;4,6;2;2621;Online;Brasil;Presidente;Primeiro turno
27/06/2025;30/06/2025;Atlas;1;Tarcísio;34;2;2621;Online;Brasil;Presidente;Primeiro turno
27/06/2025;30/06/2025;Atlas;1;Lula;44,4;2;2621;Online;Brasil;Presidente;Primeiro turno
27/06/2025;30/06/2025;Atlas;1;Outros;7,6;2;2621;Online;Brasil;Presidente;Primeiro turno
27/06/2025;30/06/2025;Atlas;1;branco / nulo;2;2;2621;Online;Brasil;Presidente;Primeiro turno
27/06/2025;30/06/2025;Atlas;1;Bolsonaro;46;2;2621;Online;Brasil;Presidente;Primeiro turno
27/06/2025;30/06/2025;Atlas;1;Lula;44,6;2;2621;Online;Brasil;Presidente;Primeiro turno
27/06/2025;30/06/2025;Atlas;1;Caiado;1,7;2;2621;Online;Brasil;Presidente;Primeiro turno
27/06/2025;30/06/2025;Atlas;1;Zema;4,4;2;2621;Online;Brasil;Presidente;Primeiro turno
27/06/2025;30/06/2025;Atlas;1;branco / nulo;4,6;2;2621;Online;Brasil;Presidente;Primeiro turno
27/06/2025;30/06/2025;Atlas;1;Ratinho Jr.;2,5;2;2621;Online;Brasil;Presidente;Primeiro turno
27/06/2025;30/06/2025;Atlas;1;Tarcísio;34;2;2621;Online;Brasil;Presidente;Primeiro turno
27/06/2025;30/06/2025;Atlas;1;Eduardo Leite;1;2;2621;Online;Brasil;Presidente;Primeiro turno
27/06/2025;30/06/2025;Atlas;1;Ciro;3,5;2;2621;Online;Brasil;Presidente;Primeiro turno
27/06/2025;30/06/2025;Atlas;1;Lula;45;2;2621;Online;Brasil;Presidente;Primeiro turno
27/06/2025;30/06/2025;Atlas;1;Caiado;4;2;2621;Online;Brasil;Presidente;Primeiro turno
27/06/2025;30/06/2025;Atlas;1;Zema;7,2;2;2621;Online;Brasil;Presidente;Primeiro turno
27/06/2025;30/06/2025;Atlas;1;branco / nulo;2,6;2;2621;Online;Brasil;Presidente;Primeiro turno
27/06/2025;30/06/2025;Atlas;1;Ratinho Jr.;4,8;2;2621;Online;Brasil;Presidente;Primeiro turno
27/06/2025;30/06/2025;Atlas;1;Michele Bolsonaro;30,4;2;2621;Online;Brasil;Presidente;Primeiro turno
27/06/2025;30/06/2025;Atlas;1;Eduardo Leite;0,9;2;2621;Online;Brasil;Presidente;Primeiro turno
27/06/2025;30/06/2025;Atlas;1;Ciro;3,9;2;2621;Online;Brasil;Presidente;Primeiro turno
27/06/2025;30/06/2025;Atlas;2;Lula;48;2;2621;Online;Brasil;Presidente;Lula vs Bolsonaro
27/06/2025;30/06/2025;Atlas;2;Bolsonaro;49;2;2621;Online;Brasil;Presidente;Lula vs Bolsonaro
27/06/2025;30/06/2025;Atlas;2;branco / nulo;4;2;2621;Online;Brasil;Presidente;Lula vs Bolsonaro
27/06/2025;30/06/2025;Atlas;2;não sabe / não respondeu;0;2;2621;Online;Brasil;Presidente;Lula vs Bolsonaro
27/06/2025;30/06/2025;Atlas;2;Lula;47,8;2;2621;Online;Brasil;Presidente;Lula vs Caiado
27/06/2025;30/06/2025;Atlas;2;Caiado;35,3;2;2621;Online;Brasil;Presidente;Lula vs Caiado
27/06/2025;30/06/2025;Atlas;2;branco / nulo;17;2;2621;Online;Brasil;Presidente;Lula vs Caiado
27/06/2025;30/06/2025;Atlas;2;Lula;47;2;2621;Online;Brasil;Presidente;Lula vs Eduardo Leite
27/06/2025;30/06/2025;Atlas;2;Eduardo Leite;23,9;2;2621;Online;Brasil;Presidente;Lula vs Eduardo Leite
27/06/2025;30/06/2025;Atlas;2;branco / nulo;29;2;2621;Online;Brasil;Presidente;Lula vs Eduardo Leite
27/06/2025;30/06/2025;Atlas;2;Lula;48;2;2621;Online;Brasil;Presidente;Lula vs Michele Bolsonaro
27/06/2025;30/06/2025;Atlas;2;Michele Bolsonaro;47,5;2;2621;Online;Brasil;Presidente;Lula vs Michele Bolsonaro
27/06/2025;30/06/2025;Atlas;2;branco / nulo;4,5;2;2621;Online;Brasil;Presidente;Lula vs Michele Bolsonaro
27/06/2025;30/06/2025;Atlas;2;Lula;47,3;2;2621;Online;Brasil;Presidente;Lula vs Ratinho Jr.
27/06/2025;30/06/2025;Atlas;2;Ratinho Jr.;39;2;2621;Online;Brasil;Presidente;Lula vs Ratinho Jr.
27/06/2025;30/06/2025;Atlas;2;branco / nulo;13,7;2;2621;Online;Brasil;Presidente;Lula vs Ratinho Jr.
27/06/2025;30/06/2025;Atlas;2;Lula;48;2;2621;Online;Brasil;Presidente;Lula vs Tarcísio
27/06/2025;30/06/2025;Atlas;2;Tarcísio;47;2;2621;Online;Brasil;Presidente;Lula vs Tarcísio
27/06/2025;30/06/2025;Atlas;2;branco / nulo;6;2;2621;Online;Brasil;Presidente;Lula vs Tarcísio
27/06/2025;30/06/2025;Atlas;2;não sabe / não respondeu;0;2;2621;Online;Brasil;Presidente;Lula vs Tarcísio
27/06/2025;30/06/2025;Atlas;2;Lula;48;2;2621;Online;Brasil;Presidente;Lula vs Zema
27/06/2025;30/06/2025;Atlas;2;Zema;38,6;2;2621;Online;Brasil;Presidente;Lula vs Zema
27/06/2025;30/06/2025;Atlas;2;branco / nulo;13,5;2;2621;Online;Brasil;Presidente;Lula vs Zema
10/07/2025;14/07/2025;Quaest;2;Lula;43;2;2004;Presencial;Brasil;Presidente;Lula vs Bolsonaro
10/07/2025;14/07/2025;Quaest;2;Bolsonaro;37;2;2004;Presencial;Brasil;Presidente;Lula vs Bolsonaro
10/07/2025;14/07/2025;Quaest;2;branco / nulo;20;2;2004;Presencial;Brasil;Presidente;Lula vs Bolsonaro
10/07/2025;14/07/2025;Quaest;2;não sabe / não respondeu;0;2;2004;Presencial;Brasil;Presidente;Lula vs Bolsonaro
10/07/2025;14/07/2025;Quaest;2;Lula;42;2;2004;Presencial;Brasil;Presidente;Lula vs Caiado
10/07/2025;14/07/2025;Quaest;2;Caiado;33;2;2004;Presencial;Brasil;Presidente;Lula vs Caiado
10/07/2025;14/07/2025;Quaest;2;branco / nulo;18;2;2004;Presencial;Brasil;Presidente;Lula vs Caiado
10/07/2025;14/07/2025;Quaest;2;não sabe / não respondeu;7;2;2004;Presencial;Brasil;Presidente;Lula vs Caiado
10/07/2025;14/07/2025;Quaest;2;Lula;43;2;2004;Presencial;Brasil;Presidente;Lula vs Eduardo Bolsonaro
10/07/2025;14/07/2025;Quaest;2;Eduardo Bolsonaro;33;2;2004;Presencial;Brasil;Presidente;Lula vs Eduardo Bolsonaro
10/07/2025;14/07/2025;Quaest;2;branco / nulo;19;2;2004;Presencial;Brasil;Presidente;Lula vs Eduardo Bolsonaro
10/07/2025;14/07/2025;Quaest;2;não sabe / não respondeu;5;2;2004;Presencial;Brasil;Presidente;Lula vs Eduardo Bolsonaro
10/07/2025;14/07/2025;Quaest;2;Lula;41;2;2004;Presencial;Brasil;Presidente;Lula vs Eduardo Leite
10/07/2025;14/07/2025;Quaest;2;Eduardo Leite;36;2;2004;Presencial;Brasil;Presidente;Lula vs Eduardo Leite
10/07/2025;14/07/2025;Quaest;2;branco / nulo;16;2;2004;Presencial;Brasil;Presidente;Lula vs Eduardo Leite
10/07/2025;14/07/2025;Quaest;2;não sabe / não respondeu;7;2;2004;Presencial;Brasil;Presidente;Lula vs Eduardo Leite
10/07/2025;14/07/2025;Quaest;2;Lula;43;2;2004;Presencial;Brasil;Presidente;Lula vs Michele Bolsonaro
10/07/2025;14/07/2025;Quaest;2;Michele Bolsonaro;36;2;2004;Presencial;Brasil;Presidente;Lula vs Michele Bolsonaro
10/07/2025;14/07/2025;Quaest;2;branco / nulo;16;2;2004;Presencial;Brasil;Presidente;Lula vs Michele Bolsonaro
10/07/2025;14/07/2025;Quaest;2;não sabe / não respondeu;5;2;2004;Presencial;Brasil;Presidente;Lula vs Michele Bolsonaro
10/07/2025;14/07/2025;Quaest;2;Lula;41;2;2004;Presencial;Brasil;Presidente;Lula vs Ratinho Jr.
10/07/2025;14/07/2025;Quaest;2;Ratinho Jr.;36;2;2004;Presencial;Brasil;Presidente;Lula vs Ratinho Jr.
10/07/2025;14/07/2025;Quaest;2;branco / nulo;17;2;2004;Presencial;Brasil;Presidente;Lula vs Ratinho Jr.
10/07/2025;14/07/2025;Quaest;2;não sabe / não respondeu;6;2;2004;Presencial;Brasil;Presidente;Lula vs Ratinho Jr.
10/07/2025;14/07/2025;Quaest;2;Lula;41;2;2004;Presencial;Brasil;Presidente;Lula vs Tarcísio
10/07/2025;14/07/2025;Quaest;2;Tarcísio;37;2;2004;Presencial;Brasil;Presidente;Lula vs Tarcísio
10/07/2025;14/07/2025;Quaest;2;branco / nulo;15;2;2004;Presencial;Brasil;Presidente;Lula vs Tarcísio
10/07/2025;14/07/2025;Quaest;2;não sabe / não respondeu;7;2;2004;Presencial;Brasil;Presidente;Lula vs Tarcísio
10/07/2025;14/07/2025;Quaest;2;Lula;42;2;2004;Presencial;Brasil;Presidente;Lula vs Zema
10/07/2025;14/07/2025;Quaest;2;Zema;33;2;2004;Presencial;Brasil;Presidente;Lula vs Zema
10/07/2025;14/07/2025;Quaest;2;branco / nulo;18;2;2004;Presencial;Brasil;Presidente;Lula vs Zema
10/07/2025;14/07/2025;Quaest;2;não sabe / não respondeu;7;2;2004;Presencial;Brasil;Presidente;Lula vs Zema
25/07/2025;28/07/2025;Atlas;1;Lula;48,5;1;7334;Online;Brasil;Presidente;Primeiro turno
25/07/2025;28/07/2025;Atlas;1;Caiado;3;1;7334;Online;Brasil;Presidente;Primeiro turno
25/07/2025;28/07/2025;Atlas;1;Outros;12,7;1;7334;Online;Brasil;Presidente;Primeiro turno
25/07/2025;28/07/2025;Atlas;1;branco / nulo;2,8;1;7334;Online;Brasil;Presidente;Primeiro turno
25/07/2025;28/07/2025;Atlas;1;Tarcísio;33;1;7334;Online;Brasil;Presidente;Primeiro turno
25/07/2025;28/07/2025;Atlas;1;Lula;47,8;1;7334;Online;Brasil;Presidente;Primeiro turno
25/07/2025;28/07/2025;Atlas;1;Outros;6,1;1;7334;Online;Brasil;Presidente;Primeiro turno
25/07/2025;28/07/2025;Atlas;1;branco / nulo;1,8;1;7334;Online;Brasil;Presidente;Primeiro turno
25/07/2025;28/07/2025;Atlas;1;Bolsonaro;44,2;1;7334;Online;Brasil;Presidente;Primeiro turno
25/07/2025;28/07/2025;Atlas;2;Lula;50;1;7334;Online;Brasil;Presidente;Lula vs Tarcísio
25/07/2025;28/07/2025;Atlas;2;Tarcísio;47;1;7334;Online;Brasil;Presidente;Lula vs Tarcísio
25/07/2025;28/07/2025;Atlas;2;branco / nulo;3;1;7334;Online;Brasil;Presidente;Lula vs Tarcísio
25/07/2025;28/07/2025;Atlas;2;não sabe / não respondeu;0;1;7334;Online;Brasil;Presidente;Lula vs Tarcísio
29/07/2025;30/07/2025;Datafolha;1;Lula;38;2;2004;Presencial;Brasil;Presidente;Primeiro turno
29/07/2025;30/07/2025;Datafolha;1;Caiado;7;2;2004;Presencial;Brasil;Presidente;Primeiro turno
29/07/2025;30/07/2025;Datafolha;1;Zema;6;2;2004;Presencial;Brasil;Presidente;Primeiro turno
29/07/2025;30/07/2025;Datafolha;1;branco / nulo;14;2;2004;Presencial;Brasil;Presidente;Primeiro turno
29/07/2025;30/07/2025;Datafolha;1;não sabe / não respondeu;3;2;2004;Presencial;Brasil;Presidente;Primeiro turno
29/07/2025;30/07/2025;Datafolha;1;Ratinho Jr.;12;2;2004;Presencial;Brasil;Presidente;Primeiro turno
29/07/2025;30/07/2025;Datafolha;1;Tarcísio;21;2;2004;Presencial;Brasil;Presidente;Primeiro turno
29/07/2025;30/07/2025;Datafolha;1;Lula;39;2;2004;Presencial;Brasil;Presidente;Primeiro turno
29/07/2025;30/07/2025;Datafolha;1;Caiado;7;2;2004;Presencial;Brasil;Presidente;Primeiro turno
29/07/2025;30/07/2025;Datafolha;1;Zema;6;2;2004;Presencial;Brasil;Presidente;Primeiro turno
29/07/2025;30/07/2025;Datafolha;1;branco / nulo;11;2;2004;Presencial;Brasil;Presidente;Primeiro turno
29/07/2025;30/07/2025;Datafolha;1;não sabe / não respondeu;3;2;2004;Presencial;Brasil;Presidente;Primeiro turno
29/07/2025;30/07/2025;Datafolha;1;Ratinho Jr.;10;2;2004;Presencial;Brasil;Presidente;Primeiro turno
29/07/2025;30/07/2025;Datafolha;1;Michele Bolsonaro;24;2;2004;Presencial;Brasil;Presidente;Primeiro turno
29/07/2025;30/07/2025;Datafolha;1;Lula;39;2;2004;Presencial;Brasil;Presidente;Primeiro turno
29/07/2025;30/07/2025;Datafolha;1;Caiado;5;2;2004;Presencial;Brasil;Presidente;Primeiro turno
29/07/2025;30/07/2025;Datafolha;1;Zema;4;2;2004;Presencial;Brasil;Presidente;Primeiro turno
29/07/2025;30/07/2025;Datafolha;1;branco / nulo;9;2;2004;Presencial;Brasil;Presidente;Primeiro turno
29/07/2025;30/07/2025;Datafolha;1;não sabe / não respondeu;2;2;2004;Presencial;Brasil;Presidente;Primeiro turno
29/07/2025;30/07/2025;Datafolha;1;Ratinho Jr.;7;2;2004;Presencial;Brasil;Presidente;Primeiro turno
29/07/2025;30/07/2025;Datafolha;1;Bolsonaro;33;2;2004;Presencial;Brasil;Presidente;Primeiro turno
29/07/2025;30/07/2025;Datafolha;1;Lula;39;2;2004;Presencial;Brasil;Presidente;Primeiro turno
29/07/2025;30/07/2025;Datafolha;1;Caiado;8;2;2004;Presencial;Brasil;Presidente;Primeiro turno
29/07/2025;30/07/2025;Datafolha;1;Zema;7;2;2004;Presencial;Brasil;Presidente;Primeiro turno
29/07/2025;30/07/2025;Datafolha;1;branco / nulo;13;2;2004;Presencial;Brasil;Presidente;Primeiro turno
29/07/2025;30/07/2025;Datafolha;1;não sabe / não respondeu;2;2;2004;Presencial;Brasil;Presidente;Primeiro turno
29/07/2025;30/07/2025;Datafolha;1;Ratinho Jr.;11;2;2004;Presencial;Brasil;Presidente;Primeiro turno
29/07/2025;30/07/2025;Datafolha;1;Lula;40;2;2004;Presencial;Brasil;Presidente;Primeiro turno
29/07/2025;30/07/2025;Datafolha;1;Flávio;18;2;2004;Presencial;Brasil;Presidente;Primeiro turno
29/07/2025;30/07/2025;Datafolha;1;Caiado;8;2;2004;Presencial;Brasil;Presidente;Primeiro turno
29/07/2025;30/07/2025;Datafolha;1;Zema;7;2;2004;Presencial;Brasil;Presidente;Primeiro turno
29/07/2025;30/07/2025;Datafolha;1;branco / nulo;13;2;2004;Presencial;Brasil;Presidente;Primeiro turno
29/07/2025;30/07/2025;Datafolha;1;não sabe / não respondeu;3;2;2004;Presencial;Brasil;Presidente;Primeiro turno
29/07/2025;30/07/2025;Datafolha;1;Ratinho Jr.;11;2;2004;Presencial;Brasil;Presidente;Primeiro turno
29/07/2025;30/07/2025;Datafolha;1;Caiado;7;2;2004;Presencial;Brasil;Presidente;Primeiro turno
29/07/2025;30/07/2025;Datafolha;1;Zema;7;2;2004;Presencial;Brasil;Presidente;Primeiro turno
29/07/2025;30/07/2025;Datafolha;1;branco / nulo;21;2;2004;Presencial;Brasil;Presidente;Primeiro turno
29/07/2025;30/07/2025;Datafolha;1;não sabe / não respondeu;5;2;2004;Presencial;Brasil;Presidente;Primeiro turno
29/07/2025;30/07/2025;Datafolha;1;Ratinho Jr.;14;2;2004;Presencial;Brasil;Presidente;Primeiro turno
29/07/2025;30/07/2025;Datafolha;1;Tarcísio;23;2;2004;Presencial;Brasil;Presidente;Primeiro turno
29/07/2025;30/07/2025;Datafolha;1;Haddad;23;2;2004;Presencial;Brasil;Presidente;Primeiro turno
29/07/2025;30/07/2025;Datafolha;1;Caiado;7;2;2004;Presencial;Brasil;Presidente;Primeiro turno
29/07/2025;30/07/2025;Datafolha;1;Zema;7;2;2004;Presencial;Brasil;Presidente;Primeiro turno
29/07/2025;30/07/2025;Datafolha;1;branco / nulo;21;2;2004;Presencial;Brasil;Presidente;Primeiro turno
29/07/2025;30/07/2025;Datafolha;1;não sabe / não respondeu;5;2;2004;Presencial;Brasil;Presidente;Primeiro turno
29/07/2025;30/07/2025;Datafolha;1;Ratinho Jr.;14;2;2004;Presencial;Brasil;Presidente;Primeiro turno
29/07/2025;30/07/2025;Datafolha;1;Tarcísio;22;2;2004;Presencial;Brasil;Presidente;Primeiro turno
29/07/2025;30/07/2025;Datafolha;1;Geraldo Alckmin;24;2;2004;Presencial;Brasil;Presidente;Primeiro turno
29/07/2025;30/07/2025;Datafolha;2;Lula;47;2;2004;Presencial;Brasil;Presidente;Lula vs Bolsonaro
29/07/2025;30/07/2025;Datafolha;2;Bolsonaro;43;2;2004;Presencial;Brasil;Presidente;Lula vs Bolsonaro
29/07/2025;30/07/2025;Datafolha;2;branco / nulo;10;2;2004;Presencial;Brasil;Presidente;Lula vs Bolsonaro
29/07/2025;30/07/2025;Datafolha;2;não sabe / não respondeu;1;2;2004;Presencial;Brasil;Presidente;Lula vs Bolsonaro
29/07/2025;30/07/2025;Datafolha;2;Lula;47;2;2004;Presencial;Brasil;Presidente;Lula vs Caiado
29/07/2025;30/07/2025;Datafolha;2;Caiado;35;2;2004;Presencial;Brasil;Presidente;Lula vs Caiado
29/07/2025;30/07/2025;Datafolha;2;branco / nulo;17;2;2004;Presencial;Brasil;Presidente;Lula vs Caiado
29/07/2025;30/07/2025;Datafolha;2;não sabe / não respondeu;2;2;2004;Presencial;Brasil;Presidente;Lula vs Caiado
29/07/2025;30/07/2025;Datafolha;2;Lula;49;2;2004;Presencial;Brasil;Presidente;Lula vs Eduardo Bolsonaro
29/07/2025;30/07/2025;Datafolha;2;Eduardo Bolsonaro;37;2;2004;Presencial;Brasil;Presidente;Lula vs Eduardo Bolsonaro
29/07/2025;30/07/2025;Datafolha;2;branco / nulo;13;2;2004;Presencial;Brasil;Presidente;Lula vs Eduardo Bolsonaro
29/07/2025;30/07/2025;Datafolha;2;não sabe / não respondeu;1;2;2004;Presencial;Brasil;Presidente;Lula vs Eduardo Bolsonaro
29/07/2025;30/07/2025;Datafolha;2;Lula;48;2;2004;Presencial;Brasil;Presidente;Lula vs Flávio
29/07/2025;30/07/2025;Datafolha;2;Flávio;37;2;2004;Presencial;Brasil;Presidente;Lula vs Flávio
29/07/2025;30/07/2025;Datafolha;2;branco / nulo;13;2;2004;Presencial;Brasil;Presidente;Lula vs Flávio
29/07/2025;30/07/2025;Datafolha;2;não sabe / não respondeu;1;2;2004;Presencial;Brasil;Presidente;Lula vs Flávio
29/07/2025;30/07/2025;Datafolha;2;Lula;48;2;2004;Presencial;Brasil;Presidente;Lula vs Michele Bolsonaro
29/07/2025;30/07/2025;Datafolha;2;Michele Bolsonaro;40;2;2004;Presencial;Brasil;Presidente;Lula vs Michele Bolsonaro
29/07/2025;30/07/2025;Datafolha;2;branco / nulo;11;2;2004;Presencial;Brasil;Presidente;Lula vs Michele Bolsonaro
29/07/2025;30/07/2025;Datafolha;2;não sabe / não respondeu;1;2;2004;Presencial;Brasil;Presidente;Lula vs Michele Bolsonaro
29/07/2025;30/07/2025;Datafolha;2;Lula;45;2;2004;Presencial;Brasil;Presidente;Lula vs Ratinho Jr.
29/07/2025;30/07/2025;Datafolha;2;Ratinho Jr.;40;2;2004;Presencial;Brasil;Presidente;Lula vs Ratinho Jr.
29/07/2025;30/07/2025;Datafolha;2;branco / nulo;14;2;2004;Presencial;Brasil;Presidente;Lula vs Ratinho Jr.
29/07/2025;30/07/2025;Datafolha;2;não sabe / não respondeu;1;2;2004;Presencial;Brasil;Presidente;Lula vs Ratinho Jr.
29/07/2025;30/07/2025;Datafolha;2;Lula;45;2;2004;Presencial;Brasil;Presidente;Lula vs Tarcísio
29/07/2025;30/07/2025;Datafolha;2;Tarcísio;41;2;2004;Presencial;Brasil;Presidente;Lula vs Tarcísio
29/07/2025;30/07/2025;Datafolha;2;branco / nulo;12;2;2004;Presencial;Brasil;Presidente;Lula vs Tarcísio
29/07/2025;30/07/2025;Datafolha;2;não sabe / não respondeu;2;2;2004;Presencial;Brasil;Presidente;Lula vs Tarcísio
29/07/2025;30/07/2025;Datafolha;2;Lula;46;2;2004;Presencial;Brasil;Presidente;Lula vs Zema
29/07/2025;30/07/2025;Datafolha;2;Zema;36;2;2004;Presencial;Brasil;Presidente;Lula vs Zema
29/07/2025;30/07/2025;Datafolha;2;branco / nulo;16;2;2004;Presencial;Brasil;Presidente;Lula vs Zema
29/07/2025;30/07/2025;Datafolha;2;não sabe / não respondeu;2;2;2004;Presencial;Brasil;Presidente;Lula vs Zema
13/08/2025;17/08/2025;Quaest;2;Lula;47;2;2004;Presencial;Brasil;Presidente;Lula vs Bolsonaro
13/08/2025;17/08/2025;Quaest;2;Bolsonaro;35;2;2004;Presencial;Brasil;Presidente;Lula vs Bolsonaro
13/08/2025;17/08/2025;Quaest;2;branco / nulo;18;2;2004;Presencial;Brasil;Presidente;Lula vs Bolsonaro
13/08/2025;17/08/2025;Quaest;2;não sabe / não respondeu;0;2;2004;Presencial;Brasil;Presidente;Lula vs Bolsonaro
13/08/2025;17/08/2025;Quaest;2;Lula;47;2;12150;Presencial;Brasil;Presidente;Lula vs Caiado
13/08/2025;17/08/2025;Quaest;2;Caiado;31;2;12150;Presencial;Brasil;Presidente;Lula vs Caiado
13/08/2025;17/08/2025;Quaest;2;branco / nulo;18;2;12150;Presencial;Brasil;Presidente;Lula vs Caiado
13/08/2025;17/08/2025;Quaest;2;não sabe / não respondeu;4;2;12150;Presencial;Brasil;Presidente;Lula vs Caiado
13/08/2025;17/08/2025;Quaest;2;Lula;47;2;12150;Presencial;Brasil;Presidente;Lula vs Eduardo Bolsonaro
13/08/2025;17/08/2025;Quaest;2;Eduardo Bolsonaro;32;2;12150;Presencial;Brasil;Presidente;Lula vs Eduardo Bolsonaro
13/08/2025;17/08/2025;Quaest;2;branco / nulo;18;2;12150;Presencial;Brasil;Presidente;Lula vs Eduardo Bolsonaro
13/08/2025;17/08/2025;Quaest;2;não sabe / não respondeu;3;2;12150;Presencial;Brasil;Presidente;Lula vs Eduardo Bolsonaro
13/08/2025;17/08/2025;Quaest;2;Lula;46;2;12150;Presencial;Brasil;Presidente;Lula vs Eduardo Leite
13/08/2025;17/08/2025;Quaest;2;Eduardo Leite;30;2;12150;Presencial;Brasil;Presidente;Lula vs Eduardo Leite
13/08/2025;17/08/2025;Quaest;2;branco / nulo;20;2;12150;Presencial;Brasil;Presidente;Lula vs Eduardo Leite
13/08/2025;17/08/2025;Quaest;2;não sabe / não respondeu;4;2;12150;Presencial;Brasil;Presidente;Lula vs Eduardo Leite
13/08/2025;17/08/2025;Quaest;2;Lula;47;2;12150;Presencial;Brasil;Presidente;Lula vs Michele Bolsonaro
13/08/2025;17/08/2025;Quaest;2;Michele Bolsonaro;34;2;12150;Presencial;Brasil;Presidente;Lula vs Michele Bolsonaro
13/08/2025;17/08/2025;Quaest;2;branco / nulo;16;2;12150;Presencial;Brasil;Presidente;Lula vs Michele Bolsonaro
13/08/2025;17/08/2025;Quaest;2;não sabe / não respondeu;3;2;12150;Presencial;Brasil;Presidente;Lula vs Michele Bolsonaro
13/08/2025;17/08/2025;Quaest;2;Lula;44;2;12150;Presencial;Brasil;Presidente;Lula vs Ratinho Jr.
13/08/2025;17/08/2025;Quaest;2;Ratinho Jr.;34;2;12150;Presencial;Brasil;Presidente;Lula vs Ratinho Jr.
13/08/2025;17/08/2025;Quaest;2;branco / nulo;18;2;12150;Presencial;Brasil;Presidente;Lula vs Ratinho Jr.
13/08/2025;17/08/2025;Quaest;2;não sabe / não respondeu;4;2;12150;Presencial;Brasil;Presidente;Lula vs Ratinho Jr.
13/08/2025;17/08/2025;Quaest;2;Lula;43;2;2004;Presencial;Brasil;Presidente;Lula vs Tarcísio
13/08/2025;17/08/2025;Quaest;2;Tarcísio;35;2;2004;Presencial;Brasil;Presidente;Lula vs Tarcísio
13/08/2025;17/08/2025;Quaest;2;branco / nulo;18;2;2004;Presencial;Brasil;Presidente;Lula vs Tarcísio
13/08/2025;17/08/2025;Quaest;2;não sabe / não respondeu;4;2;2004;Presencial;Brasil;Presidente;Lula vs Tarcísio
13/08/2025;17/08/2025;Quaest;2;Lula;46;2;12150;Presencial;Brasil;Presidente;Lula vs Zema
13/08/2025;17/08/2025;Quaest;2;Zema;32;2;12150;Presencial;Brasil;Presidente;Lula vs Zema
13/08/2025;17/08/2025;Quaest;2;branco / nulo;18;2;12150;Presencial;Brasil;Presidente;Lula vs Zema
13/08/2025;17/08/2025;Quaest;2;não sabe / não respondeu;4;2;12150;Presencial;Brasil;Presidente;Lula vs Zema
17/08/2025;21/08/2025;Paraná Pesquisas;2;Lula;47;2,2;2020;Presencial;Brasil;Presidente;Lula vs Bolsonaro
17/08/2025;21/08/2025;Paraná Pesquisas;2;Bolsonaro;44;2,2;2020;Presencial;Brasil;Presidente;Lula vs Bolsonaro
17/08/2025;21/08/2025;Paraná Pesquisas;2;branco / nulo;9;2,2;2020;Presencial;Brasil;Presidente;Lula vs Bolsonaro
17/08/2025;21/08/2025;Paraná Pesquisas;2;não sabe / não respondeu;5;2,2;2020;Presencial;Brasil;Presidente;Lula vs Bolsonaro
17/08/2025;21/08/2025;Paraná Pesquisas;2;Lula;42,3;2,2;2020;Presencial;Brasil;Presidente;Lula vs Michele Bolsonaro
17/08/2025;21/08/2025;Paraná Pesquisas;2;Michele Bolsonaro;43,4;2,2;2020;Presencial;Brasil;Presidente;Lula vs Michele Bolsonaro
17/08/2025;21/08/2025;Paraná Pesquisas;2;branco / nulo;8,7;2,2;2020;Presencial;Brasil;Presidente;Lula vs Michele Bolsonaro
17/08/2025;21/08/2025;Paraná Pesquisas;2;não sabe / não respondeu;5,6;2,2;2020;Presencial;Brasil;Presidente;Lula vs Michele Bolsonaro
17/08/2025;21/08/2025;Paraná Pesquisas;2;Lula;42;2,2;2020;Presencial;Brasil;Presidente;Lula vs Tarcísio
17/08/2025;21/08/2025;Paraná Pesquisas;2;Tarcísio;42;2,2;2020;Presencial;Brasil;Presidente;Lula vs Tarcísio
17/08/2025;21/08/2025;Paraná Pesquisas;2;branco / nulo;10;2,2;2020;Presencial;Brasil;Presidente;Lula vs Tarcísio
17/08/2025;21/08/2025;Paraná Pesquisas;2;não sabe / não respondeu;6;2,2;2020;Presencial;Brasil;Presidente;Lula vs Tarcísio
20/08/2025;25/08/2025;Atlas;1;Lula;44,1;1;6238;Online;Brasil;Presidente;Primeiro turno
20/08/2025;25/08/2025;Atlas;1;Caiado;3,2;1;6238;Online;Brasil;Presidente;Primeiro turno
20/08/2025;25/08/2025;Atlas;1;Outros;16,7;1;6238;Online;Brasil;Presidente;Primeiro turno
20/08/2025;25/08/2025;Atlas;1;branco / nulo;4,2;1;6238;Online;Brasil;Presidente;Primeiro turno
20/08/2025;25/08/2025;Atlas;1;Tarcísio;31,8;1;6238;Online;Brasil;Presidente;Primeiro turno
20/08/2025;25/08/2025;Atlas;1;Lula;44,6;1;6238;Online;Brasil;Presidente;Primeiro turno
20/08/2025;25/08/2025;Atlas;1;Outros;7,1;1;6238;Online;Brasil;Presidente;Primeiro turno
20/08/2025;25/08/2025;Atlas;1;branco / nulo;2,9;1;6238;Online;Brasil;Presidente;Primeiro turno
20/08/2025;25/08/2025;Atlas;1;Bolsonaro;45,4;1;6238;Online;Brasil;Presidente;Primeiro turno
20/08/2025;25/08/2025;Atlas;1;Lula;44,1;1;6238;Online;Brasil;Presidente;Primeiro turno
20/08/2025;25/08/2025;Atlas;1;Caiado;3,2;1;6238;Online;Brasil;Presidente;Primeiro turno
20/08/2025;25/08/2025;Atlas;1;Zema;4,4;1;6238;Online;Brasil;Presidente;Primeiro turno
20/08/2025;25/08/2025;Atlas;1;branco / nulo;4,2;1;6238;Online;Brasil;Presidente;Primeiro turno
20/08/2025;25/08/2025;Atlas;1;Ratinho Jr.;4;1;6238;Online;Brasil;Presidente;Primeiro turno
20/08/2025;25/08/2025;Atlas;1;Tarcísio;31,8;1;6238;Online;Brasil;Presidente;Primeiro turno
20/08/2025;25/08/2025;Atlas;1;Eduardo Leite;1,4;1;6238;Online;Brasil;Presidente;Primeiro turno
20/08/2025;25/08/2025;Atlas;1;Ciro;3,4;1;6238;Online;Brasil;Presidente;Primeiro turno
20/08/2025;25/08/2025;Atlas;1;Lula;36,2;1;6238;Online;Brasil;Presidente;Primeiro turno
20/08/2025;25/08/2025;Atlas;1;Caiado;3,1;1;6238;Online;Brasil;Presidente;Primeiro turno
20/08/2025;25/08/2025;Atlas;1;Zema;4,1;1;6238;Online;Brasil;Presidente;Primeiro turno
20/08/2025;25/08/2025;Atlas;1;branco / nulo;8,1;1;6238;Online;Brasil;Presidente;Primeiro turno
20/08/2025;25/08/2025;Atlas;1;Ratinho Jr.;4,3;1;6238;Online;Brasil;Presidente;Primeiro turno
20/08/2025;25/08/2025;Atlas;1;Tarcísio;32,2;1;6238;Online;Brasil;Presidente;Primeiro turno
20/08/2025;25/08/2025;Atlas;1;Eduardo Leite;1,5;1;6238;Online;Brasil;Presidente;Primeiro turno
20/08/2025;25/08/2025;Atlas;1;Ciro;7,5;1;6238;Online;Brasil;Presidente;Primeiro turno
20/08/2025;25/08/2025;Atlas;1;Lula;44,22;1;6238;Online;Brasil;Presidente;Primeiro turno
20/08/2025;25/08/2025;Atlas;1;Caiado;4,3;1;6238;Online;Brasil;Presidente;Primeiro turno
20/08/2025;25/08/2025;Atlas;1;Zema;7,1;1;6238;Online;Brasil;Presidente;Primeiro turno
20/08/2025;25/08/2025;Atlas;1;branco / nulo;2,2;1;6238;Online;Brasil;Presidente;Primeiro turno
20/08/2025;25/08/2025;Atlas;1;Ratinho Jr.;5,2;1;6238;Online;Brasil;Presidente;Primeiro turno
20/08/2025;25/08/2025;Atlas;1;Michele Bolsonaro;29,7;1;6238;Online;Brasil;Presidente;Primeiro turno
20/08/2025;25/08/2025;Atlas;1;Eduardo Leite;1,1;1;6238;Online;Brasil;Presidente;Primeiro turno
20/08/2025;25/08/2025;Atlas;1;Ciro;4,5;1;6238;Online;Brasil;Presidente;Primeiro turno
20/08/2025;25/08/2025;Atlas;1;Caiado;3,1;1;6238;Online;Brasil;Presidente;Primeiro turno
20/08/2025;25/08/2025;Atlas;1;Zema;4,1;1;6238;Online;Brasil;Presidente;Primeiro turno
20/08/2025;25/08/2025;Atlas;1;branco / nulo;8,1;1;6238;Online;Brasil;Presidente;Primeiro turno
20/08/2025;25/08/2025;Atlas;1;Ratinho Jr.;4,3;1;6238;Online;Brasil;Presidente;Primeiro turno
20/08/2025;25/08/2025;Atlas;1;Tarcísio;32,2;1;6238;Online;Brasil;Presidente;Primeiro turno
20/08/2025;25/08/2025;Atlas;1;Haddad;36,2;1;6238;Online;Brasil;Presidente;Primeiro turno
20/08/2025;25/08/2025;Atlas;1;Eduardo Leite;0,015;1;6238;Online;Brasil;Presidente;Primeiro turno
20/08/2025;25/08/2025;Atlas;1;Ciro;7,5;1;6238;Online;Brasil;Presidente;Primeiro turno
20/08/2025;25/08/2025;Atlas;2;Lula;48;1;6238;Online;Brasil;Presidente;Lula vs Bolsonaro
20/08/2025;25/08/2025;Atlas;2;Bolsonaro;48;1;6238;Online;Brasil;Presidente;Lula vs Bolsonaro
20/08/2025;25/08/2025;Atlas;2;branco / nulo;1;1;6238;Online;Brasil;Presidente;Lula vs Bolsonaro
20/08/2025;25/08/2025;Atlas;2;não sabe / não respondeu;0;1;6238;Online;Brasil;Presidente;Lula vs Bolsonaro
20/08/2025;25/08/2025;Atlas;2;Lula;46,7;1;6238;Online;Brasil;Presidente;Lula vs Caiado
20/08/2025;25/08/2025;Atlas;2;Caiado;40,3;1;6238;Online;Brasil;Presidente;Lula vs Caiado
20/08/2025;25/08/2025;Atlas;2;branco / nulo;13;1;6238;Online;Brasil;Presidente;Lula vs Caiado
20/08/2025;25/08/2025;Atlas;2;Lula;47,2;1;6238;Online;Brasil;Presidente;Lula vs Eduardo Leite
20/08/2025;25/08/2025;Atlas;2;Eduardo Leite;24,9;1;6238;Online;Brasil;Presidente;Lula vs Eduardo Leite
20/08/2025;25/08/2025;Atlas;2;branco / nulo;27,9;1;6238;Online;Brasil;Presidente;Lula vs Eduardo Leite
20/08/2025;25/08/2025;Atlas;2;Lula;48,8;1;6238;Online;Brasil;Presidente;Lula vs Michele Bolsonaro
20/08/2025;25/08/2025;Atlas;2;Michele Bolsonaro;47,9;1;6238;Online;Brasil;Presidente;Lula vs Michele Bolsonaro
20/08/2025;25/08/2025;Atlas;2;branco / nulo;1,3;1;6238;Online;Brasil;Presidente;Lula vs Michele Bolsonaro
20/08/2025;25/08/2025;Atlas;2;Lula;46,9;1;6238;Online;Brasil;Presidente;Lula vs Ratinho Jr.
20/08/2025;25/08/2025;Atlas;2;Ratinho Jr.;41,1;1;6238;Online;Brasil;Presidente;Lula vs Ratinho Jr.
20/08/2025;25/08/2025;Atlas;2;branco / nulo;11,9;1;6238;Online;Brasil;Presidente;Lula vs Ratinho Jr.
20/08/2025;25/08/2025;Atlas;2;Lula;47;1;6238;Online;Brasil;Presidente;Lula vs Tarcísio
20/08/2025;25/08/2025;Atlas;2;Tarcísio;48;1;6238;Online;Brasil;Presidente;Lula vs Tarcísio
20/08/2025;25/08/2025;Atlas;2;branco / nulo;5;1;6238;Online;Brasil;Presidente;Lula vs Tarcísio
20/08/2025;25/08/2025;Atlas;2;não sabe / não respondeu;0;1;6238;Online;Brasil;Presidente;Lula vs Tarcísio
20/08/2025;25/08/2025;Atlas;2;Lula;47,1;1;6238;Online;Brasil;Presidente;Lula vs Zema
20/08/2025;25/08/2025;Atlas;2;Zema;40,9;1;6238;Online;Brasil;Presidente;Lula vs Zema
20/08/2025;25/08/2025;Atlas;2;branco / nulo;12;1;6238;Online;Brasil;Presidente;Lula vs Zema
10/09/2025;03/09/2025;Atlas;2;Lula;52;1;7291;Online;Brasil;Presidente;Lula vs Bolsonaro
10/09/2025;03/09/2025;Atlas;2;Bolsonaro;45;1;7291;Online;Brasil;Presidente;Lula vs Bolsonaro
10/09/2025;03/09/2025;Atlas;2;branco / nulo;3;1;7291;Online;Brasil;Presidente;Lula vs Bolsonaro
10/09/2025;03/09/2025;Atlas;2;não sabe / não respondeu;0;1;7291;Online;Brasil;Presidente;Lula vs Bolsonaro
10/09/2025;03/09/2025;Atlas;2;Lula;51;1;7291;Online;Brasil;Presidente;Lula vs Tarcísio
10/09/2025;03/09/2025;Atlas;2;Tarcísio;45;1;7291;Online;Brasil;Presidente;Lula vs Tarcísio
10/09/2025;03/09/2025;Atlas;2;branco / nulo;4;1;7291;Online;Brasil;Presidente;Lula vs Tarcísio
10/09/2025;03/09/2025;Atlas;2;não sabe / não respondeu;0;1;7291;Online;Brasil;Presidente;Lula vs Tarcísio
03/09/2025;06/09/2025;MDA;1;Lula;36;2,2;2002;Presencial;Brasil;Presidente;Primeiro turno
03/09/2025;06/09/2025;MDA;1;Caiado;3;2,2;2002;Presencial;Brasil;Presidente;Primeiro turno
03/09/2025;06/09/2025;MDA;1;Zema;2;2,2;2002;Presencial;Brasil;Presidente;Primeiro turno
03/09/2025;06/09/2025;MDA;1;branco / nulo;10;2,2;2002;Presencial;Brasil;Presidente;Primeiro turno
03/09/2025;06/09/2025;MDA;1;não sabe / não respondeu;3;2,2;2002;Presencial;Brasil;Presidente;Primeiro turno
03/09/2025;06/09/2025;MDA;1;Ratinho Jr.;7;2,2;2002;Presencial;Brasil;Presidente;Primeiro turno
03/09/2025;06/09/2025;MDA;1;Bolsonaro;30;2,2;2002;Presencial;Brasil;Presidente;Primeiro turno
03/09/2025;06/09/2025;MDA;1;Ciro;10;2,2;2002;Presencial;Brasil;Presidente;Primeiro turno
03/09/2025;06/09/2025;MDA;1;Lula;46;2,2;2002;Presencial;Brasil;Presidente;Primeiro turno
03/09/2025;06/09/2025;MDA;1;branco / nulo;15;2,2;2002;Presencial;Brasil;Presidente;Primeiro turno
03/09/2025;06/09/2025;MDA;1;não sabe / não respondeu;2;2,2;2002;Presencial;Brasil;Presidente;Primeiro turno
03/09/2025;06/09/2025;MDA;1;Bolsonaro;46;2,2;2002;Presencial;Brasil;Presidente;Primeiro turno
03/09/2025;06/09/2025;MDA;1;Lula;37;2,2;2002;Presencial;Brasil;Presidente;Primeiro turno
03/09/2025;06/09/2025;MDA;1;Caiado;5;2,2;2002;Presencial;Brasil;Presidente;Primeiro turno
03/09/2025;06/09/2025;MDA;1;Zema;4;2,2;2002;Presencial;Brasil;Presidente;Primeiro turno
03/09/2025;06/09/2025;MDA;1;branco / nulo;12;2,2;2002;Presencial;Brasil;Presidente;Primeiro turno
03/09/2025;06/09/2025;MDA;1;não sabe / não respondeu;5;2,2;2002;Presencial;Brasil;Presidente;Primeiro turno
03/09/2025;06/09/2025;MDA;1;Ratinho Jr.;11;2,2;2002;Presencial;Brasil;Presidente;Primeiro turno
03/09/2025;06/09/2025;MDA;1;Eduardo Bolsonaro;15;2,2;2002;Presencial;Brasil;Presidente;Primeiro turno
03/09/2025;06/09/2025;MDA;1;Ciro;12;2,2;2002;Presencial;Brasil;Presidente;Primeiro turno
03/09/2025;06/09/2025;MDA;2;Lula;46;2,2;2002;Presencial;Brasil;Presidente;Lula vs Bolsonaro
03/09/2025;06/09/2025;MDA;2;Bolsonaro;38;2,2;2002;Presencial;Brasil;Presidente;Lula vs Bolsonaro
03/09/2025;06/09/2025;MDA;2;branco / nulo;15;2,2;2002;Presencial;Brasil;Presidente;Lula vs Bolsonaro
03/09/2025;06/09/2025;MDA;2;não sabe / não respondeu;2;2,2;2002;Presencial;Brasil;Presidente;Lula vs Bolsonaro
03/09/2025;06/09/2025;MDA;2;Lula;44,8;2,2;2002;Presencial;Brasil;Presidente;Lula vs Caiado
03/09/2025;06/09/2025;MDA;2;Caiado;30,4;2,2;2002;Presencial;Brasil;Presidente;Lula vs Caiado
03/09/2025;06/09/2025;MDA;2;branco / nulo;20,2;2,2;2002;Presencial;Brasil;Presidente;Lula vs Caiado
03/09/2025;06/09/2025;MDA;2;não sabe / não respondeu;4,6;2,2;2002;Presencial;Brasil;Presidente;Lula vs Caiado
03/09/2025;06/09/2025;MDA;2;Lula;43,4;2,2;2002;Presencial;Brasil;Presidente;Lula vs Ratinho Jr.
03/09/2025;06/09/2025;MDA;2;Ratinho Jr.;36,7;2,2;2002;Presencial;Brasil;Presidente;Lula vs Ratinho Jr.
03/09/2025;06/09/2025;MDA;2;branco / nulo;16,1;2,2;2002;Presencial;Brasil;Presidente;Lula vs Ratinho Jr.
03/09/2025;06/09/2025;MDA;2;não sabe / não respondeu;3,8;2,2;2002;Presencial;Brasil;Presidente;Lula vs Ratinho Jr.
03/09/2025;06/09/2025;MDA;2;Lula;44;2,2;2002;Presencial;Brasil;Presidente;Lula vs Tarcísio
03/09/2025;06/09/2025;MDA;2;Tarcísio;38;2,2;2002;Presencial;Brasil;Presidente;Lula vs Tarcísio
03/09/2025;06/09/2025;MDA;2;branco / nulo;15;2,2;2002;Presencial;Brasil;Presidente;Lula vs Tarcísio
03/09/2025;06/09/2025;MDA;2;não sabe / não respondeu;4;2,2;2002;Presencial;Brasil;Presidente;Lula vs Tarcísio
03/09/2025;06/09/2025;MDA;2;Lula;45;2,2;2002;Presencial;Brasil;Presidente;Lula vs Zema
03/09/2025;06/09/2025;MDA;2;Zema;30,7;2,2;2002;Presencial;Brasil;Presidente;Lula vs Zema
03/09/2025;06/09/2025;MDA;2;branco / nulo;19,2;2,2;2002;Presencial;Brasil;Presidente;Lula vs Zema
03/09/2025;06/09/2025;MDA;2;não sabe / não respondeu;5,1;2,2;2002;Presencial;Brasil;Presidente;Lula vs Zema
10/09/2025;14/09/2025;Atlas;2;Lula;51,7;1;7291;Online;Brasil;Presidente;Lula vs Caiado
10/09/2025;14/09/2025;Atlas;2;Caiado;34;1;7291;Online;Brasil;Presidente;Lula vs Caiado
10/09/2025;14/09/2025;Atlas;2;branco / nulo;14,3;1;7291;Online;Brasil;Presidente;Lula vs Caiado
10/09/2025;14/09/2025;Atlas;2;não sabe / não respondeu;0;1;7291;Online;Brasil;Presidente;Lula vs Caiado
10/09/2025;14/09/2025;Atlas;2;Lula;49,9;1;7291;Online;Brasil;Presidente;Lula vs Eduardo Leite
10/09/2025;14/09/2025;Atlas;2;Eduardo Leite;27,6;1;7291;Online;Brasil;Presidente;Lula vs Eduardo Leite
10/09/2025;14/09/2025;Atlas;2;branco / nulo;27,6;1;7291;Online;Brasil;Presidente;Lula vs Eduardo Leite
10/09/2025;14/09/2025;Atlas;2;não sabe / não respondeu;0;1;7291;Online;Brasil;Presidente;Lula vs Eduardo Leite
10/09/2025;14/09/2025;Atlas;2;Lula;51,9;1;7291;Online;Brasil;Presidente;Lula vs Michele Bolsonaro
10/09/2025;14/09/2025;Atlas;2;Michele Bolsonaro;44,6;1;7291;Online;Brasil;Presidente;Lula vs Michele Bolsonaro
10/09/2025;14/09/2025;Atlas;2;branco / nulo;3,6;1;7291;Online;Brasil;Presidente;Lula vs Michele Bolsonaro
10/09/2025;14/09/2025;Atlas;2;não sabe / não respondeu;0;1;7291;Online;Brasil;Presidente;Lula vs Michele Bolsonaro
10/09/2025;14/09/2025;Atlas;2;Lula;51,6;1;7291;Online;Brasil;Presidente;Lula vs Ratinho Jr.
10/09/2025;14/09/2025;Atlas;2;Ratinho Jr.;34,9;1;7291;Online;Brasil;Presidente;Lula vs Ratinho Jr.
10/09/2025;14/09/2025;Atlas;2;branco / nulo;13,5;1;7291;Online;Brasil;Presidente;Lula vs Ratinho Jr.
10/09/2025;14/09/2025;Atlas;2;não sabe / não respondeu;0;1;7291;Online;Brasil;Presidente;Lula vs Ratinho Jr.
10/09/2025;14/09/2025;Atlas;2;Lula;51,4;1;7291;Online;Brasil;Presidente;Lula vs Zema
10/09/2025;14/09/2025;Atlas;2;Zema;36,7;1;7291;Online;Brasil;Presidente;Lula vs Zema
10/09/2025;14/09/2025;Atlas;2;branco / nulo;11,9;1;7291;Online;Brasil;Presidente;Lula vs Zema
12/09/2025;14/09/2025;Quaest;1;Lula;32;2;2004;Presencial;Brasil;Presidente;Primeiro turno
12/09/2025;14/09/2025;Quaest;1;Caiado;4;2;2004;Presencial;Brasil;Presidente;Primeiro turno
12/09/2025;14/09/2025;Quaest;1;Zema;5;2;2004;Presencial;Brasil;Presidente;Primeiro turno
12/09/2025;14/09/2025;Quaest;1;branco / nulo;11;2;2004;Presencial;Brasil;Presidente;Primeiro turno
12/09/2025;14/09/2025;Quaest;1;não sabe / não respondeu;5;2;2004;Presencial;Brasil;Presidente;Primeiro turno
12/09/2025;14/09/2025;Quaest;1;Ratinho Jr.;8;2;2004;Presencial;Brasil;Presidente;Primeiro turno
12/09/2025;14/09/2025;Quaest;1;Bolsonaro;24;2;2004;Presencial;Brasil;Presidente;Primeiro turno
12/09/2025;14/09/2025;Quaest;1;Ciro;11;2;2004;Presencial;Brasil;Presidente;Primeiro turno
12/09/2025;14/09/2025;Quaest;1;Lula;33;2;2004;Presencial;Brasil;Presidente;Primeiro turno
12/09/2025;14/09/2025;Quaest;1;Caiado;5;2;2004;Presencial;Brasil;Presidente;Primeiro turno
12/09/2025;14/09/2025;Quaest;1;Zema;6;2;2004;Presencial;Brasil;Presidente;Primeiro turno
12/09/2025;14/09/2025;Quaest;1;branco / nulo;12;2;2004;Presencial;Brasil;Presidente;Primeiro turno
12/09/2025;14/09/2025;Quaest;1;não sabe / não respondeu;5;2;2004;Presencial;Brasil;Presidente;Primeiro turno
12/09/2025;14/09/2025;Quaest;1;Ratinho Jr.;8;2;2004;Presencial;Brasil;Presidente;Primeiro turno
12/09/2025;14/09/2025;Quaest;1;Michele Bolsonaro;18;2;2004;Presencial;Brasil;Presidente;Primeiro turno
12/09/2025;14/09/2025;Quaest;1;Ciro;13;2;2004;Presencial;Brasil;Presidente;Primeiro turno
12/09/2025;14/09/2025;Quaest;1;Lula;35;2;2004;Presencial;Brasil;Presidente;Primeiro turno
12/09/2025;14/09/2025;Quaest;1;Caiado;5;2;2004;Presencial;Brasil;Presidente;Primeiro turno
12/09/2025;14/09/2025;Quaest;1;Zema;5;2;2004;Presencial;Brasil;Presidente;Primeiro turno
12/09/2025;14/09/2025;Quaest;1;branco / nulo;18;2;2004;Presencial;Brasil;Presidente;Primeiro turno
12/09/2025;14/09/2025;Quaest;1;não sabe / não respondeu;6;2;2004;Presencial;Brasil;Presidente;Primeiro turno
12/09/2025;14/09/2025;Quaest;1;Tarcísio;17;2;2004;Presencial;Brasil;Presidente;Primeiro turno
12/09/2025;14/09/2025;Quaest;1;Ciro;13;2;2004;Presencial;Brasil;Presidente;Primeiro turno
12/09/2025;14/09/2025;Quaest;1;Lula;40;2;2004;Presencial;Brasil;Presidente;Primeiro turno
12/09/2025;14/09/2025;Quaest;1;branco / nulo;19;2;2004;Presencial;Brasil;Presidente;Primeiro turno
12/09/2025;14/09/2025;Quaest;1;não sabe / não respondeu;5;2;2004;Presencial;Brasil;Presidente;Primeiro turno
12/09/2025;14/09/2025;Quaest;1;Tarcísio;20;2;2004;Presencial;Brasil;Presidente;Primeiro turno
12/09/2025;14/09/2025;Quaest;1;Eduardo Bolsonaro;16;2;2004;Presencial;Brasil;Presidente;Primeiro turno
12/09/2025;14/09/2025;Quaest;1;Lula;42;2;2004;Presencial;Brasil;Presidente;Primeiro turno
12/09/2025;14/09/2025;Quaest;1;Zema;13;2;2004;Presencial;Brasil;Presidente;Primeiro turno
12/09/2025;14/09/2025;Quaest;1;branco / nulo;19;2;2004;Presencial;Brasil;Presidente;Primeiro turno
12/09/2025;14/09/2025;Quaest;1;não sabe / não respondeu;5;2;2004;Presencial;Brasil;Presidente;Primeiro turno
12/09/2025;14/09/2025;Quaest;1;Eduardo Bolsonaro;21;2;2004;Presencial;Brasil;Presidente;Primeiro turno
12/09/2025;14/09/2025;Quaest;1;Lula;43;2;2004;Presencial;Brasil;Presidente;Primeiro turno
12/09/2025;14/09/2025;Quaest;1;Caiado;12;2;2004;Presencial;Brasil;Presidente;Primeiro turno
12/09/2025;14/09/2025;Quaest;1;branco / nulo;19;2;2004;Presencial;Brasil;Presidente;Primeiro turno
12/09/2025;14/09/2025;Quaest;1;não sabe / não respondeu;5;2;2004;Presencial;Brasil;Presidente;Primeiro turno
12/09/2025;14/09/2025;Quaest;1;Eduardo Bolsonaro;21;2;2004;Presencial;Brasil;Presidente;Primeiro turno
12/09/2025;14/09/2025;Quaest;1;Lula;32;2;2004;Presencial;Brasil;Presidente;Primeiro turno
12/09/2025;14/09/2025;Quaest;1;branco / nulo;13;2;2004;Presencial;Brasil;Presidente;Primeiro turno
12/09/2025;14/09/2025;Quaest;1;não sabe / não respondeu;6;2;2004;Presencial;Brasil;Presidente;Primeiro turno
12/09/2025;14/09/2025;Quaest;1;Ratinho Jr.;10;2;2004;Presencial;Brasil;Presidente;Primeiro turno
12/09/2025;14/09/2025;Quaest;1;Eduardo Bolsonaro;14;2;2004;Presencial;Brasil;Presidente;Primeiro turno
12/09/2025;14/09/2025;Quaest;1;Ciro;14;2;2004;Presencial;Brasil;Presidente;Primeiro turno
12/09/2025;14/09/2025;Quaest;1;Lula;40;2;2004;Presencial;Brasil;Presidente;Primeiro turno
12/09/2025;14/09/2025;Quaest;1;branco / nulo;18;2;2004;Presencial;Brasil;Presidente;Primeiro turno
12/09/2025;14/09/2025;Quaest;1;não sabe / não respondeu;5;2;2004;Presencial;Brasil;Presidente;Primeiro turno
12/09/2025;14/09/2025;Quaest;1;Eduardo Bolsonaro;21;2;2004;Presencial;Brasil;Presidente;Primeiro turno
12/09/2025;14/09/2025;Quaest;1;Ciro;16;2;2004;Presencial;Brasil;Presidente;Primeiro turno
12/09/2025;14/09/2025;Quaest;2;Lula;47;2;2004;Presencial;Brasil;Presidente;Lula vs Bolsonaro
12/09/2025;14/09/2025;Quaest;2;Bolsonaro;34;2;2004;Presencial;Brasil;Presidente;Lula vs Bolsonaro
12/09/2025;14/09/2025;Quaest;2;branco / nulo;17;2;2004;Presencial;Brasil;Presidente;Lula vs Bolsonaro
12/09/2025;14/09/2025;Quaest;2;não sabe / não respondeu;2;2;2004;Presencial;Brasil;Presidente;Lula vs Bolsonaro
12/09/2025;14/09/2025;Quaest;2;Lula;46;2;2004;Presencial;Brasil;Presidente;Lula vs Caiado
12/09/2025;14/09/2025;Quaest;2;Caiado;31;2;2004;Presencial;Brasil;Presidente;Lula vs Caiado
12/09/2025;14/09/2025;Quaest;2;branco / nulo;20;2;2004;Presencial;Brasil;Presidente;Lula vs Caiado
12/09/2025;14/09/2025;Quaest;2;não sabe / não respondeu;3;2;2004;Presencial;Brasil;Presidente;Lula vs Caiado
12/09/2025;14/09/2025;Quaest;2;Lula;47;2;2004;Presencial;Brasil;Presidente;Lula vs Eduardo Bolsonaro
12/09/2025;14/09/2025;Quaest;2;Eduardo Bolsonaro;29;2;2004;Presencial;Brasil;Presidente;Lula vs Eduardo Bolsonaro
12/09/2025;14/09/2025;Quaest;2;branco / nulo;21;2;2004;Presencial;Brasil;Presidente;Lula vs Eduardo Bolsonaro
12/09/2025;14/09/2025;Quaest;2;não sabe / não respondeu;3;2;2004;Presencial;Brasil;Presidente;Lula vs Eduardo Bolsonaro
12/09/2025;14/09/2025;Quaest;2;Lula;45;2;2004;Presencial;Brasil;Presidente;Lula vs Eduardo Leite
12/09/2025;14/09/2025;Quaest;2;Eduardo Leite;26;2;2004;Presencial;Brasil;Presidente;Lula vs Eduardo Leite
12/09/2025;14/09/2025;Quaest;2;branco / nulo;25;2;2004;Presencial;Brasil;Presidente;Lula vs Eduardo Leite
12/09/2025;14/09/2025;Quaest;2;não sabe / não respondeu;4;2;2004;Presencial;Brasil;Presidente;Lula vs Eduardo Leite
12/09/2025;14/09/2025;Quaest;2;Lula;47;2;2004;Presencial;Brasil;Presidente;Lula vs Michele Bolsonaro
12/09/2025;14/09/2025;Quaest;2;Michele Bolsonaro;32;2;2004;Presencial;Brasil;Presidente;Lula vs Michele Bolsonaro
12/09/2025;14/09/2025;Quaest;2;branco / nulo;18;2;2004;Presencial;Brasil;Presidente;Lula vs Michele Bolsonaro
12/09/2025;14/09/2025;Quaest;2;não sabe / não respondeu;3;2;2004;Presencial;Brasil;Presidente;Lula vs Michele Bolsonaro
12/09/2025;14/09/2025;Quaest;2;Lula;44;2;2004;Presencial;Brasil;Presidente;Lula vs Ratinho Jr.
12/09/2025;14/09/2025;Quaest;2;Ratinho Jr.;32;2;2004;Presencial;Brasil;Presidente;Lula vs Ratinho Jr.
12/09/2025;14/09/2025;Quaest;2;branco / nulo;21;2;2004;Presencial;Brasil;Presidente;Lula vs Ratinho Jr.
12/09/2025;14/09/2025;Quaest;2;não sabe / não respondeu;3;2;2004;Presencial;Brasil;Presidente;Lula vs Ratinho Jr.
12/09/2025;14/09/2025;Quaest;2;Lula;43;2;2004;Presencial;Brasil;Presidente;Lula vs Tarcísio
12/09/2025;14/09/2025;Quaest;2;Tarcísio;35;2;2004;Presencial;Brasil;Presidente;Lula vs Tarcísio
12/09/2025;14/09/2025;Quaest;2;branco / nulo;19;2;2004;Presencial;Brasil;Presidente;Lula vs Tarcísio
12/09/2025;14/09/2025;Quaest;2;não sabe / não respondeu;3;2;2004;Presencial;Brasil;Presidente;Lula vs Tarcísio
12/09/2025;14/09/2025;Quaest;2;Lula;45;2;2004;Presencial;Brasil;Presidente;Lula vs Zema
12/09/2025;14/09/2025;Quaest;2;Zema;32;2;2004;Presencial;Brasil;Presidente;Lula vs Zema
12/09/2025;14/09/2025;Quaest;2;branco / nulo;19;2;2004;Presencial;Brasil;Presidente;Lula vs Zema
12/09/2025;14/09/2025;Quaest;2;não sabe / não respondeu;4;2;2004;Presencial;Brasil;Presidente;Lula vs Zema
02/10/2025;05/10/2025;Quaest;1;Lula;35;2;2004;Presencial;Brasil;Presidente;Primeiro turno
02/10/2025;05/10/2025;Quaest;1;Caiado;3;2;2004;Presencial;Brasil;Presidente;Primeiro turno
02/10/2025;05/10/2025;Quaest;1;Zema;3;2;2004;Presencial;Brasil;Presidente;Primeiro turno
02/10/2025;05/10/2025;Quaest;1;branco / nulo;10;2;2004;Presencial;Brasil;Presidente;Primeiro turno
02/10/2025;05/10/2025;Quaest;1;não sabe / não respondeu;4;2;2004;Presencial;Brasil;Presidente;Primeiro turno
02/10/2025;05/10/2025;Quaest;1;Ratinho Jr.;10;2;2004;Presencial;Brasil;Presidente;Primeiro turno
02/10/2025;05/10/2025;Quaest;1;Bolsonaro;26;2;2004;Presencial;Brasil;Presidente;Primeiro turno
02/10/2025;05/10/2025;Quaest;1;Ciro;9;2;2004;Presencial;Brasil;Presidente;Primeiro turno
02/10/2025;05/10/2025;Quaest;1;Lula;35;2;2004;Presencial;Brasil;Presidente;Primeiro turno
02/10/2025;05/10/2025;Quaest;1;Caiado;4;2;2004;Presencial;Brasil;Presidente;Primeiro turno
02/10/2025;05/10/2025;Quaest;1;Zema;5;2;2004;Presencial;Brasil;Presidente;Primeiro turno
02/10/2025;05/10/2025;Quaest;1;branco / nulo;14;2;2004;Presencial;Brasil;Presidente;Primeiro turno
02/10/2025;05/10/2025;Quaest;1;não sabe / não respondeu;4;2;2004;Presencial;Brasil;Presidente;Primeiro turno
02/10/2025;05/10/2025;Quaest;1;Ratinho Jr.;12;2;2004;Presencial;Brasil;Presidente;Primeiro turno
02/10/2025;05/10/2025;Quaest;1;Eduardo Bolsonaro;15;2;2004;Presencial;Brasil;Presidente;Primeiro turno
02/10/2025;05/10/2025;Quaest;1;Ciro;11;2;2004;Presencial;Brasil;Presidente;Primeiro turno
02/10/2025;05/10/2025;Quaest;1;Lula;36;2;2004;Presencial;Brasil;Presidente;Primeiro turno
02/10/2025;05/10/2025;Quaest;1;Caiado;3;2;2004;Presencial;Brasil;Presidente;Primeiro turno
02/10/2025;05/10/2025;Quaest;1;Zema;4;2;2004;Presencial;Brasil;Presidente;Primeiro turno
02/10/2025;05/10/2025;Quaest;1;branco / nulo;12;2;2004;Presencial;Brasil;Presidente;Primeiro turno
02/10/2025;05/10/2025;Quaest;1;não sabe / não respondeu;4;2;2004;Presencial;Brasil;Presidente;Primeiro turno
02/10/2025;05/10/2025;Quaest;1;Ratinho Jr.;10;2;2004;Presencial;Brasil;Presidente;Primeiro turno
02/10/2025;05/10/2025;Quaest;1;Michele Bolsonaro;21;2;2004;Presencial;Brasil;Presidente;Primeiro turno
02/10/2025;05/10/2025;Quaest;1;Ciro;10;2;2004;Presencial;Brasil;Presidente;Primeiro turno
02/10/2025;05/10/2025;Quaest;1;Lula;39;2;2004;Presencial;Brasil;Presidente;Primeiro turno
02/10/2025;05/10/2025;Quaest;1;Caiado;4;2;2004;Presencial;Brasil;Presidente;Primeiro turno
02/10/2025;05/10/2025;Quaest;1;Zema;4;2;2004;Presencial;Brasil;Presidente;Primeiro turno
02/10/2025;05/10/2025;Quaest;1;branco / nulo;18;2;2004;Presencial;Brasil;Presidente;Primeiro turno
02/10/2025;05/10/2025;Quaest;1;não sabe / não respondeu;4;2;2004;Presencial;Brasil;Presidente;Primeiro turno
02/10/2025;05/10/2025;Quaest;1;Tarcísio;18;2;2004;Presencial;Brasil;Presidente;Primeiro turno
02/10/2025;05/10/2025;Quaest;1;Ciro;12;2;2004;Presencial;Brasil;Presidente;Primeiro turno
02/10/2025;05/10/2025;Quaest;1;Lula;42;2;2004;Presencial;Brasil;Presidente;Primeiro turno
02/10/2025;05/10/2025;Quaest;1;branco / nulo;18;2;2004;Presencial;Brasil;Presidente;Primeiro turno
02/10/2025;05/10/2025;Quaest;1;não sabe / não respondeu;4;2;2004;Presencial;Brasil;Presidente;Primeiro turno
02/10/2025;05/10/2025;Quaest;1;Tarcísio;19;2;2004;Presencial;Brasil;Presidente;Primeiro turno
02/10/2025;05/10/2025;Quaest;1;Eduardo Bolsonaro;17;2;2004;Presencial;Brasil;Presidente;Primeiro turno
02/10/2025;05/10/2025;Quaest;1;Lula;41;2;2004;Presencial;Brasil;Presidente;Primeiro turno
02/10/2025;05/10/2025;Quaest;1;branco / nulo;18;2;2004;Presencial;Brasil;Presidente;Primeiro turno
02/10/2025;05/10/2025;Quaest;1;não sabe / não respondeu;4;2;2004;Presencial;Brasil;Presidente;Primeiro turno
02/10/2025;05/10/2025;Quaest;1;Eduardo Bolsonaro;20;2;2004;Presencial;Brasil;Presidente;Primeiro turno
02/10/2025;05/10/2025;Quaest;1;Lula;43;2;2004;Presencial;Brasil;Presidente;Primeiro turno
02/10/2025;05/10/2025;Quaest;1;branco / nulo;20;2;2004;Presencial;Brasil;Presidente;Primeiro turno
02/10/2025;05/10/2025;Quaest;1;não sabe / não respondeu;4;2;2004;Presencial;Brasil;Presidente;Primeiro turno
02/10/2025;05/10/2025;Quaest;1;Eduardo Bolsonaro;23;2;2004;Presencial;Brasil;Presidente;Primeiro turno
02/10/2025;05/10/2025;Quaest;1;Lula;43;2;2004;Presencial;Brasil;Presidente;Primeiro turno
02/10/2025;05/10/2025;Quaest;1;Zema;11;2;2004;Presencial;Brasil;Presidente;Primeiro turno
02/10/2025;05/10/2025;Quaest;1;branco / nulo;20;2;2004;Presencial;Brasil;Presidente;Primeiro turno
02/10/2025;05/10/2025;Quaest;1;não sabe / não respondeu;4;2;2004;Presencial;Brasil;Presidente;Primeiro turno
02/10/2025;05/10/2025;Quaest;1;Ratinho Jr.;10;2;2004;Presencial;Brasil;Presidente;Primeiro turno
02/10/2025;05/10/2025;Quaest;1;Eduardo Bolsonaro;22;2;2004;Presencial;Brasil;Presidente;Primeiro turno
02/10/2025;05/10/2025;Quaest;2;Lula;46;2;2004;Presencial;Brasil;Presidente;Lula vs Bolsonaro
02/10/2025;05/10/2025;Quaest;2;Bolsonaro;36;2;2004;Presencial;Brasil;Presidente;Lula vs Bolsonaro
02/10/2025;05/10/2025;Quaest;2;branco / nulo;24;2;2004;Presencial;Brasil;Presidente;Lula vs Bolsonaro
02/10/2025;05/10/2025;Quaest;2;não sabe / não respondeu;3;2;2004;Presencial;Brasil;Presidente;Lula vs Bolsonaro
02/10/2025;05/10/2025;Quaest;2;Lula;46;2;2004;Presencial;Brasil;Presidente;Lula vs Caiado
02/10/2025;05/10/2025;Quaest;2;Caiado;31;2;2004;Presencial;Brasil;Presidente;Lula vs Caiado
02/10/2025;05/10/2025;Quaest;2;branco / nulo;20;2;2004;Presencial;Brasil;Presidente;Lula vs Caiado
02/10/2025;05/10/2025;Quaest;2;não sabe / não respondeu;3;2;2004;Presencial;Brasil;Presidente;Lula vs Caiado
02/10/2025;05/10/2025;Quaest;2;Lula;46;2;2004;Presencial;Brasil;Presidente;Lula vs Eduardo Bolsonaro
02/10/2025;05/10/2025;Quaest;2;Eduardo Bolsonaro;31;2;2004;Presencial;Brasil;Presidente;Lula vs Eduardo Bolsonaro
02/10/2025;05/10/2025;Quaest;2;branco / nulo;20;2;2004;Presencial;Brasil;Presidente;Lula vs Eduardo Bolsonaro
02/10/2025;05/10/2025;Quaest;2;não sabe / não respondeu;3;2;2004;Presencial;Brasil;Presidente;Lula vs Eduardo Bolsonaro
02/10/2025;05/10/2025;Quaest;2;Lula;45;2;2004;Presencial;Brasil;Presidente;Lula vs Eduardo Leite
02/10/2025;05/10/2025;Quaest;2;Eduardo Leite;22;2;2004;Presencial;Brasil;Presidente;Lula vs Eduardo Leite
02/10/2025;05/10/2025;Quaest;2;branco / nulo;29;2;2004;Presencial;Brasil;Presidente;Lula vs Eduardo Leite
02/10/2025;05/10/2025;Quaest;2;não sabe / não respondeu;4;2;2004;Presencial;Brasil;Presidente;Lula vs Eduardo Leite
02/10/2025;05/10/2025;Quaest;2;Lula;46;2;2004;Presencial;Brasil;Presidente;Lula vs Michele Bolsonaro
02/10/2025;05/10/2025;Quaest;2;Michele Bolsonaro;34;2;2004;Presencial;Brasil;Presidente;Lula vs Michele Bolsonaro
02/10/2025;05/10/2025;Quaest;2;branco / nulo;18;2;2004;Presencial;Brasil;Presidente;Lula vs Michele Bolsonaro
02/10/2025;05/10/2025;Quaest;2;não sabe / não respondeu;2;2;2004;Presencial;Brasil;Presidente;Lula vs Michele Bolsonaro
02/10/2025;05/10/2025;Quaest;2;Lula;44;2;2004;Presencial;Brasil;Presidente;Lula vs Ratinho Jr.
02/10/2025;05/10/2025;Quaest;2;Ratinho Jr.;31;2;2004;Presencial;Brasil;Presidente;Lula vs Ratinho Jr.
02/10/2025;05/10/2025;Quaest;2;branco / nulo;22;2;2004;Presencial;Brasil;Presidente;Lula vs Ratinho Jr.
02/10/2025;05/10/2025;Quaest;2;não sabe / não respondeu;3;2;2004;Presencial;Brasil;Presidente;Lula vs Ratinho Jr.
02/10/2025;05/10/2025;Quaest;2;Lula;45;2;2004;Presencial;Brasil;Presidente;Lula vs Tarcísio
02/10/2025;05/10/2025;Quaest;2;Tarcísio;33;2;2004;Presencial;Brasil;Presidente;Lula vs Tarcísio
02/10/2025;05/10/2025;Quaest;2;branco / nulo;19;2;2004;Presencial;Brasil;Presidente;Lula vs Tarcísio
02/10/2025;05/10/2025;Quaest;2;não sabe / não respondeu;3;2;2004;Presencial;Brasil;Presidente;Lula vs Tarcísio
02/10/2025;05/10/2025;Quaest;2;Lula;47;2;2004;Presencial;Brasil;Presidente;Lula vs Zema
02/10/2025;05/10/2025;Quaest;2;Zema;32;2;2004;Presencial;Brasil;Presidente;Lula vs Zema
02/10/2025;05/10/2025;Quaest;2;branco / nulo;18;2;2004;Presencial;Brasil;Presidente;Lula vs Zema
02/10/2025;05/10/2025;Quaest;2;não sabe / não respondeu;3;2;2004;Presencial;Brasil;Presidente;Lula vs Zema
15/10/2025;19/10/2025;Atlas;1;Lula;51;1;14063;Online;Brasil;Presidente;Primeiro turno
15/10/2025;19/10/2025;Atlas;1;Caiado;6;1;14063;Online;Brasil;Presidente;Primeiro turno
15/10/2025;19/10/2025;Atlas;1;Zema;2,5;1;14063;Online;Brasil;Presidente;Primeiro turno
15/10/2025;19/10/2025;Atlas;1;branco / nulo;5;1;14063;Online;Brasil;Presidente;Primeiro turno
15/10/2025;19/10/2025;Atlas;1;não sabe / não respondeu;1,9;1;14063;Online;Brasil;Presidente;Primeiro turno
15/10/2025;19/10/2025;Atlas;1;Ratinho Jr.;3;1;14063;Online;Brasil;Presidente;Primeiro turno
15/10/2025;19/10/2025;Atlas;1;Tarcísio;30,4;1;14063;Online;Brasil;Presidente;Primeiro turno
15/10/2025;19/10/2025;Atlas;1;Lula;51;1;14063;Online;Brasil;Presidente;Primeiro turno
15/10/2025;19/10/2025;Atlas;1;Caiado;9,1;1;14063;Online;Brasil;Presidente;Primeiro turno
15/10/2025;19/10/2025;Atlas;1;Zema;4,6;1;14063;Online;Brasil;Presidente;Primeiro turno
15/10/2025;19/10/2025;Atlas;1;branco / nulo;3,2;1;14063;Online;Brasil;Presidente;Primeiro turno
15/10/2025;19/10/2025;Atlas;1;não sabe / não respondeu;0,8;1;14063;Online;Brasil;Presidente;Primeiro turno
15/10/2025;19/10/2025;Atlas;1;Ratinho Jr.;5,1;1;14063;Online;Brasil;Presidente;Primeiro turno
15/10/2025;19/10/2025;Atlas;1;Michele Bolsonaro;26,2;1;14063;Online;Brasil;Presidente;Primeiro turno
15/10/2025;19/10/2025;Atlas;1;Lula;51;1;14063;Online;Brasil;Presidente;Primeiro turno
15/10/2025;19/10/2025;Atlas;1;Caiado;15,3;1;14063;Online;Brasil;Presidente;Primeiro turno
15/10/2025;19/10/2025;Atlas;1;Zema;10,6;1;14063;Online;Brasil;Presidente;Primeiro turno
15/10/2025;19/10/2025;Atlas;1;branco / nulo;9,4;1;14063;Online;Brasil;Presidente;Primeiro turno
15/10/2025;19/10/2025;Atlas;1;não sabe / não respondeu;3,4;1;14063;Online;Brasil;Presidente;Primeiro turno
15/10/2025;19/10/2025;Atlas;1;Ratinho Jr.;10,4;1;14063;Online;Brasil;Presidente;Primeiro turno
15/10/2025;19/10/2025;Atlas;1;Caiado;7;1;14063;Online;Brasil;Presidente;Primeiro turno
15/10/2025;19/10/2025;Atlas;1;Zema;2,6;1;14063;Online;Brasil;Presidente;Primeiro turno
15/10/2025;19/10/2025;Atlas;1;branco / nulo;10,8;1;14063;Online;Brasil;Presidente;Primeiro turno
15/10/2025;19/10/2025;Atlas;1;não sabe / não respondeu;2,9;1;14063;Online;Brasil;Presidente;Primeiro turno
15/10/2025;19/10/2025;Atlas;1;Ratinho Jr.;3,5;1;14063;Online;Brasil;Presidente;Primeiro turno
15/10/2025;19/10/2025;Atlas;1;Tarcísio;30,1;1;14063;Online;Brasil;Presidente;Primeiro turno
15/10/2025;19/10/2025;Atlas;1;Haddad;43,1;1;14063;Online;Brasil;Presidente;Primeiro turno
15/10/2025;19/10/2025;Atlas;2;Lula;52;1;14063;Online;Brasil;Presidente;Lula vs Bolsonaro
15/10/2025;19/10/2025;Atlas;2;Bolsonaro;44;1;14063;Online;Brasil;Presidente;Lula vs Bolsonaro
15/10/2025;19/10/2025;Atlas;2;branco / nulo;0;1;14063;Online;Brasil;Presidente;Lula vs Bolsonaro
15/10/2025;19/10/2025;Atlas;2;não sabe / não respondeu;4;1;14063;Online;Brasil;Presidente;Lula vs Bolsonaro
15/10/2025;19/10/2025;Atlas;2;Lula;52;1;14063;Online;Brasil;Presidente;Lula vs Caiado
15/10/2025;19/10/2025;Atlas;2;Caiado;36;1;14063;Online;Brasil;Presidente;Lula vs Caiado
15/10/2025;19/10/2025;Atlas;2;não sabe / não respondeu;12;1;14063;Online;Brasil;Presidente;Lula vs Caiado
15/10/2025;19/10/2025;Atlas;2;Lula;52;1;14063;Online;Brasil;Presidente;Lula vs Michele Bolsonaro
15/10/2025;19/10/2025;Atlas;2;Michele Bolsonaro;43;1;14063;Online;Brasil;Presidente;Lula vs Michele Bolsonaro
15/10/2025;19/10/2025;Atlas;2;não sabe / não respondeu;5;1;14063;Online;Brasil;Presidente;Lula vs Michele Bolsonaro
15/10/2025;19/10/2025;Atlas;2;Lula;51;1;14063;Online;Brasil;Presidente;Lula vs Ratinho Jr.
15/10/2025;19/10/2025;Atlas;2;Ratinho Jr.;37;1;14063;Online;Brasil;Presidente;Lula vs Ratinho Jr.
15/10/2025;19/10/2025;Atlas;2;não sabe / não respondeu;12;1;14063;Online;Brasil;Presidente;Lula vs Ratinho Jr.
15/10/2025;19/10/2025;Atlas;2;Lula;52;1;14063;Online;Brasil;Presidente;Lula vs Tarcísio
15/10/2025;19/10/2025;Atlas;2;Tarcísio;44;1;14063;Online;Brasil;Presidente;Lula vs Tarcísio
15/10/2025;19/10/2025;Atlas;2;branco / nulo;0;1;14063;Online;Brasil;Presidente;Lula vs Tarcísio
15/10/2025;19/10/2025;Atlas;2;não sabe / não respondeu;5;1;14063;Online;Brasil;Presidente;Lula vs Tarcísio
15/10/2025;19/10/2025;Atlas;2;Lula;52;1;14063;Online;Brasil;Presidente;Lula vs Zema
15/10/2025;19/10/2025;Atlas;2;Zema;35;1;14063;Online;Brasil;Presidente;Lula vs Zema
15/10/2025;19/10/2025;Atlas;2;não sabe / não respondeu;14;1;14063;Online;Brasil;Presidente;Lula vs Zema
08/11/2025;08/11/2025;Futura;1;Lula;34;2,2;2000;Telefônica;Brasil;Presidente;Primeiro turno
08/11/2025;08/11/2025;Futura;1;Caiado;5,9;2,2;2000;Telefônica;Brasil;Presidente;Primeiro turno
08/11/2025;08/11/2025;Futura;1;Zema;5,6;2,2;2000;Telefônica;Brasil;Presidente;Primeiro turno
08/11/2025;08/11/2025;Futura;1;branco / nulo;23,4;2,2;2000;Telefônica;Brasil;Presidente;Primeiro turno
08/11/2025;08/11/2025;Futura;1;Ratinho Jr.;7,9;2,2;2000;Telefônica;Brasil;Presidente;Primeiro turno
08/11/2025;08/11/2025;Futura;1;Tarcísio;23,1;2,2;2000;Telefônica;Brasil;Presidente;Primeiro turno
08/11/2025;08/11/2025;Futura;1;Michele Bolsonaro;37,1;2,2;2000;Telefônica;Brasil;Presidente;Primeiro turno
08/11/2025;08/11/2025;Futura;1;Bolsonaro;42,9;2,2;2000;Telefônica;Brasil;Presidente;Primeiro turno
06/11/2025;09/11/2025;Quaest;1;Lula;35;2;2004;Presencial;Brasil;Presidente;Primeiro turno
06/11/2025;09/11/2025;Quaest;1;Caiado;4;2;2004;Presencial;Brasil;Presidente;Primeiro turno
06/11/2025;09/11/2025;Quaest;1;Zema;5;2;2004;Presencial;Brasil;Presidente;Primeiro turno
06/11/2025;09/11/2025;Quaest;1;branco / nulo;22;2;2004;Presencial;Brasil;Presidente;Primeiro turno
06/11/2025;09/11/2025;Quaest;1;não sabe / não respondeu;6;2;2004;Presencial;Brasil;Presidente;Primeiro turno
06/11/2025;09/11/2025;Quaest;1;Tarcísio;16;2;2004;Presencial;Brasil;Presidente;Primeiro turno
06/11/2025;09/11/2025;Quaest;1;Ciro;12;2;2004;Presencial;Brasil;Presidente;Primeiro turno
06/11/2025;09/11/2025;Quaest;1;Lula;38;2;2004;Presencial;Brasil;Presidente;Primeiro turno
06/11/2025;09/11/2025;Quaest;1;branco / nulo;19;2;2004;Presencial;Brasil;Presidente;Primeiro turno
06/11/2025;09/11/2025;Quaest;1;não sabe / não respondeu;5;2;2004;Presencial;Brasil;Presidente;Primeiro turno
06/11/2025;09/11/2025;Quaest;1;Tarcísio;20;2;2004;Presencial;Brasil;Presidente;Primeiro turno
06/11/2025;09/11/2025;Quaest;1;Eduardo Bolsonaro;18;2;2004;Presencial;Brasil;Presidente;Primeiro turno
06/11/2025;09/11/2025;Quaest;1;Lula;38;2;2004;Presencial;Brasil;Presidente;Primeiro turno
06/11/2025;09/11/2025;Quaest;1;Zema;12;2;2004;Presencial;Brasil;Presidente;Primeiro turno
06/11/2025;09/11/2025;Quaest;1;branco / nulo;21;2;2004;Presencial;Brasil;Presidente;Primeiro turno
06/11/2025;09/11/2025;Quaest;1;não sabe / não respondeu;5;2;2004;Presencial;Brasil;Presidente;Primeiro turno
06/11/2025;09/11/2025;Quaest;1;Eduardo Bolsonaro;24;2;2004;Presencial;Brasil;Presidente;Primeiro turno
06/11/2025;09/11/2025;Quaest;1;Lula;39;2;2004;Presencial;Brasil;Presidente;Primeiro turno
06/11/2025;09/11/2025;Quaest;1;Caiado;11;2;2004;Presencial;Brasil;Presidente;Primeiro turno
06/11/2025;09/11/2025;Quaest;1;branco / nulo;21;2;2004;Presencial;Brasil;Presidente;Primeiro turno
06/11/2025;09/11/2025;Quaest;1;não sabe / não respondeu;5;2;2004;Presencial;Brasil;Presidente;Primeiro turno
06/11/2025;09/11/2025;Quaest;1;Eduardo Bolsonaro;24;2;2004;Presencial;Brasil;Presidente;Primeiro turno
06/11/2025;09/11/2025;Quaest;1;Lula;32;2;2004;Presencial;Brasil;Presidente;Primeiro turno
06/11/2025;09/11/2025;Quaest;1;Caiado;4;2;2004;Presencial;Brasil;Presidente;Primeiro turno
06/11/2025;09/11/2025;Quaest;1;Zema;3;2;2004;Presencial;Brasil;Presidente;Primeiro turno
06/11/2025;09/11/2025;Quaest;1;Renan;1;2;2004;Presencial;Brasil;Presidente;Primeiro turno
06/11/2025;09/11/2025;Quaest;1;branco / nulo;12;2;2004;Presencial;Brasil;Presidente;Primeiro turno
06/11/2025;09/11/2025;Quaest;1;não sabe / não respondeu;6;2;2004;Presencial;Brasil;Presidente;Primeiro turno
06/11/2025;09/11/2025;Quaest;1;Ratinho Jr.;7;2;2004;Presencial;Brasil;Presidente;Primeiro turno
06/11/2025;09/11/2025;Quaest;1;Bolsonaro;27;2;2004;Presencial;Brasil;Presidente;Primeiro turno
06/11/2025;09/11/2025;Quaest;1;Ciro;8;2;2004;Presencial;Brasil;Presidente;Primeiro turno
06/11/2025;09/11/2025;Quaest;1;Lula;31;2;2004;Presencial;Brasil;Presidente;Primeiro turno
06/11/2025;09/11/2025;Quaest;1;Caiado;5;2;2004;Presencial;Brasil;Presidente;Primeiro turno
06/11/2025;09/11/2025;Quaest;1;Zema;5;2;2004;Presencial;Brasil;Presidente;Primeiro turno
06/11/2025;09/11/2025;Quaest;1;Renan;1;2;2004;Presencial;Brasil;Presidente;Primeiro turno
06/11/2025;09/11/2025;Quaest;1;branco / nulo;16;2;2004;Presencial;Brasil;Presidente;Primeiro turno
06/11/2025;09/11/2025;Quaest;1;não sabe / não respondeu;5;2;2004;Presencial;Brasil;Presidente;Primeiro turno
06/11/2025;09/11/2025;Quaest;1;Ratinho Jr.;10;2;2004;Presencial;Brasil;Presidente;Primeiro turno
06/11/2025;09/11/2025;Quaest;1;Michele Bolsonaro;18;2;2004;Presencial;Brasil;Presidente;Primeiro turno
06/11/2025;09/11/2025;Quaest;1;Ciro;9;2;2004;Presencial;Brasil;Presidente;Primeiro turno
06/11/2025;09/11/2025;Quaest;1;Lula;32;2;2004;Presencial;Brasil;Presidente;Primeiro turno
06/11/2025;09/11/2025;Quaest;1;Caiado;5;2;2004;Presencial;Brasil;Presidente;Primeiro turno
06/11/2025;09/11/2025;Quaest;1;Zema;5;2;2004;Presencial;Brasil;Presidente;Primeiro turno
06/11/2025;09/11/2025;Quaest;1;Renan;1;2;2004;Presencial;Brasil;Presidente;Primeiro turno
06/11/2025;09/11/2025;Quaest;1;branco / nulo;16;2;2004;Presencial;Brasil;Presidente;Primeiro turno
06/11/2025;09/11/2025;Quaest;1;não sabe / não respondeu;6;2;2004;Presencial;Brasil;Presidente;Primeiro turno
06/11/2025;09/11/2025;Quaest;1;Ratinho Jr.;10;2;2004;Presencial;Brasil;Presidente;Primeiro turno
06/11/2025;09/11/2025;Quaest;1;Eduardo Bolsonaro;15;2;2004;Presencial;Brasil;Presidente;Primeiro turno
06/11/2025;09/11/2025;Quaest;1;Ciro;10;2;2004;Presencial;Brasil;Presidente;Primeiro turno
06/11/2025;09/11/2025;Quaest;1;Lula;36;2;2004;Presencial;Brasil;Presidente;Primeiro turno
06/11/2025;09/11/2025;Quaest;1;branco / nulo;19;2;2004;Presencial;Brasil;Presidente;Primeiro turno
06/11/2025;09/11/2025;Quaest;1;não sabe / não respondeu;5;2;2004;Presencial;Brasil;Presidente;Primeiro turno
06/11/2025;09/11/2025;Quaest;1;Ratinho Jr.;18;2;2004;Presencial;Brasil;Presidente;Primeiro turno
06/11/2025;09/11/2025;Quaest;1;Eduardo Bolsonaro;22;2;2004;Presencial;Brasil;Presidente;Primeiro turno
06/11/2025;09/11/2025;Quaest;1;Lula;39;2;2004;Presencial;Brasil;Presidente;Primeiro turno
06/11/2025;09/11/2025;Quaest;1;Renan;6;2;2004;Presencial;Brasil;Presidente;Primeiro turno
06/11/2025;09/11/2025;Quaest;1;branco / nulo;22;2;2004;Presencial;Brasil;Presidente;Primeiro turno
06/11/2025;09/11/2025;Quaest;1;não sabe / não respondeu;6;2;2004;Presencial;Brasil;Presidente;Primeiro turno
06/11/2025;09/11/2025;Quaest;1;Eduardo Bolsonaro;27;2;2004;Presencial;Brasil;Presidente;Primeiro turno
06/11/2025;09/11/2025;Quaest;1;Lula;39;2;2004;Presencial;Brasil;Presidente;Primeiro turno
06/11/2025;09/11/2025;Quaest;1;Caiado;7;2;2004;Presencial;Brasil;Presidente;Primeiro turno
06/11/2025;09/11/2025;Quaest;1;Renan;3;2;2004;Presencial;Brasil;Presidente;Primeiro turno
06/11/2025;09/11/2025;Quaest;1;branco / nulo;24;2;2004;Presencial;Brasil;Presidente;Primeiro turno
06/11/2025;09/11/2025;Quaest;1;não sabe / não respondeu;6;2;2004;Presencial;Brasil;Presidente;Primeiro turno
06/11/2025;09/11/2025;Quaest;1;Tarcísio;21;2;2004;Presencial;Brasil;Presidente;Primeiro turno
06/11/2025;09/11/2025;Quaest;2;Lula;42;2;2004;Presencial;Brasil;Presidente;Lula vs Bolsonaro
06/11/2025;09/11/2025;Quaest;2;Bolsonaro;39;2;2004;Presencial;Brasil;Presidente;Lula vs Bolsonaro
06/11/2025;09/11/2025;Quaest;2;branco / nulo;17;2;2004;Presencial;Brasil;Presidente;Lula vs Bolsonaro
06/11/2025;09/11/2025;Quaest;2;não sabe / não respondeu;2;2;2004;Presencial;Brasil;Presidente;Lula vs Bolsonaro
06/11/2025;09/11/2025;Quaest;2;Lula;42;2;2004;Presencial;Brasil;Presidente;Lula vs Caiado
06/11/2025;09/11/2025;Quaest;2;Caiado;35;2;2004;Presencial;Brasil;Presidente;Lula vs Caiado
06/11/2025;09/11/2025;Quaest;2;branco / nulo;19;2;2004;Presencial;Brasil;Presidente;Lula vs Caiado
06/11/2025;09/11/2025;Quaest;2;não sabe / não respondeu;4;2;2004;Presencial;Brasil;Presidente;Lula vs Caiado
06/11/2025;09/11/2025;Quaest;2;Lula;43;2;2004;Presencial;Brasil;Presidente;Lula vs Eduardo Bolsonaro
06/11/2025;09/11/2025;Quaest;2;Eduardo Bolsonaro;33;2;2004;Presencial;Brasil;Presidente;Lula vs Eduardo Bolsonaro
06/11/2025;09/11/2025;Quaest;2;branco / nulo;21;2;2004;Presencial;Brasil;Presidente;Lula vs Eduardo Bolsonaro
06/11/2025;09/11/2025;Quaest;2;não sabe / não respondeu;3;2;2004;Presencial;Brasil;Presidente;Lula vs Eduardo Bolsonaro
06/11/2025;09/11/2025;Quaest;2;Lula;41;2;2004;Presencial;Brasil;Presidente;Lula vs Eduardo Leite
06/11/2025;09/11/2025;Quaest;2;Eduardo Leite;28;2;2004;Presencial;Brasil;Presidente;Lula vs Eduardo Leite
06/11/2025;09/11/2025;Quaest;2;branco / nulo;27;2;2004;Presencial;Brasil;Presidente;Lula vs Eduardo Leite
06/11/2025;09/11/2025;Quaest;2;não sabe / não respondeu;4;2;2004;Presencial;Brasil;Presidente;Lula vs Eduardo Leite
06/11/2025;09/11/2025;Quaest;2;Lula;44;2;2004;Presencial;Brasil;Presidente;Lula vs Michele Bolsonaro
06/11/2025;09/11/2025;Quaest;2;Michele Bolsonaro;35;2;2004;Presencial;Brasil;Presidente;Lula vs Michele Bolsonaro
06/11/2025;09/11/2025;Quaest;2;branco / nulo;18;2;2004;Presencial;Brasil;Presidente;Lula vs Michele Bolsonaro
06/11/2025;09/11/2025;Quaest;2;não sabe / não respondeu;3;2;2004;Presencial;Brasil;Presidente;Lula vs Michele Bolsonaro
06/11/2025;09/11/2025;Quaest;2;Lula;40;2;2004;Presencial;Brasil;Presidente;Lula vs Ratinho Jr.
06/11/2025;09/11/2025;Quaest;2;Ratinho Jr.;35;2;2004;Presencial;Brasil;Presidente;Lula vs Ratinho Jr.
06/11/2025;09/11/2025;Quaest;2;branco / nulo;22;2;2004;Presencial;Brasil;Presidente;Lula vs Ratinho Jr.
06/11/2025;09/11/2025;Quaest;2;não sabe / não respondeu;3;2;2004;Presencial;Brasil;Presidente;Lula vs Ratinho Jr.
06/11/2025;09/11/2025;Quaest;2;Lula;41;2;2004;Presencial;Brasil;Presidente;Lula vs Tarcísio
06/11/2025;09/11/2025;Quaest;2;Tarcísio;36;2;2004;Presencial;Brasil;Presidente;Lula vs Tarcísio
06/11/2025;09/11/2025;Quaest;2;branco / nulo;20;2;2004;Presencial;Brasil;Presidente;Lula vs Tarcísio
06/11/2025;09/11/2025;Quaest;2;não sabe / não respondeu;2;2;2004;Presencial;Brasil;Presidente;Lula vs Tarcísio
06/11/2025;09/11/2025;Quaest;2;Lula;43;2;2004;Presencial;Brasil;Presidente;Lula vs Zema
06/11/2025;09/11/2025;Quaest;2;Zema;36;2;2004;Presencial;Brasil;Presidente;Lula vs Zema
06/11/2025;09/11/2025;Quaest;2;branco / nulo;18;2;2004;Presencial;Brasil;Presidente;Lula vs Zema
06/11/2025;09/11/2025;Quaest;2;não sabe / não respondeu;3;2;2004;Presencial;Brasil;Presidente;Lula vs Zema
06/11/2025;10/11/2025;Paraná Pesquisas;1;Lula;35,6;2,2;2020;Presencial;Brasil;Presidente;Primeiro turno
06/11/2025;10/11/2025;Paraná Pesquisas;1;Caiado;3,2;2,2;2020;Presencial;Brasil;Presidente;Primeiro turno
06/11/2025;10/11/2025;Paraná Pesquisas;1;Zema;2,7;2,2;2020;Presencial;Brasil;Presidente;Primeiro turno
06/11/2025;10/11/2025;Paraná Pesquisas;1;branco / nulo;6,6;2,2;2020;Presencial;Brasil;Presidente;Primeiro turno
06/11/2025;10/11/2025;Paraná Pesquisas;1;não sabe / não respondeu;4,7;2,2;2020;Presencial;Brasil;Presidente;Primeiro turno
06/11/2025;10/11/2025;Paraná Pesquisas;1;Ratinho Jr.;6,9;2,2;2020;Presencial;Brasil;Presidente;Primeiro turno
06/11/2025;10/11/2025;Paraná Pesquisas;1;Bolsonaro;32,1;2,2;2020;Presencial;Brasil;Presidente;Primeiro turno
06/11/2025;10/11/2025;Paraná Pesquisas;1;Ciro;8,2;2,2;2020;Presencial;Brasil;Presidente;Primeiro turno
06/11/2025;10/11/2025;Paraná Pesquisas;1;Lula;36;2,2;2020;Presencial;Brasil;Presidente;Primeiro turno
06/11/2025;10/11/2025;Paraná Pesquisas;1;Caiado;4,9;2,2;2020;Presencial;Brasil;Presidente;Primeiro turno
06/11/2025;10/11/2025;Paraná Pesquisas;1;Zema;3,9;2,2;2020;Presencial;Brasil;Presidente;Primeiro turno
06/11/2025;10/11/2025;Paraná Pesquisas;1;branco / nulo;6,8;2,2;2020;Presencial;Brasil;Presidente;Primeiro turno
06/11/2025;10/11/2025;Paraná Pesquisas;1;não sabe / não respondeu;4,9;2,2;2020;Presencial;Brasil;Presidente;Primeiro turno
06/11/2025;10/11/2025;Paraná Pesquisas;1;Ratinho Jr.;8,4;2,2;2020;Presencial;Brasil;Presidente;Primeiro turno
06/11/2025;10/11/2025;Paraná Pesquisas;1;Michele Bolsonaro;26;2,2;2020;Presencial;Brasil;Presidente;Primeiro turno
06/11/2025;10/11/2025;Paraná Pesquisas;1;Ciro;9;2,2;2020;Presencial;Brasil;Presidente;Primeiro turno
06/11/2025;10/11/2025;Paraná Pesquisas;1;Lula;36,3;2,2;2020;Presencial;Brasil;Presidente;Primeiro turno
06/11/2025;10/11/2025;Paraná Pesquisas;1;Flávio;19,7;2,2;2020;Presencial;Brasil;Presidente;Primeiro turno
06/11/2025;10/11/2025;Paraná Pesquisas;1;Caiado;5,2;2,2;2020;Presencial;Brasil;Presidente;Primeiro turno
06/11/2025;10/11/2025;Paraná Pesquisas;1;Zema;4,8;2,2;2020;Presencial;Brasil;Presidente;Primeiro turno
06/11/2025;10/11/2025;Paraná Pesquisas;1;branco / nulo;8;2,2;2020;Presencial;Brasil;Presidente;Primeiro turno
06/11/2025;10/11/2025;Paraná Pesquisas;1;não sabe / não respondeu;5,6;2,2;2020;Presencial;Brasil;Presidente;Primeiro turno
06/11/2025;10/11/2025;Paraná Pesquisas;1;Ratinho Jr.;10,5;2,2;2020;Presencial;Brasil;Presidente;Primeiro turno
06/11/2025;10/11/2025;Paraná Pesquisas;1;Ciro;9,9;2,2;2020;Presencial;Brasil;Presidente;Primeiro turno
06/11/2025;10/11/2025;Paraná Pesquisas;1;Lula;36;2,2;2020;Presencial;Brasil;Presidente;Primeiro turno
06/11/2025;10/11/2025;Paraná Pesquisas;1;Caiado;4,5;2,2;2020;Presencial;Brasil;Presidente;Primeiro turno
06/11/2025;10/11/2025;Paraná Pesquisas;1;Zema;3,3;2,2;2020;Presencial;Brasil;Presidente;Primeiro turno
06/11/2025;10/11/2025;Paraná Pesquisas;1;branco / nulo;8,4;2,2;2020;Presencial;Brasil;Presidente;Primeiro turno
06/11/2025;10/11/2025;Paraná Pesquisas;1;não sabe / não respondeu;5,9;2,2;2020;Presencial;Brasil;Presidente;Primeiro turno
06/11/2025;10/11/2025;Paraná Pesquisas;1;Ratinho Jr.;9;2,2;2020;Presencial;Brasil;Presidente;Primeiro turno
06/11/2025;10/11/2025;Paraná Pesquisas;1;Tarcísio;23,2;2,2;2020;Presencial;Brasil;Presidente;Primeiro turno
06/11/2025;10/11/2025;Paraná Pesquisas;1;Ciro;9,7;2,2;2020;Presencial;Brasil;Presidente;Primeiro turno
06/11/2025;10/11/2025;Paraná Pesquisas;1;Flávio;20,5;2,2;2020;Presencial;Brasil;Presidente;Primeiro turno
06/11/2025;10/11/2025;Paraná Pesquisas;1;Zema;5,2;2,2;2020;Presencial;Brasil;Presidente;Primeiro turno
06/11/2025;10/11/2025;Paraná Pesquisas;1;branco / nulo;14;2,2;2020;Presencial;Brasil;Presidente;Primeiro turno
06/11/2025;10/11/2025;Paraná Pesquisas;1;não sabe / não respondeu;7;2,2;2020;Presencial;Brasil;Presidente;Primeiro turno
06/11/2025;10/11/2025;Paraná Pesquisas;1;Ratinho Jr.;11,8;2,2;2020;Presencial;Brasil;Presidente;Primeiro turno
06/11/2025;10/11/2025;Paraná Pesquisas;1;Haddad;20,6;2,2;2020;Presencial;Brasil;Presidente;Primeiro turno
06/11/2025;10/11/2025;Paraná Pesquisas;1;Ciro;14,9;2,2;2020;Presencial;Brasil;Presidente;Primeiro turno
06/11/2025;10/11/2025;Paraná Pesquisas;2;Lula;44;2,2;2020;Presencial;Brasil;Presidente;Lula vs Bolsonaro
06/11/2025;10/11/2025;Paraná Pesquisas;2;Bolsonaro;43;2,2;2020;Presencial;Brasil;Presidente;Lula vs Bolsonaro
06/11/2025;10/11/2025;Paraná Pesquisas;2;branco / nulo;8;2,2;2020;Presencial;Brasil;Presidente;Lula vs Bolsonaro
06/11/2025;10/11/2025;Paraná Pesquisas;2;não sabe / não respondeu;6;2,2;2020;Presencial;Brasil;Presidente;Lula vs Bolsonaro
06/11/2025;10/11/2025;Paraná Pesquisas;2;Lula;45;2,2;2020;Presencial;Brasil;Presidente;Lula vs Flávio
06/11/2025;10/11/2025;Paraná Pesquisas;2;Flávio;39;2,2;2020;Presencial;Brasil;Presidente;Lula vs Flávio
06/11/2025;10/11/2025;Paraná Pesquisas;2;branco / nulo;10;2,2;2020;Presencial;Brasil;Presidente;Lula vs Flávio
06/11/2025;10/11/2025;Paraná Pesquisas;2;não sabe / não respondeu;6;2,2;2020;Presencial;Brasil;Presidente;Lula vs Flávio
06/11/2025;10/11/2025;Paraná Pesquisas;2;Lula;44,1;2,2;2020;Presencial;Brasil;Presidente;Lula vs Michele Bolsonaro
06/11/2025;10/11/2025;Paraná Pesquisas;2;Michele Bolsonaro;42,7;2,2;2020;Presencial;Brasil;Presidente;Lula vs Michele Bolsonaro
06/11/2025;10/11/2025;Paraná Pesquisas;2;branco / nulo;7,8;2,2;2020;Presencial;Brasil;Presidente;Lula vs Michele Bolsonaro
06/11/2025;10/11/2025;Paraná Pesquisas;2;não sabe / não respondeu;5,3;2,2;2020;Presencial;Brasil;Presidente;Lula vs Michele Bolsonaro
06/11/2025;10/11/2025;Paraná Pesquisas;2;Lula;43;2,2;2020;Presencial;Brasil;Presidente;Lula vs Tarcísio
06/11/2025;10/11/2025;Paraná Pesquisas;2;Tarcísio;42;2,2;2020;Presencial;Brasil;Presidente;Lula vs Tarcísio
06/11/2025;10/11/2025;Paraná Pesquisas;2;branco / nulo;10;2,2;2020;Presencial;Brasil;Presidente;Lula vs Tarcísio
06/11/2025;10/11/2025;Paraná Pesquisas;2;não sabe / não respondeu;6;2,2;2020;Presencial;Brasil;Presidente;Lula vs Tarcísio
19/11/2025;23/11/2025;MDA;1;Lula;38,8;2,2;2022;Presencial;Brasil;Presidente;Primeiro turno
19/11/2025;23/11/2025;MDA;1;Caiado;4;2,2;2022;Presencial;Brasil;Presidente;Primeiro turno
19/11/2025;23/11/2025;MDA;1;Zema;2,7;2,2;2022;Presencial;Brasil;Presidente;Primeiro turno
19/11/2025;23/11/2025;MDA;1;branco / nulo;8,5;2,2;2022;Presencial;Brasil;Presidente;Primeiro turno
19/11/2025;23/11/2025;MDA;1;não sabe / não respondeu;3;2,2;2022;Presencial;Brasil;Presidente;Primeiro turno
19/11/2025;23/11/2025;MDA;1;Ratinho Jr.;6,4;2,2;2022;Presencial;Brasil;Presidente;Primeiro turno
19/11/2025;23/11/2025;MDA;1;Bolsonaro;27;2,2;2022;Presencial;Brasil;Presidente;Primeiro turno
19/11/2025;23/11/2025;MDA;1;Ciro;9,6;2,2;2022;Presencial;Brasil;Presidente;Primeiro turno
19/11/2025;23/11/2025;MDA;1;Lula;42,7;2,2;2022;Presencial;Brasil;Presidente;Primeiro turno
19/11/2025;23/11/2025;MDA;1;Zema;9,6;2,2;2022;Presencial;Brasil;Presidente;Primeiro turno
19/11/2025;23/11/2025;MDA;1;branco / nulo;13,1;2,2;2022;Presencial;Brasil;Presidente;Primeiro turno
19/11/2025;23/11/2025;MDA;1;não sabe / não respondeu;3,2;2,2;2022;Presencial;Brasil;Presidente;Primeiro turno
19/11/2025;23/11/2025;MDA;1;Ratinho Jr.;14;2,2;2022;Presencial;Brasil;Presidente;Primeiro turno
19/11/2025;23/11/2025;MDA;1;Eduardo Bolsonaro;17,4;2,2;2022;Presencial;Brasil;Presidente;Primeiro turno
19/11/2025;23/11/2025;MDA;1;Lula;42;2,2;2022;Presencial;Brasil;Presidente;Primeiro turno
19/11/2025;23/11/2025;MDA;1;Zema;5,7;2,2;2022;Presencial;Brasil;Presidente;Primeiro turno
19/11/2025;23/11/2025;MDA;1;branco / nulo;14,7;2,2;2022;Presencial;Brasil;Presidente;Primeiro turno
19/11/2025;23/11/2025;MDA;1;não sabe / não respondeu;4;2,2;2022;Presencial;Brasil;Presidente;Primeiro turno
19/11/2025;23/11/2025;MDA;1;Ratinho Jr.;11,8;2,2;2022;Presencial;Brasil;Presidente;Primeiro turno
19/11/2025;23/11/2025;MDA;1;Tarcísio;21,7;2,2;2022;Presencial;Brasil;Presidente;Primeiro turno
19/11/2025;23/11/2025;MDA;1;Lula;42,7;2,2;2022;Presencial;Brasil;Presidente;Primeiro turno
19/11/2025;23/11/2025;MDA;1;Zema;8,3;2,2;2022;Presencial;Brasil;Presidente;Primeiro turno
19/11/2025;23/11/2025;MDA;1;branco / nulo;11,7;2,2;2022;Presencial;Brasil;Presidente;Primeiro turno
19/11/2025;23/11/2025;MDA;1;não sabe / não respondeu;2,9;2,2;2022;Presencial;Brasil;Presidente;Primeiro turno
19/11/2025;23/11/2025;MDA;1;Ratinho Jr.;11,4;2,2;2022;Presencial;Brasil;Presidente;Primeiro turno
19/11/2025;23/11/2025;MDA;1;Michele Bolsonaro;23;2,2;2022;Presencial;Brasil;Presidente;Primeiro turno
19/11/2025;23/11/2025;MDA;2;Lula;49;2,2;2002;Presencial;Brasil;Presidente;Lula vs Bolsonaro
19/11/2025;23/11/2025;MDA;2;Bolsonaro;37;2,2;2002;Presencial;Brasil;Presidente;Lula vs Bolsonaro
19/11/2025;23/11/2025;MDA;2;branco / nulo;13;2,2;2002;Presencial;Brasil;Presidente;Lula vs Bolsonaro
19/11/2025;23/11/2025;MDA;2;não sabe / não respondeu;1;2,2;2002;Presencial;Brasil;Presidente;Lula vs Bolsonaro
19/11/2025;23/11/2025;MDA;2;Lula;46,9;2,2;2022;Presencial;Brasil;Presidente;Lula vs Caiado
19/11/2025;23/11/2025;MDA;2;Caiado;33,7;2,2;2022;Presencial;Brasil;Presidente;Lula vs Caiado
19/11/2025;23/11/2025;MDA;2;branco / nulo;15,7;2,2;2022;Presencial;Brasil;Presidente;Lula vs Caiado
19/11/2025;23/11/2025;MDA;2;não sabe / não respondeu;3,7;2,2;2022;Presencial;Brasil;Presidente;Lula vs Caiado
19/11/2025;23/11/2025;MDA;2;Lula;49,9;2,2;2022;Presencial;Brasil;Presidente;Lula vs Eduardo Bolsonaro
19/11/2025;23/11/2025;MDA;2;Eduardo Bolsonaro;33,3;2,2;2022;Presencial;Brasil;Presidente;Lula vs Eduardo Bolsonaro
19/11/2025;23/11/2025;MDA;2;branco / nulo;14,6;2,2;2022;Presencial;Brasil;Presidente;Lula vs Eduardo Bolsonaro
19/11/2025;23/11/2025;MDA;2;não sabe / não respondeu;2,2;2,2;2022;Presencial;Brasil;Presidente;Lula vs Eduardo Bolsonaro
19/11/2025;23/11/2025;MDA;2;Lula;49,1;2,2;2022;Presencial;Brasil;Presidente;Lula vs Michele Bolsonaro
19/11/2025;23/11/2025;MDA;2;Michele Bolsonaro;35,6;2,2;2022;Presencial;Brasil;Presidente;Lula vs Michele Bolsonaro
19/11/2025;23/11/2025;MDA;2;branco / nulo;13,7;2,2;2022;Presencial;Brasil;Presidente;Lula vs Michele Bolsonaro
19/11/2025;23/11/2025;MDA;2;não sabe / não respondeu;1,6;2,2;2022;Presencial;Brasil;Presidente;Lula vs Michele Bolsonaro
19/11/2025;23/11/2025;MDA;2;Lula;45,8;2,2;2022;Presencial;Brasil;Presidente;Lula vs Ratinho Jr.
19/11/2025;23/11/2025;MDA;2;Ratinho Jr.;38,7;2,2;2022;Presencial;Brasil;Presidente;Lula vs Ratinho Jr.
19/11/2025;23/11/2025;MDA;2;branco / nulo;12,5;2,2;2022;Presencial;Brasil;Presidente;Lula vs Ratinho Jr.
19/11/2025;23/11/2025;MDA;2;não sabe / não respondeu;3;2,2;2022;Presencial;Brasil;Presidente;Lula vs Ratinho Jr.
19/11/2025;23/11/2025;MDA;2;Lula;46;2,2;2002;Presencial;Brasil;Presidente;Lula vs Tarcísio
19/11/2025;23/11/2025;MDA;2;Tarcísio;39;2,2;2002;Presencial;Brasil;Presidente;Lula vs Tarcísio
19/11/2025;23/11/2025;MDA;2;branco / nulo;12;2,2;2002;Presencial;Brasil;Presidente;Lula vs Tarcísio
19/11/2025;23/11/2025;MDA;2;não sabe / não respondeu;3;2,2;2002;Presencial;Brasil;Presidente;Lula vs Tarcísio
19/11/2025;23/11/2025;MDA;2;Lula;47,9;2,2;2022;Presencial;Brasil;Presidente;Lula vs Zema
19/11/2025;23/11/2025;MDA;2;Zema;33,5;2,2;2022;Presencial;Brasil;Presidente;Lula vs Zema
19/11/2025;23/11/2025;MDA;2;branco / nulo;15,2;2,2;2022;Presencial;Brasil;Presidente;Lula vs Zema
19/11/2025;23/11/2025;MDA;2;não sabe / não respondeu;3,4;2,2;2022;Presencial;Brasil;Presidente;Lula vs Zema
22/11/2025;27/11/2025;Atlas;1;Lula;48,7;1;5510;Online;Brasil;Presidente;Primeiro turno
22/11/2025;27/11/2025;Atlas;1;Caiado;9,4;1;5510;Online;Brasil;Presidente;Primeiro turno
22/11/2025;27/11/2025;Atlas;1;Zema;4,4;1;5510;Online;Brasil;Presidente;Primeiro turno
22/11/2025;27/11/2025;Atlas;1;Renan;2,1;1;5510;Online;Brasil;Presidente;Primeiro turno
22/11/2025;27/11/2025;Atlas;1;branco / nulo;1,4;1;5510;Online;Brasil;Presidente;Primeiro turno
22/11/2025;27/11/2025;Atlas;1;não sabe / não respondeu;0,4;1;5510;Online;Brasil;Presidente;Primeiro turno
22/11/2025;27/11/2025;Atlas;1;Ratinho Jr.;5;1;5510;Online;Brasil;Presidente;Primeiro turno
22/11/2025;27/11/2025;Atlas;1;Michele Bolsonaro;28,6;1;5510;Online;Brasil;Presidente;Primeiro turno
22/11/2025;27/11/2025;Atlas;1;Lula;48,5;1;5510;Online;Brasil;Presidente;Primeiro turno
22/11/2025;27/11/2025;Atlas;1;Caiado;16,9;1;5510;Online;Brasil;Presidente;Primeiro turno
22/11/2025;27/11/2025;Atlas;1;Zema;9,5;1;5510;Online;Brasil;Presidente;Primeiro turno
22/11/2025;27/11/2025;Atlas;1;Renan;2,6;1;5510;Online;Brasil;Presidente;Primeiro turno
22/11/2025;27/11/2025;Atlas;1;branco / nulo;6,4;1;5510;Online;Brasil;Presidente;Primeiro turno
22/11/2025;27/11/2025;Atlas;1;não sabe / não respondeu;3,6;1;5510;Online;Brasil;Presidente;Primeiro turno
22/11/2025;27/11/2025;Atlas;1;Ratinho Jr.;12,6;1;5510;Online;Brasil;Presidente;Primeiro turno
22/11/2025;27/11/2025;Atlas;1;Lula;47,3;1;5510;Online;Brasil;Presidente;Primeiro turno
22/11/2025;27/11/2025;Atlas;1;Flávio;23,1;1;5510;Online;Brasil;Presidente;Primeiro turno
22/11/2025;27/11/2025;Atlas;1;Caiado;10,2;1;5510;Online;Brasil;Presidente;Primeiro turno
22/11/2025;27/11/2025;Atlas;1;Zema;5;1;5510;Online;Brasil;Presidente;Primeiro turno
22/11/2025;27/11/2025;Atlas;1;Renan;2,4;1;5510;Online;Brasil;Presidente;Primeiro turno
22/11/2025;27/11/2025;Atlas;1;branco / nulo;2,8;1;5510;Online;Brasil;Presidente;Primeiro turno
22/11/2025;27/11/2025;Atlas;1;não sabe / não respondeu;1;1;5510;Online;Brasil;Presidente;Primeiro turno
22/11/2025;27/11/2025;Atlas;1;Ratinho Jr.;7,1;1;5510;Online;Brasil;Presidente;Primeiro turno
22/11/2025;27/11/2025;Atlas;1;Eduardo Leite;1,1;1;5510;Online;Brasil;Presidente;Primeiro turno
22/11/2025;27/11/2025;Atlas;1;Lula;48,4;1;5510;Online;Brasil;Presidente;Primeiro turno
22/11/2025;27/11/2025;Atlas;1;Caiado;5,7;1;5510;Online;Brasil;Presidente;Primeiro turno
22/11/2025;27/11/2025;Atlas;1;Zema;2,3;1;5510;Online;Brasil;Presidente;Primeiro turno
22/11/2025;27/11/2025;Atlas;1;Renan;1,9;1;5510;Online;Brasil;Presidente;Primeiro turno
22/11/2025;27/11/2025;Atlas;1;branco / nulo;3,2;1;5510;Online;Brasil;Presidente;Primeiro turno
22/11/2025;27/11/2025;Atlas;1;não sabe / não respondeu;1,8;1;5510;Online;Brasil;Presidente;Primeiro turno
22/11/2025;27/11/2025;Atlas;1;Ratinho Jr.;4,1;1;5510;Online;Brasil;Presidente;Primeiro turno
22/11/2025;27/11/2025;Atlas;1;Tarcísio;32,5;1;5510;Online;Brasil;Presidente;Primeiro turno
22/11/2025;27/11/2025;Atlas;1;Caiado;5,6;1;5510;Online;Brasil;Presidente;Primeiro turno
22/11/2025;27/11/2025;Atlas;1;Zema;2,9;1;5510;Online;Brasil;Presidente;Primeiro turno
22/11/2025;27/11/2025;Atlas;1;Renan;2;1;5510;Online;Brasil;Presidente;Primeiro turno
22/11/2025;27/11/2025;Atlas;1;branco / nulo;6,3;1;5510;Online;Brasil;Presidente;Primeiro turno
22/11/2025;27/11/2025;Atlas;1;não sabe / não respondeu;2,2;1;5510;Online;Brasil;Presidente;Primeiro turno
22/11/2025;27/11/2025;Atlas;1;Ratinho Jr.;4,2;1;5510;Online;Brasil;Presidente;Primeiro turno
22/11/2025;27/11/2025;Atlas;1;Tarcísio;32,3;1;5510;Online;Brasil;Presidente;Primeiro turno
22/11/2025;27/11/2025;Atlas;1;Haddad;44,4;1;5510;Online;Brasil;Presidente;Primeiro turno
22/11/2025;27/11/2025;Atlas;2;Lula;49;1;5510;Online;Brasil;Presidente;Lula vs Bolsonaro
22/11/2025;27/11/2025;Atlas;2;Bolsonaro;47;1;5510;Online;Brasil;Presidente;Lula vs Bolsonaro
22/11/2025;27/11/2025;Atlas;2;branco / nulo;4;1;5510;Online;Brasil;Presidente;Lula vs Bolsonaro
22/11/2025;27/11/2025;Atlas;2;não sabe / não respondeu;0;1;5510;Online;Brasil;Presidente;Lula vs Bolsonaro
22/11/2025;27/11/2025;Atlas;2;Lula;49;1;5510;Online;Brasil;Presidente;Lula vs Caiado
22/11/2025;27/11/2025;Atlas;2;Caiado;41;1;5510;Online;Brasil;Presidente;Lula vs Caiado
22/11/2025;27/11/2025;Atlas;2;branco / nulo;10;1;5510;Online;Brasil;Presidente;Lula vs Caiado
22/11/2025;27/11/2025;Atlas;2;Lula;47;1;5510;Online;Brasil;Presidente;Lula vs Eduardo Leite
22/11/2025;27/11/2025;Atlas;2;Eduardo Leite;28;1;5510;Online;Brasil;Presidente;Lula vs Eduardo Leite
22/11/2025;27/11/2025;Atlas;2;branco / nulo;25;1;5510;Online;Brasil;Presidente;Lula vs Eduardo Leite
22/11/2025;27/11/2025;Atlas;2;Lula;49;1;5510;Online;Brasil;Presidente;Lula vs Michele Bolsonaro
22/11/2025;27/11/2025;Atlas;2;Michele Bolsonaro;47;1;5510;Online;Brasil;Presidente;Lula vs Michele Bolsonaro
22/11/2025;27/11/2025;Atlas;2;branco / nulo;4;1;5510;Online;Brasil;Presidente;Lula vs Michele Bolsonaro
22/11/2025;27/11/2025;Atlas;2;Lula;49;1;5510;Online;Brasil;Presidente;Lula vs Ratinho Jr.
22/11/2025;27/11/2025;Atlas;2;Ratinho Jr.;40;1;5510;Online;Brasil;Presidente;Lula vs Ratinho Jr.
22/11/2025;27/11/2025;Atlas;2;branco / nulo;11;1;5510;Online;Brasil;Presidente;Lula vs Ratinho Jr.
22/11/2025;27/11/2025;Atlas;2;Lula;49;1;5510;Online;Brasil;Presidente;Lula vs Tarcísio
22/11/2025;27/11/2025;Atlas;2;Tarcísio;47;1;5510;Online;Brasil;Presidente;Lula vs Tarcísio
22/11/2025;27/11/2025;Atlas;2;branco / nulo;4;1;5510;Online;Brasil;Presidente;Lula vs Tarcísio
22/11/2025;27/11/2025;Atlas;2;não sabe / não respondeu;0;1;5510;Online;Brasil;Presidente;Lula vs Tarcísio
22/11/2025;27/11/2025;Atlas;2;Lula;49;1;5510;Online;Brasil;Presidente;Lula vs Zema
22/11/2025;27/11/2025;Atlas;2;Zema;41;1;5510;Online;Brasil;Presidente;Lula vs Zema
22/11/2025;27/11/2025;Atlas;2;branco / nulo;10;1;5510;Online;Brasil;Presidente;Lula vs Zema
02/12/2025;04/12/2025;Datafolha;1;Lula;41;2;2002;Presencial;Brasil;Presidente;Primeiro turno
02/12/2025;04/12/2025;Datafolha;1;Caiado;7;2;2002;Presencial;Brasil;Presidente;Primeiro turno
02/12/2025;04/12/2025;Datafolha;1;Zema;3;2;2002;Presencial;Brasil;Presidente;Primeiro turno
02/12/2025;04/12/2025;Datafolha;1;branco / nulo;13;2;2002;Presencial;Brasil;Presidente;Primeiro turno
02/12/2025;04/12/2025;Datafolha;1;não sabe / não respondeu;3;2;2002;Presencial;Brasil;Presidente;Primeiro turno
02/12/2025;04/12/2025;Datafolha;1;Ratinho Jr.;11;2;2002;Presencial;Brasil;Presidente;Primeiro turno
02/12/2025;04/12/2025;Datafolha;1;Tarcísio;23;2;2002;Presencial;Brasil;Presidente;Primeiro turno
02/12/2025;04/12/2025;Datafolha;1;Lula;41;2;2002;Presencial;Brasil;Presidente;Primeiro turno
02/12/2025;04/12/2025;Datafolha;1;Caiado;6;2;2002;Presencial;Brasil;Presidente;Primeiro turno
02/12/2025;04/12/2025;Datafolha;1;Zema;5;2;2002;Presencial;Brasil;Presidente;Primeiro turno
02/12/2025;04/12/2025;Datafolha;1;branco / nulo;11;2;2002;Presencial;Brasil;Presidente;Primeiro turno
02/12/2025;04/12/2025;Datafolha;1;não sabe / não respondeu;2;2;2002;Presencial;Brasil;Presidente;Primeiro turno
02/12/2025;04/12/2025;Datafolha;1;Ratinho Jr.;10;2;2002;Presencial;Brasil;Presidente;Primeiro turno
02/12/2025;04/12/2025;Datafolha;1;Michele Bolsonaro;24;2;2002;Presencial;Brasil;Presidente;Primeiro turno
02/12/2025;04/12/2025;Datafolha;1;Lula;41;2;2002;Presencial;Brasil;Presidente;Primeiro turno
02/12/2025;04/12/2025;Datafolha;1;Caiado;5;2;2002;Presencial;Brasil;Presidente;Primeiro turno
02/12/2025;04/12/2025;Datafolha;1;Zema;4;2;2002;Presencial;Brasil;Presidente;Primeiro turno
02/12/2025;04/12/2025;Datafolha;1;branco / nulo;10;2;2002;Presencial;Brasil;Presidente;Primeiro turno
02/12/2025;04/12/2025;Datafolha;1;não sabe / não respondeu;2;2;2002;Presencial;Brasil;Presidente;Primeiro turno
02/12/2025;04/12/2025;Datafolha;1;Ratinho Jr.;9;2;2002;Presencial;Brasil;Presidente;Primeiro turno
02/12/2025;04/12/2025;Datafolha;1;Bolsonaro;29;2;2002;Presencial;Brasil;Presidente;Primeiro turno
02/12/2025;04/12/2025;Datafolha;1;Lula;41;2;2002;Presencial;Brasil;Presidente;Primeiro turno
02/12/2025;04/12/2025;Datafolha;1;Flávio;18;2;2002;Presencial;Brasil;Presidente;Primeiro turno
02/12/2025;04/12/2025;Datafolha;1;Caiado;7;2;2002;Presencial;Brasil;Presidente;Primeiro turno
02/12/2025;04/12/2025;Datafolha;1;Zema;6;2;2002;Presencial;Brasil;Presidente;Primeiro turno
02/12/2025;04/12/2025;Datafolha;1;branco / nulo;13;2;2002;Presencial;Brasil;Presidente;Primeiro turno
02/12/2025;04/12/2025;Datafolha;1;não sabe / não respondeu;3;2;2002;Presencial;Brasil;Presidente;Primeiro turno
02/12/2025;04/12/2025;Datafolha;1;Ratinho Jr.;12;2;2002;Presencial;Brasil;Presidente;Primeiro turno
02/12/2025;04/12/2025;Datafolha;1;Lula;41;2;2002;Presencial;Brasil;Presidente;Primeiro turno
02/12/2025;04/12/2025;Datafolha;1;Caiado;7;2;2002;Presencial;Brasil;Presidente;Primeiro turno
02/12/2025;04/12/2025;Datafolha;1;Zema;6;2;2002;Presencial;Brasil;Presidente;Primeiro turno
02/12/2025;04/12/2025;Datafolha;1;branco / nulo;13;2;2002;Presencial;Brasil;Presidente;Primeiro turno
02/12/2025;04/12/2025;Datafolha;1;não sabe / não respondeu;2;2;2002;Presencial;Brasil;Presidente;Primeiro turno
02/12/2025;04/12/2025;Datafolha;1;Ratinho Jr.;12;2;2002;Presencial;Brasil;Presidente;Primeiro turno
02/12/2025;04/12/2025;Datafolha;1;Eduardo Bolsonaro;18;2;2002;Presencial;Brasil;Presidente;Primeiro turno
02/12/2025;04/12/2025;Datafolha;2;Lula;49;2;2002;Presencial;Brasil;Presidente;Lula vs Bolsonaro
02/12/2025;04/12/2025;Datafolha;2;Bolsonaro;40;2;2002;Presencial;Brasil;Presidente;Lula vs Bolsonaro
02/12/2025;04/12/2025;Datafolha;2;branco / nulo;10;2;2002;Presencial;Brasil;Presidente;Lula vs Bolsonaro
02/12/2025;04/12/2025;Datafolha;2;não sabe / não respondeu;1;2;2002;Presencial;Brasil;Presidente;Lula vs Bolsonaro
02/12/2025;04/12/2025;Datafolha;2;Lula;52;2;2002;Presencial;Brasil;Presidente;Lula vs Eduardo Bolsonaro
02/12/2025;04/12/2025;Datafolha;2;Eduardo Bolsonaro;35;2;2002;Presencial;Brasil;Presidente;Lula vs Eduardo Bolsonaro
02/12/2025;04/12/2025;Datafolha;2;branco / nulo;12;2;2002;Presencial;Brasil;Presidente;Lula vs Eduardo Bolsonaro
02/12/2025;04/12/2025;Datafolha;2;não sabe / não respondeu;1;2;2002;Presencial;Brasil;Presidente;Lula vs Eduardo Bolsonaro
02/12/2025;04/12/2025;Datafolha;2;Lula;51;2;2002;Presencial;Brasil;Presidente;Lula vs Flávio
02/12/2025;04/12/2025;Datafolha;2;Flávio;36;2;2002;Presencial;Brasil;Presidente;Lula vs Flávio
02/12/2025;04/12/2025;Datafolha;2;branco / nulo;12;2;2002;Presencial;Brasil;Presidente;Lula vs Flávio
02/12/2025;04/12/2025;Datafolha;2;não sabe / não respondeu;1;2;2002;Presencial;Brasil;Presidente;Lula vs Flávio
02/12/2025;04/12/2025;Datafolha;2;Lula;50;2;2002;Presencial;Brasil;Presidente;Lula vs Michele Bolsonaro
02/12/2025;04/12/2025;Datafolha;2;Michele Bolsonaro;39;2;2002;Presencial;Brasil;Presidente;Lula vs Michele Bolsonaro
02/12/2025;04/12/2025;Datafolha;2;branco / nulo;10;2;2002;Presencial;Brasil;Presidente;Lula vs Michele Bolsonaro
02/12/2025;04/12/2025;Datafolha;2;não sabe / não respondeu;1;2;2002;Presencial;Brasil;Presidente;Lula vs Michele Bolsonaro
02/12/2025;04/12/2025;Datafolha;2;Lula;47;2;2002;Presencial;Brasil;Presidente;Lula vs Ratinho Jr.
02/12/2025;04/12/2025;Datafolha;2;Ratinho Jr.;41;2;2002;Presencial;Brasil;Presidente;Lula vs Ratinho Jr.
02/12/2025;04/12/2025;Datafolha;2;branco / nulo;11;2;2002;Presencial;Brasil;Presidente;Lula vs Ratinho Jr.
02/12/2025;04/12/2025;Datafolha;2;não sabe / não respondeu;1;2;2002;Presencial;Brasil;Presidente;Lula vs Ratinho Jr.
02/12/2025;04/12/2025;Datafolha;2;Lula;47;2;2002;Presencial;Brasil;Presidente;Lula vs Tarcísio
02/12/2025;04/12/2025;Datafolha;2;Tarcísio;42;2;2002;Presencial;Brasil;Presidente;Lula vs Tarcísio
02/12/2025;04/12/2025;Datafolha;2;branco / nulo;10;2;2002;Presencial;Brasil;Presidente;Lula vs Tarcísio
02/12/2025;04/12/2025;Datafolha;2;não sabe / não respondeu;2;2;2002;Presencial;Brasil;Presidente;Lula vs Tarcísio
04/12/2025;08/12/2025;Ipsos-Ipec;1;Lula;38;2;2000;Presencial;Brasil;Presidente;Primeiro turno
04/12/2025;08/12/2025;Ipsos-Ipec;1;Caiado;5;2;2000;Presencial;Brasil;Presidente;Primeiro turno
04/12/2025;08/12/2025;Ipsos-Ipec;1;Zema;3;2;2000;Presencial;Brasil;Presidente;Primeiro turno
04/12/2025;08/12/2025;Ipsos-Ipec;1;branco / nulo;19;2;2000;Presencial;Brasil;Presidente;Primeiro turno
04/12/2025;08/12/2025;Ipsos-Ipec;1;não sabe / não respondeu;8;2;2000;Presencial;Brasil;Presidente;Primeiro turno
04/12/2025;08/12/2025;Ipsos-Ipec;1;Ratinho Jr.;9;2;2000;Presencial;Brasil;Presidente;Primeiro turno
04/12/2025;08/12/2025;Ipsos-Ipec;1;Tarcísio;17;2;2000;Presencial;Brasil;Presidente;Primeiro turno
04/12/2025;08/12/2025;Ipsos-Ipec;1;Lula;38;2;2000;Presencial;Brasil;Presidente;Primeiro turno
04/12/2025;08/12/2025;Ipsos-Ipec;1;Caiado;5;2;2000;Presencial;Brasil;Presidente;Primeiro turno
04/12/2025;08/12/2025;Ipsos-Ipec;1;Zema;4;2;2000;Presencial;Brasil;Presidente;Primeiro turno
04/12/2025;08/12/2025;Ipsos-Ipec;1;branco / nulo;16;2;2000;Presencial;Brasil;Presidente;Primeiro turno
04/12/2025;08/12/2025;Ipsos-Ipec;1;não sabe / não respondeu;5;2;2000;Presencial;Brasil;Presidente;Primeiro turno
04/12/2025;08/12/2025;Ipsos-Ipec;1;Ratinho Jr.;8;2;2000;Presencial;Brasil;Presidente;Primeiro turno
04/12/2025;08/12/2025;Ipsos-Ipec;1;Michele Bolsonaro;23;2;2000;Presencial;Brasil;Presidente;Primeiro turno
04/12/2025;08/12/2025;Ipsos-Ipec;1;Lula;39;2;2000;Presencial;Brasil;Presidente;Primeiro turno
04/12/2025;08/12/2025;Ipsos-Ipec;1;Flávio;19;2;2000;Presencial;Brasil;Presidente;Primeiro turno
04/12/2025;08/12/2025;Ipsos-Ipec;1;Caiado;7;2;2000;Presencial;Brasil;Presidente;Primeiro turno
04/12/2025;08/12/2025;Ipsos-Ipec;1;Zema;5;2;2000;Presencial;Brasil;Presidente;Primeiro turno
04/12/2025;08/12/2025;Ipsos-Ipec;1;branco / nulo;17;2;2000;Presencial;Brasil;Presidente;Primeiro turno
04/12/2025;08/12/2025;Ipsos-Ipec;1;não sabe / não respondeu;6;2;2000;Presencial;Brasil;Presidente;Primeiro turno
04/12/2025;08/12/2025;Ipsos-Ipec;1;Ratinho Jr.;9;2;2000;Presencial;Brasil;Presidente;Primeiro turno
04/12/2025;08/12/2025;Ipsos-Ipec;1;Lula;38;2;2000;Presencial;Brasil;Presidente;Primeiro turno
04/12/2025;08/12/2025;Ipsos-Ipec;1;Caiado;7;2;2000;Presencial;Brasil;Presidente;Primeiro turno
04/12/2025;08/12/2025;Ipsos-Ipec;1;Zema;5;2;2000;Presencial;Brasil;Presidente;Primeiro turno
04/12/2025;08/12/2025;Ipsos-Ipec;1;branco / nulo;17;2;2000;Presencial;Brasil;Presidente;Primeiro turno
04/12/2025;08/12/2025;Ipsos-Ipec;1;não sabe / não respondeu;6;2;2000;Presencial;Brasil;Presidente;Primeiro turno
04/12/2025;08/12/2025;Ipsos-Ipec;1;Ratinho Jr.;9;2;2000;Presencial;Brasil;Presidente;Primeiro turno
04/12/2025;08/12/2025;Ipsos-Ipec;1;Eduardo Bolsonaro;18;2;2000;Presencial;Brasil;Presidente;Primeiro turno
09/12/2025;09/12/2025;Futura;1;Lula;34,8;2,2;2001;Telefônica;Brasil;Presidente;Primeiro turno
09/12/2025;09/12/2025;Futura;1;Flávio;29,3;2,2;2001;Telefônica;Brasil;Presidente;Primeiro turno
09/12/2025;09/12/2025;Futura;1;Caiado;4,6;2,2;2001;Telefônica;Brasil;Presidente;Primeiro turno
09/12/2025;09/12/2025;Futura;1;Zema;4,2;2,2;2001;Telefônica;Brasil;Presidente;Primeiro turno
09/12/2025;09/12/2025;Futura;1;branco / nulo;22;2,2;2001;Telefônica;Brasil;Presidente;Primeiro turno
09/12/2025;09/12/2025;Futura;1;Ratinho Jr.;8,8;2,2;2001;Telefônica;Brasil;Presidente;Primeiro turno
09/12/2025;09/12/2025;Futura;1;Tarcísio;25,6;2,2;2001;Telefônica;Brasil;Presidente;Primeiro turno
09/12/2025;09/12/2025;Futura;1;Michele Bolsonaro;36,2;2,2;2001;Telefônica;Brasil;Presidente;Primeiro turno
08/12/2025;10/12/2025;Gerp;1;Lula;34;2,24;2000;Presencial;Brasil;Presidente;Primeiro turno
08/12/2025;10/12/2025;Gerp;1;Flávio;25;2,24;2000;Presencial;Brasil;Presidente;Primeiro turno
08/12/2025;10/12/2025;Gerp;1;Caiado;6;2,24;2000;Presencial;Brasil;Presidente;Primeiro turno
08/12/2025;10/12/2025;Gerp;1;Zema;4;2,24;2000;Presencial;Brasil;Presidente;Primeiro turno
08/12/2025;10/12/2025;Gerp;1;Outros;4;2,24;2000;Presencial;Brasil;Presidente;Primeiro turno
08/12/2025;10/12/2025;Gerp;1;branco / nulo;11;2,24;2000;Presencial;Brasil;Presidente;Primeiro turno
08/12/2025;10/12/2025;Gerp;1;Ratinho Jr.;8;2,24;2000;Presencial;Brasil;Presidente;Primeiro turno
08/12/2025;10/12/2025;Gerp;1;Ciro;7;2,24;2000;Presencial;Brasil;Presidente;Primeiro turno
11/12/2025;14/12/2025;Quaest;1;Lula;37;2;2004;Presencial;Brasil;Presidente;Primeiro turno
11/12/2025;14/12/2025;Quaest;1;Flávio;23;2;2004;Presencial;Brasil;Presidente;Primeiro turno
11/12/2025;14/12/2025;Quaest;1;Zema;4;2;2004;Presencial;Brasil;Presidente;Primeiro turno
11/12/2025;14/12/2025;Quaest;1;Renan;1;2;2004;Presencial;Brasil;Presidente;Primeiro turno
11/12/2025;14/12/2025;Quaest;1;branco / nulo;15;2;2004;Presencial;Brasil;Presidente;Primeiro turno
11/12/2025;14/12/2025;Quaest;1;não sabe / não respondeu;5;2;2004;Presencial;Brasil;Presidente;Primeiro turno
11/12/2025;14/12/2025;Quaest;1;Ratinho Jr.;11;2;2004;Presencial;Brasil;Presidente;Primeiro turno
11/12/2025;14/12/2025;Quaest;1;Aldo Rebelo;1;2;2004;Presencial;Brasil;Presidente;Primeiro turno
11/12/2025;14/12/2025;Quaest;1;Lula;39;2;2004;Presencial;Brasil;Presidente;Primeiro turno
11/12/2025;14/12/2025;Quaest;1;Flávio;27;2;2004;Presencial;Brasil;Presidente;Primeiro turno
11/12/2025;14/12/2025;Quaest;1;Caiado;4;2;2004;Presencial;Brasil;Presidente;Primeiro turno
11/12/2025;14/12/2025;Quaest;1;Renan;3;2;2004;Presencial;Brasil;Presidente;Primeiro turno
11/12/2025;14/12/2025;Quaest;1;branco / nulo;20;2;2004;Presencial;Brasil;Presidente;Primeiro turno
11/12/2025;14/12/2025;Quaest;1;não sabe / não respondeu;5;2;2004;Presencial;Brasil;Presidente;Primeiro turno
11/12/2025;14/12/2025;Quaest;1;Aldo Rebelo;2;2;2004;Presencial;Brasil;Presidente;Primeiro turno
11/12/2025;14/12/2025;Quaest;1;Lula;39;2;2004;Presencial;Brasil;Presidente;Primeiro turno
11/12/2025;14/12/2025;Quaest;1;Flávio;26;2;2004;Presencial;Brasil;Presidente;Primeiro turno
11/12/2025;14/12/2025;Quaest;1;Zema;6;2;2004;Presencial;Brasil;Presidente;Primeiro turno
11/12/2025;14/12/2025;Quaest;1;Renan;2;2;2004;Presencial;Brasil;Presidente;Primeiro turno
11/12/2025;14/12/2025;Quaest;1;branco / nulo;20;2;2004;Presencial;Brasil;Presidente;Primeiro turno
11/12/2025;14/12/2025;Quaest;1;não sabe / não respondeu;5;2;2004;Presencial;Brasil;Presidente;Primeiro turno
11/12/2025;14/12/2025;Quaest;1;Aldo Rebelo;2;2;2004;Presencial;Brasil;Presidente;Primeiro turno
11/12/2025;14/12/2025;Quaest;1;Lula;39;2;2004;Presencial;Brasil;Presidente;Primeiro turno
11/12/2025;14/12/2025;Quaest;1;Flávio;23;2;2004;Presencial;Brasil;Presidente;Primeiro turno
11/12/2025;14/12/2025;Quaest;1;Renan;2;2;2004;Presencial;Brasil;Presidente;Primeiro turno
11/12/2025;14/12/2025;Quaest;1;branco / nulo;16;2;2004;Presencial;Brasil;Presidente;Primeiro turno
11/12/2025;14/12/2025;Quaest;1;não sabe / não respondeu;5;2;2004;Presencial;Brasil;Presidente;Primeiro turno
11/12/2025;14/12/2025;Quaest;1;Ratinho Jr.;13;2;2004;Presencial;Brasil;Presidente;Primeiro turno
11/12/2025;14/12/2025;Quaest;1;Aldo Rebelo;2;2;2004;Presencial;Brasil;Presidente;Primeiro turno
11/12/2025;14/12/2025;Quaest;1;Lula;41;2;2004;Presencial;Brasil;Presidente;Primeiro turno
11/12/2025;14/12/2025;Quaest;1;Flávio;23;2;2004;Presencial;Brasil;Presidente;Primeiro turno
11/12/2025;14/12/2025;Quaest;1;Renan;2;2;2004;Presencial;Brasil;Presidente;Primeiro turno
11/12/2025;14/12/2025;Quaest;1;branco / nulo;17;2;2004;Presencial;Brasil;Presidente;Primeiro turno
11/12/2025;14/12/2025;Quaest;1;não sabe / não respondeu;6;2;2004;Presencial;Brasil;Presidente;Primeiro turno
11/12/2025;14/12/2025;Quaest;1;Tarcísio;10;2;2004;Presencial;Brasil;Presidente;Primeiro turno
11/12/2025;14/12/2025;Quaest;1;Aldo Rebelo;1;2;2004;Presencial;Brasil;Presidente;Primeiro turno
11/12/2025;14/12/2025;Quaest;1;Lula;34;2;2004;Presencial;Brasil;Presidente;Primeiro turno
11/12/2025;14/12/2025;Quaest;1;Flávio;21;2;2004;Presencial;Brasil;Presidente;Primeiro turno
11/12/2025;14/12/2025;Quaest;1;Caiado;2;2;2004;Presencial;Brasil;Presidente;Primeiro turno
11/12/2025;14/12/2025;Quaest;1;Zema;4;2;2004;Presencial;Brasil;Presidente;Primeiro turno
11/12/2025;14/12/2025;Quaest;1;Renan;1;2;2004;Presencial;Brasil;Presidente;Primeiro turno
11/12/2025;14/12/2025;Quaest;1;branco / nulo;13;2;2004;Presencial;Brasil;Presidente;Primeiro turno
11/12/2025;14/12/2025;Quaest;1;não sabe / não respondeu;4;2;2004;Presencial;Brasil;Presidente;Primeiro turno
11/12/2025;14/12/2025;Quaest;1;Ratinho Jr.;12;2;2004;Presencial;Brasil;Presidente;Primeiro turno
11/12/2025;14/12/2025;Quaest;1;Ciro;8;2;2004;Presencial;Brasil;Presidente;Primeiro turno
11/12/2025;14/12/2025;Quaest;1;Aldo Rebelo;1;2;2004;Presencial;Brasil;Presidente;Primeiro turno
11/12/2025;14/12/2025;Quaest;2;Lula;44;2;2004;Presencial;Brasil;Presidente;Lula vs Caiado
11/12/2025;14/12/2025;Quaest;2;Caiado;33;2;2004;Presencial;Brasil;Presidente;Lula vs Caiado
11/12/2025;14/12/2025;Quaest;2;branco / nulo;20;2;2004;Presencial;Brasil;Presidente;Lula vs Caiado
11/12/2025;14/12/2025;Quaest;2;não sabe / não respondeu;3;2;2004;Presencial;Brasil;Presidente;Lula vs Caiado
11/12/2025;14/12/2025;Quaest;2;Lula;46;2;2004;Presencial;Brasil;Presidente;Lula vs Flávio
11/12/2025;14/12/2025;Quaest;2;Flávio;36;2;2004;Presencial;Brasil;Presidente;Lula vs Flávio
11/12/2025;14/12/2025;Quaest;2;branco / nulo;15;2;2004;Presencial;Brasil;Presidente;Lula vs Flávio
11/12/2025;14/12/2025;Quaest;2;não sabe / não respondeu;3;2;2004;Presencial;Brasil;Presidente;Lula vs Flávio
11/12/2025;14/12/2025;Quaest;2;Lula;45;2;2004;Presencial;Brasil;Presidente;Lula vs Ratinho Jr.
11/12/2025;14/12/2025;Quaest;2;Ratinho Jr.;35;2;2004;Presencial;Brasil;Presidente;Lula vs Ratinho Jr.
11/12/2025;14/12/2025;Quaest;2;branco / nulo;17;2;2004;Presencial;Brasil;Presidente;Lula vs Ratinho Jr.
11/12/2025;14/12/2025;Quaest;2;não sabe / não respondeu;3;2;2004;Presencial;Brasil;Presidente;Lula vs Ratinho Jr.
11/12/2025;14/12/2025;Quaest;2;Lula;45;2;2004;Presencial;Brasil;Presidente;Lula vs Tarcísio
11/12/2025;14/12/2025;Quaest;2;Tarcísio;35;2;2004;Presencial;Brasil;Presidente;Lula vs Tarcísio
11/12/2025;14/12/2025;Quaest;2;branco / nulo;16;2;2004;Presencial;Brasil;Presidente;Lula vs Tarcísio
11/12/2025;14/12/2025;Quaest;2;não sabe / não respondeu;4;2;2004;Presencial;Brasil;Presidente;Lula vs Tarcísio
11/12/2025;14/12/2025;Quaest;2;Lula;45;2;2004;Presencial;Brasil;Presidente;Lula vs Zema
11/12/2025;14/12/2025;Quaest;2;Zema;33;2;2004;Presencial;Brasil;Presidente;Lula vs Zema
11/12/2025;14/12/2025;Quaest;2;branco / nulo;18;2;2004;Presencial;Brasil;Presidente;Lula vs Zema
11/12/2025;14/12/2025;Quaest;2;não sabe / não respondeu;4;2;2004;Presencial;Brasil;Presidente;Lula vs Zema
10/12/2025;15/12/2025;Atlas;1;Lula;49;1;18154;Online;Brasil;Presidente;Primeiro turno
10/12/2025;15/12/2025;Atlas;1;Caiado;8;1;18154;Online;Brasil;Presidente;Primeiro turno
10/12/2025;15/12/2025;Atlas;1;Zema;4;1;18154;Online;Brasil;Presidente;Primeiro turno
10/12/2025;15/12/2025;Atlas;1;Renan;3;1;18154;Online;Brasil;Presidente;Primeiro turno
10/12/2025;15/12/2025;Atlas;1;branco / nulo;2;1;18154;Online;Brasil;Presidente;Primeiro turno
10/12/2025;15/12/2025;Atlas;1;não sabe / não respondeu;1;1;18154;Online;Brasil;Presidente;Primeiro turno
10/12/2025;15/12/2025;Atlas;1;Ratinho Jr.;4;1;18154;Online;Brasil;Presidente;Primeiro turno
10/12/2025;15/12/2025;Atlas;1;Michele Bolsonaro;30;1;18154;Online;Brasil;Presidente;Primeiro turno
10/12/2025;15/12/2025;Atlas;1;Lula;49;1;18154;Online;Brasil;Presidente;Primeiro turno
10/12/2025;15/12/2025;Atlas;1;Caiado;16;1;18154;Online;Brasil;Presidente;Primeiro turno
10/12/2025;15/12/2025;Atlas;1;Zema;12;1;18154;Online;Brasil;Presidente;Primeiro turno
10/12/2025;15/12/2025;Atlas;1;Renan;4;1;18154;Online;Brasil;Presidente;Primeiro turno
10/12/2025;15/12/2025;Atlas;1;branco / nulo;8;1;18154;Online;Brasil;Presidente;Primeiro turno
10/12/2025;15/12/2025;Atlas;1;não sabe / não respondeu;3;1;18154;Online;Brasil;Presidente;Primeiro turno
10/12/2025;15/12/2025;Atlas;1;Ratinho Jr.;9;1;18154;Online;Brasil;Presidente;Primeiro turno
10/12/2025;15/12/2025;Atlas;1;Lula;48;1;18154;Online;Brasil;Presidente;Primeiro turno
10/12/2025;15/12/2025;Atlas;1;Flávio;29;1;18154;Online;Brasil;Presidente;Primeiro turno
10/12/2025;15/12/2025;Atlas;1;Caiado;4;1;18154;Online;Brasil;Presidente;Primeiro turno
10/12/2025;15/12/2025;Atlas;1;Zema;3;1;18154;Online;Brasil;Presidente;Primeiro turno
10/12/2025;15/12/2025;Atlas;1;Renan;2;1;18154;Online;Brasil;Presidente;Primeiro turno
10/12/2025;15/12/2025;Atlas;1;branco / nulo;2;1;18154;Online;Brasil;Presidente;Primeiro turno
10/12/2025;15/12/2025;Atlas;1;não sabe / não respondeu;1;1;18154;Online;Brasil;Presidente;Primeiro turno
10/12/2025;15/12/2025;Atlas;1;Ratinho Jr.;4;1;18154;Online;Brasil;Presidente;Primeiro turno
10/12/2025;15/12/2025;Atlas;1;Eduardo Leite;1;1;18154;Online;Brasil;Presidente;Primeiro turno
10/12/2025;15/12/2025;Atlas;1;Lula;48;1;18154;Online;Brasil;Presidente;Primeiro turno
10/12/2025;15/12/2025;Atlas;1;Flávio;21;1;18154;Online;Brasil;Presidente;Primeiro turno
10/12/2025;15/12/2025;Atlas;1;Caiado;4;1;18154;Online;Brasil;Presidente;Primeiro turno
10/12/2025;15/12/2025;Atlas;1;Zema;3;1;18154;Online;Brasil;Presidente;Primeiro turno
10/12/2025;15/12/2025;Atlas;1;Renan;2;1;18154;Online;Brasil;Presidente;Primeiro turno
10/12/2025;15/12/2025;Atlas;1;branco / nulo;1;1;18154;Online;Brasil;Presidente;Primeiro turno
10/12/2025;15/12/2025;Atlas;1;não sabe / não respondeu;1;1;18154;Online;Brasil;Presidente;Primeiro turno
10/12/2025;15/12/2025;Atlas;1;Ratinho Jr.;4;1;18154;Online;Brasil;Presidente;Primeiro turno
10/12/2025;15/12/2025;Atlas;1;Tarcísio;15;1;18154;Online;Brasil;Presidente;Primeiro turno
10/12/2025;15/12/2025;Atlas;1;Lula;49;1;18154;Online;Brasil;Presidente;Primeiro turno
10/12/2025;15/12/2025;Atlas;1;Caiado;6;1;18154;Online;Brasil;Presidente;Primeiro turno
10/12/2025;15/12/2025;Atlas;1;Zema;4;1;18154;Online;Brasil;Presidente;Primeiro turno
10/12/2025;15/12/2025;Atlas;1;Renan;3;1;18154;Online;Brasil;Presidente;Primeiro turno
10/12/2025;15/12/2025;Atlas;1;branco / nulo;0;1;18154;Online;Brasil;Presidente;Primeiro turno
10/12/2025;15/12/2025;Atlas;1;não sabe / não respondeu;0;1;18154;Online;Brasil;Presidente;Primeiro turno
10/12/2025;15/12/2025;Atlas;1;Ratinho Jr.;3;1;18154;Online;Brasil;Presidente;Primeiro turno
10/12/2025;15/12/2025;Atlas;1;Tarcísio;28;1;18154;Online;Brasil;Presidente;Primeiro turno
10/12/2025;15/12/2025;Atlas;2;Lula;49;1;18158;Online;Brasil;Presidente;Lula vs Caiado
10/12/2025;15/12/2025;Atlas;2;Caiado;39;1;18158;Online;Brasil;Presidente;Lula vs Caiado
10/12/2025;15/12/2025;Atlas;2;não sabe / não respondeu;12;1;18158;Online;Brasil;Presidente;Lula vs Caiado
10/12/2025;15/12/2025;Atlas;2;Lula;49;1;18158;Online;Brasil;Presidente;Lula vs Eduardo Leite
10/12/2025;15/12/2025;Atlas;2;Eduardo Leite;24;1;18158;Online;Brasil;Presidente;Lula vs Eduardo Leite
10/12/2025;15/12/2025;Atlas;2;não sabe / não respondeu;27;1;18158;Online;Brasil;Presidente;Lula vs Eduardo Leite
10/12/2025;15/12/2025;Atlas;2;Lula;53;1;18158;Online;Brasil;Presidente;Lula vs Flávio
10/12/2025;15/12/2025;Atlas;2;Flávio;41;1;18158;Online;Brasil;Presidente;Lula vs Flávio
10/12/2025;15/12/2025;Atlas;2;branco / nulo;0;1;18158;Online;Brasil;Presidente;Lula vs Flávio
10/12/2025;15/12/2025;Atlas;2;não sabe / não respondeu;6;1;18158;Online;Brasil;Presidente;Lula vs Flávio
10/12/2025;15/12/2025;Atlas;2;Lula;50;1;18158;Online;Brasil;Presidente;Lula vs Michele Bolsonaro
10/12/2025;15/12/2025;Atlas;2;Michele Bolsonaro;45;1;18158;Online;Brasil;Presidente;Lula vs Michele Bolsonaro
10/12/2025;15/12/2025;Atlas;2;não sabe / não respondeu;5;1;18158;Online;Brasil;Presidente;Lula vs Michele Bolsonaro
10/12/2025;15/12/2025;Atlas;2;Lula;49;1;18158;Online;Brasil;Presidente;Lula vs Ratinho Jr.
10/12/2025;15/12/2025;Atlas;2;Ratinho Jr.;39;1;18158;Online;Brasil;Presidente;Lula vs Ratinho Jr.
10/12/2025;15/12/2025;Atlas;2;não sabe / não respondeu;12;1;18158;Online;Brasil;Presidente;Lula vs Ratinho Jr.
10/12/2025;15/12/2025;Atlas;2;Lula;49;1;18158;Online;Brasil;Presidente;Lula vs Tarcísio
10/12/2025;15/12/2025;Atlas;2;Tarcísio;45;1;18158;Online;Brasil;Presidente;Lula vs Tarcísio
10/12/2025;15/12/2025;Atlas;2;branco / nulo;0;1;18158;Online;Brasil;Presidente;Lula vs Tarcísio
10/12/2025;15/12/2025;Atlas;2;não sabe / não respondeu;5;1;18158;Online;Brasil;Presidente;Lula vs Tarcísio
10/12/2025;15/12/2025;Atlas;2;Lula;49;1;18158;Online;Brasil;Presidente;Lula vs Zema
10/12/2025;15/12/2025;Atlas;2;Zema;39;1;18158;Online;Brasil;Presidente;Lula vs Zema
10/12/2025;15/12/2025;Atlas;2;não sabe / não respondeu;12;1;18158;Online;Brasil;Presidente;Lula vs Zema
22/12/2025;22/12/2025;Paraná Pesquisas;1;Lula;36,9;2,2;2038;Presencial;Brasil;Presidente;Primeiro turno
22/12/2025;22/12/2025;Paraná Pesquisas;1;Flávio;27,8;2,2;2038;Presencial;Brasil;Presidente;Primeiro turno
22/12/2025;22/12/2025;Paraná Pesquisas;1;Caiado;4;2,2;2038;Presencial;Brasil;Presidente;Primeiro turno
22/12/2025;22/12/2025;Paraná Pesquisas;1;Zema;1,6;2,2;2038;Presencial;Brasil;Presidente;Primeiro turno
22/12/2025;22/12/2025;Paraná Pesquisas;1;Renan;0,6;2,2;2038;Presencial;Brasil;Presidente;Primeiro turno
22/12/2025;22/12/2025;Paraná Pesquisas;1;Outros;1,4;2,2;2038;Presencial;Brasil;Presidente;Primeiro turno
22/12/2025;22/12/2025;Paraná Pesquisas;1;branco / nulo;10,8;2,2;2038;Presencial;Brasil;Presidente;Primeiro turno
22/12/2025;22/12/2025;Paraná Pesquisas;1;Ratinho Jr.;6,5;2,2;2038;Presencial;Brasil;Presidente;Primeiro turno
22/12/2025;22/12/2025;Paraná Pesquisas;1;Tarcísio;26,2;2,2;2038;Presencial;Brasil;Presidente;Primeiro turno
22/12/2025;22/12/2025;Paraná Pesquisas;1;Michele Bolsonaro;24,4;2,2;2038;Presencial;Brasil;Presidente;Primeiro turno
22/12/2025;22/12/2025;Paraná Pesquisas;1;Bolsonaro;31,3;2,2;2038;Presencial;Brasil;Presidente;Primeiro turno
22/12/2025;22/12/2025;Paraná Pesquisas;1;Ciro;6,9;2,2;2038;Presencial;Brasil;Presidente;Primeiro turno
08/01/2026;11/01/2026;Quaest;1;Lula;38;2;2004;Presencial;Brasil;Presidente;Primeiro turno
08/01/2026;11/01/2026;Quaest;1;Flávio;31;2;2004;Presencial;Brasil;Presidente;Primeiro turno
08/01/2026;11/01/2026;Quaest;1;Caiado;5;2;2004;Presencial;Brasil;Presidente;Primeiro turno
08/01/2026;11/01/2026;Quaest;1;Renan;2;2;2004;Presencial;Brasil;Presidente;Primeiro turno
08/01/2026;11/01/2026;Quaest;1;branco / nulo;14;2;2004;Presencial;Brasil;Presidente;Primeiro turno
08/01/2026;11/01/2026;Quaest;1;não sabe / não respondeu;8;2;2004;Presencial;Brasil;Presidente;Primeiro turno
08/01/2026;11/01/2026;Quaest;1;Aldo Rebelo;2;2;2004;Presencial;Brasil;Presidente;Primeiro turno
08/01/2026;11/01/2026;Quaest;1;Lula;39;2;2004;Presencial;Brasil;Presidente;Primeiro turno
08/01/2026;11/01/2026;Quaest;1;Flávio;32;2;2004;Presencial;Brasil;Presidente;Primeiro turno
08/01/2026;11/01/2026;Quaest;1;Zema;5;2;2004;Presencial;Brasil;Presidente;Primeiro turno
08/01/2026;11/01/2026;Quaest;1;Renan;2;2;2004;Presencial;Brasil;Presidente;Primeiro turno
08/01/2026;11/01/2026;Quaest;1;branco / nulo;13;2;2004;Presencial;Brasil;Presidente;Primeiro turno
08/01/2026;11/01/2026;Quaest;1;não sabe / não respondeu;7;2;2004;Presencial;Brasil;Presidente;Primeiro turno
08/01/2026;11/01/2026;Quaest;1;Aldo Rebelo;2;2;2004;Presencial;Brasil;Presidente;Primeiro turno
08/01/2026;11/01/2026;Quaest;1;Lula;37;2;2004;Presencial;Brasil;Presidente;Primeiro turno
08/01/2026;11/01/2026;Quaest;1;Flávio;28;2;2004;Presencial;Brasil;Presidente;Primeiro turno
08/01/2026;11/01/2026;Quaest;1;Renan;2;2;2004;Presencial;Brasil;Presidente;Primeiro turno
08/01/2026;11/01/2026;Quaest;1;branco / nulo;13;2;2004;Presencial;Brasil;Presidente;Primeiro turno
08/01/2026;11/01/2026;Quaest;1;não sabe / não respondeu;7;2;2004;Presencial;Brasil;Presidente;Primeiro turno
08/01/2026;11/01/2026;Quaest;1;Ratinho Jr.;11;2;2004;Presencial;Brasil;Presidente;Primeiro turno
08/01/2026;11/01/2026;Quaest;1;Aldo Rebelo;2;2;2004;Presencial;Brasil;Presidente;Primeiro turno
08/01/2026;11/01/2026;Quaest;1;Lula;40;2;2004;Presencial;Brasil;Presidente;Primeiro turno
08/01/2026;11/01/2026;Quaest;1;Flávio;23;2;2004;Presencial;Brasil;Presidente;Primeiro turno
08/01/2026;11/01/2026;Quaest;1;Renan;2;2;2004;Presencial;Brasil;Presidente;Primeiro turno
08/01/2026;11/01/2026;Quaest;1;branco / nulo;12;2;2004;Presencial;Brasil;Presidente;Primeiro turno
08/01/2026;11/01/2026;Quaest;1;não sabe / não respondeu;7;2;2004;Presencial;Brasil;Presidente;Primeiro turno
08/01/2026;11/01/2026;Quaest;1;Tarcísio;14;2;2004;Presencial;Brasil;Presidente;Primeiro turno
08/01/2026;11/01/2026;Quaest;1;Aldo Rebelo;2;2;2004;Presencial;Brasil;Presidente;Primeiro turno
08/01/2026;11/01/2026;Quaest;1;Lula;39;2;2004;Presencial;Brasil;Presidente;Primeiro turno
08/01/2026;11/01/2026;Quaest;1;Caiado;5;2;2004;Presencial;Brasil;Presidente;Primeiro turno
08/01/2026;11/01/2026;Quaest;1;Renan;4;2;2004;Presencial;Brasil;Presidente;Primeiro turno
08/01/2026;11/01/2026;Quaest;1;branco / nulo;14;2;2004;Presencial;Brasil;Presidente;Primeiro turno
08/01/2026;11/01/2026;Quaest;1;não sabe / não respondeu;8;2;2004;Presencial;Brasil;Presidente;Primeiro turno
08/01/2026;11/01/2026;Quaest;1;Tarcísio;27;2;2004;Presencial;Brasil;Presidente;Primeiro turno
08/01/2026;11/01/2026;Quaest;1;Aldo Rebelo;3;2;2004;Presencial;Brasil;Presidente;Primeiro turno
08/01/2026;11/01/2026;Quaest;1;Lula;35;2;2004;Presencial;Brasil;Presidente;Primeiro turno
08/01/2026;11/01/2026;Quaest;1;Flávio;26;2;2004;Presencial;Brasil;Presidente;Primeiro turno
08/01/2026;11/01/2026;Quaest;1;Caiado;4;2;2004;Presencial;Brasil;Presidente;Primeiro turno
08/01/2026;11/01/2026;Quaest;1;Zema;3;2;2004;Presencial;Brasil;Presidente;Primeiro turno
08/01/2026;11/01/2026;Quaest;1;Renan;1;2;2004;Presencial;Brasil;Presidente;Primeiro turno
08/01/2026;11/01/2026;Quaest;1;branco / nulo;12;2;2004;Presencial;Brasil;Presidente;Primeiro turno
08/01/2026;11/01/2026;Quaest;1;não sabe / não respondeu;8;2;2004;Presencial;Brasil;Presidente;Primeiro turno
08/01/2026;11/01/2026;Quaest;1;Ratinho Jr.;9;2;2004;Presencial;Brasil;Presidente;Primeiro turno
08/01/2026;11/01/2026;Quaest;1;Aldo Rebelo;2;2;2004;Presencial;Brasil;Presidente;Primeiro turno
08/01/2026;11/01/2026;Quaest;1;Lula;36;2;2004;Presencial;Brasil;Presidente;Primeiro turno
08/01/2026;11/01/2026;Quaest;1;Flávio;23;2;2004;Presencial;Brasil;Presidente;Primeiro turno
08/01/2026;11/01/2026;Quaest;1;Caiado;3;2;2004;Presencial;Brasil;Presidente;Primeiro turno
08/01/2026;11/01/2026;Quaest;1;Zema;2;2;2004;Presencial;Brasil;Presidente;Primeiro turno
08/01/2026;11/01/2026;Quaest;1;Renan;1;2;2004;Presencial;Brasil;Presidente;Primeiro turno
08/01/2026;11/01/2026;Quaest;1;branco / nulo;11;2;2004;Presencial;Brasil;Presidente;Primeiro turno
08/01/2026;11/01/2026;Quaest;1;não sabe / não respondeu;7;2;2004;Presencial;Brasil;Presidente;Primeiro turno
08/01/2026;11/01/2026;Quaest;1;Ratinho Jr.;7;2;2004;Presencial;Brasil;Presidente;Primeiro turno
08/01/2026;11/01/2026;Quaest;1;Tarcísio;9;2;2004;Presencial;Brasil;Presidente;Primeiro turno
08/01/2026;11/01/2026;Quaest;1;Aldo Rebelo;1;2;2004;Presencial;Brasil;Presidente;Primeiro turno
08/01/2026;11/01/2026;Quaest;2;Lula;44;2;2004;Presencial;Brasil;Presidente;Lula vs Caiado
08/01/2026;11/01/2026;Quaest;2;Caiado;33;2;2004;Presencial;Brasil;Presidente;Lula vs Caiado
08/01/2026;11/01/2026;Quaest;2;branco / nulo;19;2;2004;Presencial;Brasil;Presidente;Lula vs Caiado
08/01/2026;11/01/2026;Quaest;2;não sabe / não respondeu;4;2;2004;Presencial;Brasil;Presidente;Lula vs Caiado
08/01/2026;11/01/2026;Quaest;2;Lula;45;2;2004;Presencial;Brasil;Presidente;Lula vs Flávio
08/01/2026;11/01/2026;Quaest;2;Flávio;38;2;2004;Presencial;Brasil;Presidente;Lula vs Flávio
08/01/2026;11/01/2026;Quaest;2;branco / nulo;15;2;2004;Presencial;Brasil;Presidente;Lula vs Flávio
08/01/2026;11/01/2026;Quaest;2;não sabe / não respondeu;2;2;2004;Presencial;Brasil;Presidente;Lula vs Flávio
08/01/2026;11/01/2026;Quaest;2;Lula;43;2;2004;Presencial;Brasil;Presidente;Lula vs Ratinho Jr.
08/01/2026;11/01/2026;Quaest;2;Ratinho Jr.;36;2;2004;Presencial;Brasil;Presidente;Lula vs Ratinho Jr.
08/01/2026;11/01/2026;Quaest;2;branco / nulo;17;2;2004;Presencial;Brasil;Presidente;Lula vs Ratinho Jr.
08/01/2026;11/01/2026;Quaest;2;não sabe / não respondeu;4;2;2004;Presencial;Brasil;Presidente;Lula vs Ratinho Jr.
08/01/2026;11/01/2026;Quaest;2;Lula;46;2;2004;Presencial;Brasil;Presidente;Lula vs Renan
08/01/2026;11/01/2026;Quaest;2;Renan;26;2;2004;Presencial;Brasil;Presidente;Lula vs Renan
08/01/2026;11/01/2026;Quaest;2;branco / nulo;24;2;2004;Presencial;Brasil;Presidente;Lula vs Renan
08/01/2026;11/01/2026;Quaest;2;não sabe / não respondeu;4;2;2004;Presencial;Brasil;Presidente;Lula vs Renan
08/01/2026;11/01/2026;Quaest;2;Lula;44;2;2004;Presencial;Brasil;Presidente;Lula vs Tarcísio
08/01/2026;11/01/2026;Quaest;2;Tarcísio;39;2;2004;Presencial;Brasil;Presidente;Lula vs Tarcísio
08/01/2026;11/01/2026;Quaest;2;branco / nulo;13;2;2004;Presencial;Brasil;Presidente;Lula vs Tarcísio
08/01/2026;11/01/2026;Quaest;2;não sabe / não respondeu;4;2;2004;Presencial;Brasil;Presidente;Lula vs Tarcísio
08/01/2026;11/01/2026;Quaest;2;Lula;46;2;2004;Presencial;Brasil;Presidente;Lula vs Zema
08/01/2026;11/01/2026;Quaest;2;Zema;31;2;2004;Presencial;Brasil;Presidente;Lula vs Zema
08/01/2026;11/01/2026;Quaest;2;branco / nulo;19;2;2004;Presencial;Brasil;Presidente;Lula vs Zema
08/01/2026;11/01/2026;Quaest;2;não sabe / não respondeu;4;2;2004;Presencial;Brasil;Presidente;Lula vs Zema
08/01/2026;12/01/2026;Ideia;1;Lula;40,2;2,2;2000;Telefônica;Brasil;Presidente;Primeiro turno
08/01/2026;12/01/2026;Ideia;1;Caiado;5,5;2,2;2000;Telefônica;Brasil;Presidente;Primeiro turno
08/01/2026;12/01/2026;Ideia;1;Renan;0,5;2,2;2000;Telefônica;Brasil;Presidente;Primeiro turno
08/01/2026;12/01/2026;Ideia;1;branco / nulo;3,6;2,2;2000;Telefônica;Brasil;Presidente;Primeiro turno
08/01/2026;12/01/2026;Ideia;1;não sabe / não respondeu;11,8;2,2;2000;Telefônica;Brasil;Presidente;Primeiro turno
08/01/2026;12/01/2026;Ideia;1;Tarcísio;32,7;2,2;2000;Telefônica;Brasil;Presidente;Primeiro turno
08/01/2026;12/01/2026;Ideia;1;Aldo Rebelo;0,4;2,2;2000;Telefônica;Brasil;Presidente;Primeiro turno
08/01/2026;12/01/2026;Ideia;1;Lula;39,7;2,2;2000;Telefônica;Brasil;Presidente;Primeiro turno
08/01/2026;12/01/2026;Ideia;1;Flávio;26,5;2,2;2000;Telefônica;Brasil;Presidente;Primeiro turno
08/01/2026;12/01/2026;Ideia;1;Caiado;4,2;2,2;2000;Telefônica;Brasil;Presidente;Primeiro turno
08/01/2026;12/01/2026;Ideia;1;Zema;3,6;2,2;2000;Telefônica;Brasil;Presidente;Primeiro turno
08/01/2026;12/01/2026;Ideia;1;Renan;0,4;2,2;2000;Telefônica;Brasil;Presidente;Primeiro turno
08/01/2026;12/01/2026;Ideia;1;branco / nulo;7,1;2,2;2000;Telefônica;Brasil;Presidente;Primeiro turno
08/01/2026;12/01/2026;Ideia;1;não sabe / não respondeu;11,4;2,2;2000;Telefônica;Brasil;Presidente;Primeiro turno
08/01/2026;12/01/2026;Ideia;1;Ratinho Jr.;7;2,2;2000;Telefônica;Brasil;Presidente;Primeiro turno
08/01/2026;12/01/2026;Ideia;1;Aldo Rebelo;0,2;2,2;2000;Telefônica;Brasil;Presidente;Primeiro turno
08/01/2026;12/01/2026;Ideia;1;Lula;39,6;2,2;2000;Telefônica;Brasil;Presidente;Primeiro turno
08/01/2026;12/01/2026;Ideia;1;Flávio;27,6;2,2;2000;Telefônica;Brasil;Presidente;Primeiro turno
08/01/2026;12/01/2026;Ideia;1;Caiado;5,5;2,2;2000;Telefônica;Brasil;Presidente;Primeiro turno
08/01/2026;12/01/2026;Ideia;1;Zema;5,4;2,2;2000;Telefônica;Brasil;Presidente;Primeiro turno
08/01/2026;12/01/2026;Ideia;1;Renan;0,7;2,2;2000;Telefônica;Brasil;Presidente;Primeiro turno
08/01/2026;12/01/2026;Ideia;1;branco / nulo;5,6;2,2;2000;Telefônica;Brasil;Presidente;Primeiro turno
08/01/2026;12/01/2026;Ideia;1;não sabe / não respondeu;12,9;2,2;2000;Telefônica;Brasil;Presidente;Primeiro turno
08/01/2026;12/01/2026;Ideia;1;Eduardo Leite;2,8;2,2;2000;Telefônica;Brasil;Presidente;Primeiro turno
08/01/2026;12/01/2026;Ideia;1;Aldo Rebelo;0,2;2,2;2000;Telefônica;Brasil;Presidente;Primeiro turno
08/01/2026;12/01/2026;Ideia;1;Lula;40;2,2;2000;Telefônica;Brasil;Presidente;Primeiro turno
08/01/2026;12/01/2026;Ideia;1;Caiado;4,3;2,2;2000;Telefônica;Brasil;Presidente;Primeiro turno
08/01/2026;12/01/2026;Ideia;1;Zema;3,8;2,2;2000;Telefônica;Brasil;Presidente;Primeiro turno
08/01/2026;12/01/2026;Ideia;1;Renan;0,7;2,2;2000;Telefônica;Brasil;Presidente;Primeiro turno
08/01/2026;12/01/2026;Ideia;1;branco / nulo;5,9;2,2;2000;Telefônica;Brasil;Presidente;Primeiro turno
08/01/2026;12/01/2026;Ideia;1;não sabe / não respondeu;10,3;2,2;2000;Telefônica;Brasil;Presidente;Primeiro turno
08/01/2026;12/01/2026;Ideia;1;Ratinho Jr.;6;2,2;2000;Telefônica;Brasil;Presidente;Primeiro turno
08/01/2026;12/01/2026;Ideia;1;Michele Bolsonaro;29;2,2;2000;Telefônica;Brasil;Presidente;Primeiro turno
08/01/2026;12/01/2026;Ideia;1;Aldo Rebelo;0,2;2,2;2000;Telefônica;Brasil;Presidente;Primeiro turno
08/01/2026;12/01/2026;Ideia;1;Lula;40,1;2,2;2000;Telefônica;Brasil;Presidente;Primeiro turno
08/01/2026;12/01/2026;Ideia;1;Caiado;5,1;2,2;2000;Telefônica;Brasil;Presidente;Primeiro turno
08/01/2026;12/01/2026;Ideia;1;Zema;5,8;2,2;2000;Telefônica;Brasil;Presidente;Primeiro turno
08/01/2026;12/01/2026;Ideia;1;Renan;1,3;2,2;2000;Telefônica;Brasil;Presidente;Primeiro turno
08/01/2026;12/01/2026;Ideia;1;branco / nulo;5,1;2,2;2000;Telefônica;Brasil;Presidente;Primeiro turno
08/01/2026;12/01/2026;Ideia;1;não sabe / não respondeu;10,3;2,2;2000;Telefônica;Brasil;Presidente;Primeiro turno
08/01/2026;12/01/2026;Ideia;1;Michele Bolsonaro;29,7;2,2;2000;Telefônica;Brasil;Presidente;Primeiro turno
08/01/2026;12/01/2026;Ideia;1;Eduardo Leite;2,5;2,2;2000;Telefônica;Brasil;Presidente;Primeiro turno
08/01/2026;12/01/2026;Ideia;1;Aldo Rebelo;0,3;2,2;2000;Telefônica;Brasil;Presidente;Primeiro turno
08/01/2026;12/01/2026;Ideia;2;Lula;46,3;2,2;2000;Telefônica;Brasil;Presidente;Lula vs Caiado
08/01/2026;12/01/2026;Ideia;2;Caiado;36,5;2,2;2000;Telefônica;Brasil;Presidente;Lula vs Caiado
08/01/2026;12/01/2026;Ideia;2;branco / nulo;10,6;2,2;2000;Telefônica;Brasil;Presidente;Lula vs Caiado
08/01/2026;12/01/2026;Ideia;2;não sabe / não respondeu;6,7;2,2;2000;Telefônica;Brasil;Presidente;Lula vs Caiado
08/01/2026;12/01/2026;Ideia;2;Lula;45;2,2;2000;Telefônica;Brasil;Presidente;Lula vs Eduardo Leite
08/01/2026;12/01/2026;Ideia;2;Eduardo Leite;23;2,2;2000;Telefônica;Brasil;Presidente;Lula vs Eduardo Leite
08/01/2026;12/01/2026;Ideia;2;branco / nulo;18,5;2,2;2000;Telefônica;Brasil;Presidente;Lula vs Eduardo Leite
08/01/2026;12/01/2026;Ideia;2;não sabe / não respondeu;13,6;2,2;2000;Telefônica;Brasil;Presidente;Lula vs Eduardo Leite
08/01/2026;12/01/2026;Ideia;2;Lula;46,2;2,2;2000;Telefônica;Brasil;Presidente;Lula vs Flávio
08/01/2026;12/01/2026;Ideia;2;Flávio;36;2,2;2000;Telefônica;Brasil;Presidente;Lula vs Flávio
08/01/2026;12/01/2026;Ideia;2;branco / nulo;9,8;2,2;2000;Telefônica;Brasil;Presidente;Lula vs Flávio
08/01/2026;12/01/2026;Ideia;2;não sabe / não respondeu;8;2,2;2000;Telefônica;Brasil;Presidente;Lula vs Flávio
08/01/2026;12/01/2026;Ideia;2;Lula;46;2,2;2000;Telefônica;Brasil;Presidente;Lula vs Michele Bolsonaro
08/01/2026;12/01/2026;Ideia;2;Michele Bolsonaro;39;2,2;2000;Telefônica;Brasil;Presidente;Lula vs Michele Bolsonaro
08/01/2026;12/01/2026;Ideia;2;branco / nulo;8,6;2,2;2000;Telefônica;Brasil;Presidente;Lula vs Michele Bolsonaro
08/01/2026;12/01/2026;Ideia;2;não sabe / não respondeu;6,5;2,2;2000;Telefônica;Brasil;Presidente;Lula vs Michele Bolsonaro
08/01/2026;12/01/2026;Ideia;2;Lula;46;2,2;2000;Telefônica;Brasil;Presidente;Lula vs Ratinho Jr.
08/01/2026;12/01/2026;Ideia;2;Ratinho Jr.;37;2,2;2000;Telefônica;Brasil;Presidente;Lula vs Ratinho Jr.
08/01/2026;12/01/2026;Ideia;2;branco / nulo;10,1;2,2;2000;Telefônica;Brasil;Presidente;Lula vs Ratinho Jr.
08/01/2026;12/01/2026;Ideia;2;não sabe / não respondeu;7;2,2;2000;Telefônica;Brasil;Presidente;Lula vs Ratinho Jr.
08/01/2026;12/01/2026;Ideia;2;Lula;46,5;2,2;2000;Telefônica;Brasil;Presidente;Lula vs Renan
08/01/2026;12/01/2026;Ideia;2;Renan;23,5;2,2;2000;Telefônica;Brasil;Presidente;Lula vs Renan
08/01/2026;12/01/2026;Ideia;2;branco / nulo;19,5;2,2;2000;Telefônica;Brasil;Presidente;Lula vs Renan
08/01/2026;12/01/2026;Ideia;2;não sabe / não respondeu;10,6;2,2;2000;Telefônica;Brasil;Presidente;Lula vs Renan
08/01/2026;12/01/2026;Ideia;2;Lula;44,4;2,2;2000;Telefônica;Brasil;Presidente;Lula vs Tarcísio
08/01/2026;12/01/2026;Ideia;2;Tarcísio;42,1;2,2;2000;Telefônica;Brasil;Presidente;Lula vs Tarcísio
08/01/2026;12/01/2026;Ideia;2;branco / nulo;7,2;2,2;2000;Telefônica;Brasil;Presidente;Lula vs Tarcísio
08/01/2026;12/01/2026;Ideia;2;não sabe / não respondeu;6,4;2,2;2000;Telefônica;Brasil;Presidente;Lula vs Tarcísio
08/01/2026;12/01/2026;Ideia;2;Lula;46,3;2,2;2000;Telefônica;Brasil;Presidente;Lula vs Zema
08/01/2026;12/01/2026;Ideia;2;Zema;36,1;2,2;2000;Telefônica;Brasil;Presidente;Lula vs Zema
08/01/2026;12/01/2026;Ideia;2;branco / nulo;10,8;2,2;2000;Telefônica;Brasil;Presidente;Lula vs Zema
08/01/2026;12/01/2026;Ideia;2;não sabe / não respondeu;6,9;2,2;2000;Telefônica;Brasil;Presidente;Lula vs Zema
19/01/2026;19/01/2026;Futura;1;Lula;36,3;2,2;2000;Telefônica;Brasil;Presidente;Primeiro turno
19/01/2026;19/01/2026;Futura;1;Flávio;39,4;2,2;2000;Telefônica;Brasil;Presidente;Primeiro turno
19/01/2026;19/01/2026;Futura;1;Caiado;4,9;2,2;2000;Telefônica;Brasil;Presidente;Primeiro turno
19/01/2026;19/01/2026;Futura;1;Zema;4,8;2,2;2000;Telefônica;Brasil;Presidente;Primeiro turno
19/01/2026;19/01/2026;Futura;1;branco / nulo;11,4;2,2;2000;Telefônica;Brasil;Presidente;Primeiro turno
19/01/2026;19/01/2026;Futura;1;Eduardo Leite;3,1;2,2;2000;Telefônica;Brasil;Presidente;Primeiro turno
19/01/2026;19/01/2026;Futura;1;Lula;37,5;2,2;2000;Telefônica;Brasil;Presidente;Primeiro turno
19/01/2026;19/01/2026;Futura;1;Flávio;35,1;2,2;2000;Telefônica;Brasil;Presidente;Primeiro turno
19/01/2026;19/01/2026;Futura;1;Renan;2,7;2,2;2000;Telefônica;Brasil;Presidente;Primeiro turno
19/01/2026;19/01/2026;Futura;1;branco / nulo;10;2,2;2000;Telefônica;Brasil;Presidente;Primeiro turno
19/01/2026;19/01/2026;Futura;1;Tarcísio;14,8;2,2;2000;Telefônica;Brasil;Presidente;Primeiro turno
19/01/2026;19/01/2026;Futura;1;Lula;38;2,2;2000;Telefônica;Brasil;Presidente;Primeiro turno
19/01/2026;19/01/2026;Futura;1;Flávio;39,6;2,2;2000;Telefônica;Brasil;Presidente;Primeiro turno
19/01/2026;19/01/2026;Futura;1;Renan;2,3;2,2;2000;Telefônica;Brasil;Presidente;Primeiro turno
19/01/2026;19/01/2026;Futura;1;branco / nulo;9,2;2,2;2000;Telefônica;Brasil;Presidente;Primeiro turno
19/01/2026;19/01/2026;Futura;1;Ratinho Jr.;11;2,2;2000;Telefônica;Brasil;Presidente;Primeiro turno
19/01/2026;19/01/2026;Futura;1;Lula;38,7;2,2;2000;Telefônica;Brasil;Presidente;Primeiro turno
19/01/2026;19/01/2026;Futura;1;Flávio;43,8;2,2;2000;Telefônica;Brasil;Presidente;Primeiro turno
19/01/2026;19/01/2026;Futura;1;Renan;2,8;2,2;2000;Telefônica;Brasil;Presidente;Primeiro turno
19/01/2026;19/01/2026;Futura;1;branco / nulo;10,4;2,2;2000;Telefônica;Brasil;Presidente;Primeiro turno
19/01/2026;19/01/2026;Futura;1;Eduardo Leite;4,2;2,2;2000;Telefônica;Brasil;Presidente;Primeiro turno
15/01/2026;20/01/2026;Atlas;1;Lula;49;1;5418;Online;Brasil;Presidente;Primeiro turno
15/01/2026;20/01/2026;Atlas;1;Caiado;15;1;5418;Online;Brasil;Presidente;Primeiro turno
15/01/2026;20/01/2026;Atlas;1;Zema;11;1;5418;Online;Brasil;Presidente;Primeiro turno
15/01/2026;20/01/2026;Atlas;1;Renan;4;1;5418;Online;Brasil;Presidente;Primeiro turno
15/01/2026;20/01/2026;Atlas;1;branco / nulo;8;1;5418;Online;Brasil;Presidente;Primeiro turno
15/01/2026;20/01/2026;Atlas;1;não sabe / não respondeu;2;1;5418;Online;Brasil;Presidente;Primeiro turno
15/01/2026;20/01/2026;Atlas;1;Ratinho Jr.;9;1;5418;Online;Brasil;Presidente;Primeiro turno
15/01/2026;20/01/2026;Atlas;1;Aldo Rebelo;1;1;5418;Online;Brasil;Presidente;Primeiro turno
15/01/2026;20/01/2026;Atlas;1;Lula;48;1;5418;Online;Brasil;Presidente;Primeiro turno
15/01/2026;20/01/2026;Atlas;1;Flávio;28;1;5418;Online;Brasil;Presidente;Primeiro turno
15/01/2026;20/01/2026;Atlas;1;Caiado;3;1;5418;Online;Brasil;Presidente;Primeiro turno
15/01/2026;20/01/2026;Atlas;1;Zema;2;1;5418;Online;Brasil;Presidente;Primeiro turno
15/01/2026;20/01/2026;Atlas;1;Renan;3;1;5418;Online;Brasil;Presidente;Primeiro turno
15/01/2026;20/01/2026;Atlas;1;branco / nulo;2;1;5418;Online;Brasil;Presidente;Primeiro turno
15/01/2026;20/01/2026;Atlas;1;não sabe / não respondeu;0;1;5418;Online;Brasil;Presidente;Primeiro turno
15/01/2026;20/01/2026;Atlas;1;Ratinho Jr.;2;1;5418;Online;Brasil;Presidente;Primeiro turno
15/01/2026;20/01/2026;Atlas;1;Tarcísio;11;1;5418;Online;Brasil;Presidente;Primeiro turno
15/01/2026;20/01/2026;Atlas;1;Aldo Rebelo;1;1;5418;Online;Brasil;Presidente;Primeiro turno
15/01/2026;20/01/2026;Atlas;1;Lula;49;1;5418;Online;Brasil;Presidente;Primeiro turno
15/01/2026;20/01/2026;Atlas;1;Flávio;35;1;5418;Online;Brasil;Presidente;Primeiro turno
15/01/2026;20/01/2026;Atlas;1;Caiado;4;1;5418;Online;Brasil;Presidente;Primeiro turno
15/01/2026;20/01/2026;Atlas;1;Zema;3;1;5418;Online;Brasil;Presidente;Primeiro turno
15/01/2026;20/01/2026;Atlas;1;Renan;3;1;5418;Online;Brasil;Presidente;Primeiro turno
15/01/2026;20/01/2026;Atlas;1;branco / nulo;2;1;5418;Online;Brasil;Presidente;Primeiro turno
15/01/2026;20/01/2026;Atlas;1;não sabe / não respondeu;0;1;5418;Online;Brasil;Presidente;Primeiro turno
15/01/2026;20/01/2026;Atlas;1;Aldo Rebelo;1;1;5418;Online;Brasil;Presidente;Primeiro turno
15/01/2026;20/01/2026;Atlas;1;Lula;49;1;5418;Online;Brasil;Presidente;Primeiro turno
15/01/2026;20/01/2026;Atlas;1;Caiado;5;1;5418;Online;Brasil;Presidente;Primeiro turno
15/01/2026;20/01/2026;Atlas;1;Zema;4;1;5418;Online;Brasil;Presidente;Primeiro turno
15/01/2026;20/01/2026;Atlas;1;Renan;3;1;5418;Online;Brasil;Presidente;Primeiro turno
15/01/2026;20/01/2026;Atlas;1;branco / nulo;5;1;5418;Online;Brasil;Presidente;Primeiro turno
15/01/2026;20/01/2026;Atlas;1;não sabe / não respondeu;1;1;5418;Online;Brasil;Presidente;Primeiro turno
15/01/2026;20/01/2026;Atlas;1;Ratinho Jr.;4;1;5418;Online;Brasil;Presidente;Primeiro turno
15/01/2026;20/01/2026;Atlas;1;Tarcísio;28;1;5418;Online;Brasil;Presidente;Primeiro turno
15/01/2026;20/01/2026;Atlas;1;Aldo Rebelo;1;1;5418;Online;Brasil;Presidente;Primeiro turno
15/01/2026;20/01/2026;Atlas;1;Lula;48;1;5418;Online;Brasil;Presidente;Primeiro turno
15/01/2026;20/01/2026;Atlas;1;Caiado;11;1;5418;Online;Brasil;Presidente;Primeiro turno
15/01/2026;20/01/2026;Atlas;1;Renan;4;1;5418;Online;Brasil;Presidente;Primeiro turno
15/01/2026;20/01/2026;Atlas;1;branco / nulo;3;1;5418;Online;Brasil;Presidente;Primeiro turno
15/01/2026;20/01/2026;Atlas;1;não sabe / não respondeu;1;1;5418;Online;Brasil;Presidente;Primeiro turno
15/01/2026;20/01/2026;Atlas;1;Michele Bolsonaro;31;1;5418;Online;Brasil;Presidente;Primeiro turno
15/01/2026;20/01/2026;Atlas;1;Aldo Rebelo;1;1;5418;Online;Brasil;Presidente;Primeiro turno
15/01/2026;20/01/2026;Atlas;2;Lula;49;1;5418;Online;Brasil;Presidente;Lula vs Caiado
15/01/2026;20/01/2026;Atlas;2;Caiado;39;1;5418;Online;Brasil;Presidente;Lula vs Caiado
15/01/2026;20/01/2026;Atlas;2;não sabe / não respondeu;13;1;5418;Online;Brasil;Presidente;Lula vs Caiado
15/01/2026;20/01/2026;Atlas;2;Lula;48;1;5418;Online;Brasil;Presidente;Lula vs Eduardo Leite
15/01/2026;20/01/2026;Atlas;2;Eduardo Leite;23;1;5418;Online;Brasil;Presidente;Lula vs Eduardo Leite
15/01/2026;20/01/2026;Atlas;2;não sabe / não respondeu;29;1;5418;Online;Brasil;Presidente;Lula vs Eduardo Leite
15/01/2026;20/01/2026;Atlas;2;Lula;49;1;5418;Online;Brasil;Presidente;Lula vs Flávio
15/01/2026;20/01/2026;Atlas;2;Flávio;45;1;5418;Online;Brasil;Presidente;Lula vs Flávio
15/01/2026;20/01/2026;Atlas;2;branco / nulo;0;1;5418;Online;Brasil;Presidente;Lula vs Flávio
15/01/2026;20/01/2026;Atlas;2;não sabe / não respondeu;6;1;5418;Online;Brasil;Presidente;Lula vs Flávio
15/01/2026;20/01/2026;Atlas;2;Lula;49;1;5418;Online;Brasil;Presidente;Lula vs Michele Bolsonaro
15/01/2026;20/01/2026;Atlas;2;Michele Bolsonaro;45;1;5418;Online;Brasil;Presidente;Lula vs Michele Bolsonaro
15/01/2026;20/01/2026;Atlas;2;não sabe / não respondeu;6;1;5418;Online;Brasil;Presidente;Lula vs Michele Bolsonaro
15/01/2026;20/01/2026;Atlas;2;Lula;49;1;5418;Online;Brasil;Presidente;Lula vs Ratinho Jr.
15/01/2026;20/01/2026;Atlas;2;Ratinho Jr.;39;1;5418;Online;Brasil;Presidente;Lula vs Ratinho Jr.
15/01/2026;20/01/2026;Atlas;2;não sabe / não respondeu;12;1;5418;Online;Brasil;Presidente;Lula vs Ratinho Jr.
15/01/2026;20/01/2026;Atlas;2;Lula;49;1;5418;Online;Brasil;Presidente;Lula vs Tarcísio
15/01/2026;20/01/2026;Atlas;2;Tarcísio;45;1;5418;Online;Brasil;Presidente;Lula vs Tarcísio
15/01/2026;20/01/2026;Atlas;2;branco / nulo;0;1;5418;Online;Brasil;Presidente;Lula vs Tarcísio
15/01/2026;20/01/2026;Atlas;2;não sabe / não respondeu;6;1;5418;Online;Brasil;Presidente;Lula vs Tarcísio
15/01/2026;20/01/2026;Atlas;2;Lula;49;1;5418;Online;Brasil;Presidente;Lula vs Zema
15/01/2026;20/01/2026;Atlas;2;Zema;45;1;5418;Online;Brasil;Presidente;Lula vs Zema
15/01/2026;20/01/2026;Atlas;2;não sabe / não respondeu;6;1;5418;Online;Brasil;Presidente;Lula vs Zema
25/01/2026;28/01/2026;Paraná Pesquisas;1;Lula;39,8;3,4;2080;Presencial;Brasil;Presidente;Primeiro turno
25/01/2026;28/01/2026;Paraná Pesquisas;1;Caiado;3,7;3,4;2080;Presencial;Brasil;Presidente;Primeiro turno
25/01/2026;28/01/2026;Paraná Pesquisas;1;Zema;2,8;3,4;2080;Presencial;Brasil;Presidente;Primeiro turno
25/01/2026;28/01/2026;Paraná Pesquisas;1;Renan;1,5;3,4;2080;Presencial;Brasil;Presidente;Primeiro turno
25/01/2026;28/01/2026;Paraná Pesquisas;1;branco / nulo;6,8;3,4;2080;Presencial;Brasil;Presidente;Primeiro turno
25/01/2026;28/01/2026;Paraná Pesquisas;1;não sabe / não respondeu;4,7;3,4;2080;Presencial;Brasil;Presidente;Primeiro turno
25/01/2026;28/01/2026;Paraná Pesquisas;1;Ratinho Jr.;6,5;3,4;2080;Presencial;Brasil;Presidente;Primeiro turno
25/01/2026;28/01/2026;Paraná Pesquisas;1;Aldo Rebelo;1,1;3,4;2080;Presencial;Brasil;Presidente;Primeiro turno
25/01/2026;28/01/2026;Paraná Pesquisas;1;Lula;40,7;3,4;2080;Presencial;Brasil;Presidente;Primeiro turno
25/01/2026;28/01/2026;Paraná Pesquisas;1;Caiado;6,6;3,4;2080;Presencial;Brasil;Presidente;Primeiro turno
25/01/2026;28/01/2026;Paraná Pesquisas;1;Zema;4,4;3,4;2080;Presencial;Brasil;Presidente;Primeiro turno
25/01/2026;28/01/2026;Paraná Pesquisas;1;Renan;2;3,4;2080;Presencial;Brasil;Presidente;Primeiro turno
25/01/2026;28/01/2026;Paraná Pesquisas;1;branco / nulo;10,8;3,4;2080;Presencial;Brasil;Presidente;Primeiro turno
25/01/2026;28/01/2026;Paraná Pesquisas;1;não sabe / não respondeu;6,6;3,4;2080;Presencial;Brasil;Presidente;Primeiro turno
25/01/2026;28/01/2026;Paraná Pesquisas;1;Tarcísio;27,5;3,4;2080;Presencial;Brasil;Presidente;Primeiro turno
25/01/2026;28/01/2026;Paraná Pesquisas;1;Aldo Rebelo;1,4;3,4;2080;Presencial;Brasil;Presidente;Primeiro turno
25/01/2026;28/01/2026;Paraná Pesquisas;2;Lula;44,8;3,4;2080;Presencial;Brasil;Presidente;Lula vs Flávio
25/01/2026;28/01/2026;Paraná Pesquisas;2;Flávio;42,2;3,4;2080;Presencial;Brasil;Presidente;Lula vs Flávio
25/01/2026;28/01/2026;Paraná Pesquisas;2;branco / nulo;8,3;3,4;2080;Presencial;Brasil;Presidente;Lula vs Flávio
25/01/2026;28/01/2026;Paraná Pesquisas;2;não sabe / não respondeu;4,7;3,4;2080;Presencial;Brasil;Presidente;Lula vs Flávio
25/01/2026;28/01/2026;Paraná Pesquisas;2;Lula;44,7;3,4;2080;Presencial;Brasil;Presidente;Lula vs Ratinho Jr.
25/01/2026;28/01/2026;Paraná Pesquisas;2;Ratinho Jr.;38,9;3,4;2080;Presencial;Brasil;Presidente;Lula vs Ratinho Jr.
25/01/2026;28/01/2026;Paraná Pesquisas;2;branco / nulo;11,4;3,4;2080;Presencial;Brasil;Presidente;Lula vs Ratinho Jr.
25/01/2026;28/01/2026;Paraná Pesquisas;2;não sabe / não respondeu;5;3,4;2080;Presencial;Brasil;Presidente;Lula vs Ratinho Jr.
25/01/2026;28/01/2026;Paraná Pesquisas;2;Lula;43,9;3,4;2080;Presencial;Brasil;Presidente;Lula vs Tarcísio
25/01/2026;28/01/2026;Paraná Pesquisas;2;Tarcísio;42,5;3,4;2080;Presencial;Brasil;Presidente;Lula vs Tarcísio
25/01/2026;28/01/2026;Paraná Pesquisas;2;branco / nulo;9,1;3,4;2080;Presencial;Brasil;Presidente;Lula vs Tarcísio
25/01/2026;28/01/2026;Paraná Pesquisas;2;não sabe / não respondeu;4,6;3,4;2080;Presencial;Brasil;Presidente;Lula vs Tarcísio
28/01/2026;02/02/2026;Gerp;1;Lula;39;2,2;2000;Telefônica;Brasil;Presidente;Primeiro turno
28/01/2026;02/02/2026;Gerp;1;Flávio;35;2,2;2000;Telefônica;Brasil;Presidente;Primeiro turno
28/01/2026;02/02/2026;Gerp;1;Caiado;2;2,2;2000;Telefônica;Brasil;Presidente;Primeiro turno
28/01/2026;02/02/2026;Gerp;1;Zema;2;2,2;2000;Telefônica;Brasil;Presidente;Primeiro turno
28/01/2026;02/02/2026;Gerp;1;branco / nulo;4;2,2;2000;Telefônica;Brasil;Presidente;Primeiro turno
28/01/2026;02/02/2026;Gerp;1;não sabe / não respondeu;7;2,2;2000;Telefônica;Brasil;Presidente;Primeiro turno
28/01/2026;02/02/2026;Gerp;1;Ratinho Jr.;5;2,2;2000;Telefônica;Brasil;Presidente;Primeiro turno
28/01/2026;02/02/2026;Gerp;1;Ciro;4;2,2;2000;Telefônica;Brasil;Presidente;Primeiro turno
28/01/2026;02/02/2026;Gerp;2;Lula;47;2,2;2000;Telefônica;Brasil;Presidente;Lula vs Caiado
28/01/2026;02/02/2026;Gerp;2;Caiado;34;2,2;2000;Telefônica;Brasil;Presidente;Lula vs Caiado
28/01/2026;02/02/2026;Gerp;2;branco / nulo;16;2,2;2000;Telefônica;Brasil;Presidente;Lula vs Caiado
28/01/2026;02/02/2026;Gerp;2;não sabe / não respondeu;3;2,2;2000;Telefônica;Brasil;Presidente;Lula vs Caiado
28/01/2026;02/02/2026;Gerp;2;Lula;45;2,2;2000;Telefônica;Brasil;Presidente;Lula vs Flávio
28/01/2026;02/02/2026;Gerp;2;Flávio;45;2,2;2000;Telefônica;Brasil;Presidente;Lula vs Flávio
28/01/2026;02/02/2026;Gerp;2;branco / nulo;6;2,2;2000;Telefônica;Brasil;Presidente;Lula vs Flávio
28/01/2026;02/02/2026;Gerp;2;não sabe / não respondeu;4;2,2;2000;Telefônica;Brasil;Presidente;Lula vs Flávio
28/01/2026;02/02/2026;Gerp;2;Lula;45;2,2;2000;Telefônica;Brasil;Presidente;Lula vs Ratinho Jr.
28/01/2026;02/02/2026;Gerp;2;Ratinho Jr.;41;2,2;2000;Telefônica;Brasil;Presidente;Lula vs Ratinho Jr.
28/01/2026;02/02/2026;Gerp;2;branco / nulo;11;2,2;2000;Telefônica;Brasil;Presidente;Lula vs Ratinho Jr.
28/01/2026;02/02/2026;Gerp;2;não sabe / não respondeu;3;2,2;2000;Telefônica;Brasil;Presidente;Lula vs Ratinho Jr.
28/01/2026;02/02/2026;Gerp;2;Lula;47;2,2;2000;Telefônica;Brasil;Presidente;Lula vs Zema
28/01/2026;02/02/2026;Gerp;2;Zema;36;2,2;2000;Telefônica;Brasil;Presidente;Lula vs Zema
28/01/2026;02/02/2026;Gerp;2;branco / nulo;13;2,2;2000;Telefônica;Brasil;Presidente;Lula vs Zema
28/01/2026;02/02/2026;Gerp;2;não sabe / não respondeu;4;2,2;2000;Telefônica;Brasil;Presidente;Lula vs Zema
30/01/2026;02/02/2026;Ideia;1;Lula;39,5;2,5;1500;Telefônica;Brasil;Presidente;Primeiro turno
30/01/2026;02/02/2026;Ideia;1;Flávio;32;2,5;1500;Telefônica;Brasil;Presidente;Primeiro turno
30/01/2026;02/02/2026;Ideia;1;Zema;3;2,5;1500;Telefônica;Brasil;Presidente;Primeiro turno
30/01/2026;02/02/2026;Ideia;1;Renan;0,7;2,5;1500;Telefônica;Brasil;Presidente;Primeiro turno
30/01/2026;02/02/2026;Ideia;1;branco / nulo;5;2,5;1500;Telefônica;Brasil;Presidente;Primeiro turno
30/01/2026;02/02/2026;Ideia;1;não sabe / não respondeu;10,5;2,5;1500;Telefônica;Brasil;Presidente;Primeiro turno
30/01/2026;02/02/2026;Ideia;1;Ratinho Jr.;8,8;2,5;1500;Telefônica;Brasil;Presidente;Primeiro turno
30/01/2026;02/02/2026;Ideia;1;Aldo Rebelo;0,5;2,5;1500;Telefônica;Brasil;Presidente;Primeiro turno
30/01/2026;02/02/2026;Ideia;1;Lula;39,5;2,5;1500;Telefônica;Brasil;Presidente;Primeiro turno
30/01/2026;02/02/2026;Ideia;1;Flávio;33;2,5;1500;Telefônica;Brasil;Presidente;Primeiro turno
30/01/2026;02/02/2026;Ideia;1;Caiado;5,1;2,5;1500;Telefônica;Brasil;Presidente;Primeiro turno
30/01/2026;02/02/2026;Ideia;1;Zema;6;2,5;1500;Telefônica;Brasil;Presidente;Primeiro turno
30/01/2026;02/02/2026;Ideia;1;Renan;0,7;2,5;1500;Telefônica;Brasil;Presidente;Primeiro turno
30/01/2026;02/02/2026;Ideia;1;branco / nulo;5,6;2,5;1500;Telefônica;Brasil;Presidente;Primeiro turno
30/01/2026;02/02/2026;Ideia;1;não sabe / não respondeu;9,5;2,5;1500;Telefônica;Brasil;Presidente;Primeiro turno
30/01/2026;02/02/2026;Ideia;1;Aldo Rebelo;0,5;2,5;1500;Telefônica;Brasil;Presidente;Primeiro turno
30/01/2026;02/02/2026;Ideia;1;Lula;38,7;2,5;1500;Telefônica;Brasil;Presidente;Primeiro turno
30/01/2026;02/02/2026;Ideia;1;Flávio;35,3;2,5;1500;Telefônica;Brasil;Presidente;Primeiro turno
30/01/2026;02/02/2026;Ideia;1;Renan;0,7;2,5;1500;Telefônica;Brasil;Presidente;Primeiro turno
30/01/2026;02/02/2026;Ideia;1;branco / nulo;5,5;2,5;1500;Telefônica;Brasil;Presidente;Primeiro turno
30/01/2026;02/02/2026;Ideia;1;não sabe / não respondeu;10,5;2,5;1500;Telefônica;Brasil;Presidente;Primeiro turno
30/01/2026;02/02/2026;Ideia;1;Eduardo Leite;3,4;2,5;1500;Telefônica;Brasil;Presidente;Primeiro turno
30/01/2026;02/02/2026;Ideia;1;Aldo Rebelo;0,7;2,5;1500;Telefônica;Brasil;Presidente;Primeiro turno
30/01/2026;02/02/2026;Ideia;1;Lula;40;2,5;1500;Telefônica;Brasil;Presidente;Primeiro turno
30/01/2026;02/02/2026;Ideia;1;Zema;6,5;2,5;1500;Telefônica;Brasil;Presidente;Primeiro turno
30/01/2026;02/02/2026;Ideia;1;Renan;1;2,5;1500;Telefônica;Brasil;Presidente;Primeiro turno
30/01/2026;02/02/2026;Ideia;1;branco / nulo;6;2,5;1500;Telefônica;Brasil;Presidente;Primeiro turno
30/01/2026;02/02/2026;Ideia;1;não sabe / não respondeu;11;2,5;1500;Telefônica;Brasil;Presidente;Primeiro turno
30/01/2026;02/02/2026;Ideia;1;Tarcísio;35;2,5;1500;Telefônica;Brasil;Presidente;Primeiro turno
30/01/2026;02/02/2026;Ideia;1;Aldo Rebelo;0,5;2,5;1500;Telefônica;Brasil;Presidente;Primeiro turno
30/01/2026;02/02/2026;Ideia;1;Lula;39,5;2,5;1500;Telefônica;Brasil;Presidente;Primeiro turno
30/01/2026;02/02/2026;Ideia;1;Zema;5,5;2,5;1500;Telefônica;Brasil;Presidente;Primeiro turno
30/01/2026;02/02/2026;Ideia;1;Renan;0,5;2,5;1500;Telefônica;Brasil;Presidente;Primeiro turno
30/01/2026;02/02/2026;Ideia;1;branco / nulo;5,1;2,5;1500;Telefônica;Brasil;Presidente;Primeiro turno
30/01/2026;02/02/2026;Ideia;1;não sabe / não respondeu;8,3;2,5;1500;Telefônica;Brasil;Presidente;Primeiro turno
30/01/2026;02/02/2026;Ideia;1;Ratinho Jr.;8;2,5;1500;Telefônica;Brasil;Presidente;Primeiro turno
30/01/2026;02/02/2026;Ideia;1;Michele Bolsonaro;32,7;2,5;1500;Telefônica;Brasil;Presidente;Primeiro turno
30/01/2026;02/02/2026;Ideia;1;Aldo Rebelo;0,5;2,5;1500;Telefônica;Brasil;Presidente;Primeiro turno
30/01/2026;02/02/2026;Ideia;1;Lula;38,5;2,5;1500;Telefônica;Brasil;Presidente;Primeiro turno
30/01/2026;02/02/2026;Ideia;1;Zema;6,5;2,5;1500;Telefônica;Brasil;Presidente;Primeiro turno
30/01/2026;02/02/2026;Ideia;1;Renan;0,9;2,5;1500;Telefônica;Brasil;Presidente;Primeiro turno
30/01/2026;02/02/2026;Ideia;1;branco / nulo;5,8;2,5;1500;Telefônica;Brasil;Presidente;Primeiro turno
30/01/2026;02/02/2026;Ideia;1;não sabe / não respondeu;10,5;2,5;1500;Telefônica;Brasil;Presidente;Primeiro turno
30/01/2026;02/02/2026;Ideia;1;Michele Bolsonaro;33;2,5;1500;Telefônica;Brasil;Presidente;Primeiro turno
30/01/2026;02/02/2026;Ideia;1;Eduardo Leite;4,4;2,5;1500;Telefônica;Brasil;Presidente;Primeiro turno
30/01/2026;02/02/2026;Ideia;1;Aldo Rebelo;0,5;2,5;1500;Telefônica;Brasil;Presidente;Primeiro turno
30/01/2026;02/02/2026;Ideia;1;Lula;39,5;2,5;1500;Telefônica;Brasil;Presidente;Primeiro turno
30/01/2026;02/02/2026;Ideia;1;Caiado;6,1;2,5;1500;Telefônica;Brasil;Presidente;Primeiro turno
30/01/2026;02/02/2026;Ideia;1;Zema;6,5;2,5;1500;Telefônica;Brasil;Presidente;Primeiro turno
30/01/2026;02/02/2026;Ideia;1;Renan;0,7;2,5;1500;Telefônica;Brasil;Presidente;Primeiro turno
30/01/2026;02/02/2026;Ideia;1;branco / nulo;5,4;2,5;1500;Telefônica;Brasil;Presidente;Primeiro turno
30/01/2026;02/02/2026;Ideia;1;não sabe / não respondeu;9,4;2,5;1500;Telefônica;Brasil;Presidente;Primeiro turno
30/01/2026;02/02/2026;Ideia;1;Michele Bolsonaro;33;2,5;1500;Telefônica;Brasil;Presidente;Primeiro turno
30/01/2026;02/02/2026;Ideia;1;Aldo Rebelo;0,5;2,5;1500;Telefônica;Brasil;Presidente;Primeiro turno
30/01/2026;02/02/2026;Ideia;2;Lula;45;2,5;1500;Telefônica;Brasil;Presidente;Lula vs Caiado
30/01/2026;02/02/2026;Ideia;2;Caiado;34;2,5;1500;Telefônica;Brasil;Presidente;Lula vs Caiado
30/01/2026;02/02/2026;Ideia;2;branco / nulo;14;2,5;1500;Telefônica;Brasil;Presidente;Lula vs Caiado
30/01/2026;02/02/2026;Ideia;2;não sabe / não respondeu;7;2,5;1500;Telefônica;Brasil;Presidente;Lula vs Caiado
30/01/2026;02/02/2026;Ideia;2;Lula;45,8;2,5;1500;Telefônica;Brasil;Presidente;Lula vs Flávio
30/01/2026;02/02/2026;Ideia;2;Flávio;41,1;2,5;1500;Telefônica;Brasil;Presidente;Lula vs Flávio
30/01/2026;02/02/2026;Ideia;2;branco / nulo;7,4;2,5;1500;Telefônica;Brasil;Presidente;Lula vs Flávio
30/01/2026;02/02/2026;Ideia;2;não sabe / não respondeu;5,7;2,5;1500;Telefônica;Brasil;Presidente;Lula vs Flávio
30/01/2026;02/02/2026;Ideia;2;Lula;45;2,5;1500;Telefônica;Brasil;Presidente;Lula vs Michele Bolsonaro
30/01/2026;02/02/2026;Ideia;2;Michele Bolsonaro;40,7;2,5;1500;Telefônica;Brasil;Presidente;Lula vs Michele Bolsonaro
30/01/2026;02/02/2026;Ideia;2;branco / nulo;7,6;2,5;1500;Telefônica;Brasil;Presidente;Lula vs Michele Bolsonaro
30/01/2026;02/02/2026;Ideia;2;não sabe / não respondeu;6,7;2,5;1500;Telefônica;Brasil;Presidente;Lula vs Michele Bolsonaro
30/01/2026;02/02/2026;Ideia;2;Lula;45;2,5;1500;Telefônica;Brasil;Presidente;Lula vs Ratinho Jr.
30/01/2026;02/02/2026;Ideia;2;Ratinho Jr.;38;2,5;1500;Telefônica;Brasil;Presidente;Lula vs Ratinho Jr.
30/01/2026;02/02/2026;Ideia;2;branco / nulo;9,5;2,5;1500;Telefônica;Brasil;Presidente;Lula vs Ratinho Jr.
30/01/2026;02/02/2026;Ideia;2;não sabe / não respondeu;7,5;2,5;1500;Telefônica;Brasil;Presidente;Lula vs Ratinho Jr.
30/01/2026;02/02/2026;Ideia;2;Lula;44,7;2,5;1500;Telefônica;Brasil;Presidente;Lula vs Tarcísio
30/01/2026;02/02/2026;Ideia;2;Tarcísio;42,2;2,5;1500;Telefônica;Brasil;Presidente;Lula vs Tarcísio
30/01/2026;02/02/2026;Ideia;2;branco / nulo;8,2;2,5;1500;Telefônica;Brasil;Presidente;Lula vs Tarcísio
30/01/2026;02/02/2026;Ideia;2;não sabe / não respondeu;4,9;2,5;1500;Telefônica;Brasil;Presidente;Lula vs Tarcísio
30/01/2026;02/02/2026;Ideia;2;Lula;45;2,5;1500;Telefônica;Brasil;Presidente;Lula vs Zema
30/01/2026;02/02/2026;Ideia;2;Zema;35,5;2,5;1500;Telefônica;Brasil;Presidente;Lula vs Zema
30/01/2026;02/02/2026;Ideia;2;branco / nulo;12;2,5;1500;Telefônica;Brasil;Presidente;Lula vs Zema
30/01/2026;02/02/2026;Ideia;2;não sabe / não respondeu;8,5;2,5;1500;Telefônica;Brasil;Presidente;Lula vs Zema
07/02/2026;07/02/2026;Futura;1;Lula;35,4;2,2;2000;Telefônica;Brasil;Presidente;Primeiro turno
07/02/2026;07/02/2026;Futura;1;Flávio;38,7;2,2;2000;Telefônica;Brasil;Presidente;Primeiro turno
07/02/2026;07/02/2026;Futura;1;Zema;6,6;2,2;2000;Telefônica;Brasil;Presidente;Primeiro turno
07/02/2026;07/02/2026;Futura;1;Renan;3,3;2,2;2000;Telefônica;Brasil;Presidente;Primeiro turno
07/02/2026;07/02/2026;Futura;1;branco / nulo;11,6;2,2;2000;Telefônica;Brasil;Presidente;Primeiro turno
07/02/2026;07/02/2026;Futura;1;Eduardo Leite;3,6;2,2;2000;Telefônica;Brasil;Presidente;Primeiro turno
07/02/2026;07/02/2026;Futura;1;Aldo Rebelo;0,9;2,2;2000;Telefônica;Brasil;Presidente;Primeiro turno
03/02/2026;07/02/2026;Futura;2;Lula;43,1;2,2;2000;Telefônica;Brasil;Presidente;Lula vs Caiado
03/02/2026;07/02/2026;Futura;2;Caiado;42,3;2,2;2000;Telefônica;Brasil;Presidente;Lula vs Caiado
03/02/2026;07/02/2026;Futura;2;Lula;42,4;2,2;2000;Telefônica;Brasil;Presidente;Lula vs Flávio
03/02/2026;07/02/2026;Futura;2;Flávio;48,2;2,2;2000;Telefônica;Brasil;Presidente;Lula vs Flávio
03/02/2026;07/02/2026;Futura;2;branco / nulo;;2,2;2000;Telefônica;Brasil;Presidente;Lula vs Flávio
03/02/2026;07/02/2026;Futura;2;não sabe / não respondeu;;2,2;2000;Telefônica;Brasil;Presidente;Lula vs Flávio
03/02/2026;07/02/2026;Futura;2;Lula;43;2,2;2000;Telefônica;Brasil;Presidente;Lula vs Ratinho Jr.
03/02/2026;07/02/2026;Futura;2;Ratinho Jr.;35;2,2;2000;Telefônica;Brasil;Presidente;Lula vs Ratinho Jr.
03/02/2026;07/02/2026;Futura;2;branco / nulo;3;2,2;2000;Telefônica;Brasil;Presidente;Lula vs Ratinho Jr.
03/02/2026;07/02/2026;Futura;2;não sabe / não respondeu;19;2,2;2000;Telefônica;Brasil;Presidente;Lula vs Ratinho Jr.
03/02/2026;07/02/2026;Futura;2;Lula;41,4;2,2;2000;Telefônica;Brasil;Presidente;Lula vs Tarcísio
03/02/2026;07/02/2026;Futura;2;Tarcísio;47,4;2,2;2000;Telefônica;Brasil;Presidente;Lula vs Tarcísio
03/02/2026;07/02/2026;Futura;2;branco / nulo;;2,2;2000;Telefônica;Brasil;Presidente;Lula vs Tarcísio
03/02/2026;07/02/2026;Futura;2;não sabe / não respondeu;;2,2;2000;Telefônica;Brasil;Presidente;Lula vs Tarcísio
03/02/2026;07/02/2026;Futura;2;Lula;43,3;2,2;2000;Telefônica;Brasil;Presidente;Lula vs Zema
03/02/2026;07/02/2026;Futura;2;Zema;42,4;2,2;2000;Telefônica;Brasil;Presidente;Lula vs Zema
06/02/2026;07/02/2026;Realtime Bigdata;1;Lula;39;2;2000;Telefônica;Brasil;Presidente;Primeiro turno
06/02/2026;07/02/2026;Realtime Bigdata;1;Flávio;30;2;2000;Telefônica;Brasil;Presidente;Primeiro turno
06/02/2026;07/02/2026;Realtime Bigdata;1;Zema;3;2;2000;Telefônica;Brasil;Presidente;Primeiro turno
06/02/2026;07/02/2026;Realtime Bigdata;1;Renan;1;2;2000;Telefônica;Brasil;Presidente;Primeiro turno
06/02/2026;07/02/2026;Realtime Bigdata;1;branco / nulo;7;2;2000;Telefônica;Brasil;Presidente;Primeiro turno
06/02/2026;07/02/2026;Realtime Bigdata;1;não sabe / não respondeu;8;2;2000;Telefônica;Brasil;Presidente;Primeiro turno
06/02/2026;07/02/2026;Realtime Bigdata;1;Ratinho Jr.;10;2;2000;Telefônica;Brasil;Presidente;Primeiro turno
06/02/2026;07/02/2026;Realtime Bigdata;1;Aldo Rebelo;2;2;2000;Telefônica;Brasil;Presidente;Primeiro turno
06/02/2026;07/02/2026;Realtime Bigdata;1;Lula;40;2;2000;Telefônica;Brasil;Presidente;Primeiro turno
06/02/2026;07/02/2026;Realtime Bigdata;1;Flávio;32;2;2000;Telefônica;Brasil;Presidente;Primeiro turno
06/02/2026;07/02/2026;Realtime Bigdata;1;Caiado;6;2;2000;Telefônica;Brasil;Presidente;Primeiro turno
06/02/2026;07/02/2026;Realtime Bigdata;1;Zema;4;2;2000;Telefônica;Brasil;Presidente;Primeiro turno
06/02/2026;07/02/2026;Realtime Bigdata;1;Renan;1;2;2000;Telefônica;Brasil;Presidente;Primeiro turno
06/02/2026;07/02/2026;Realtime Bigdata;1;branco / nulo;7;2;2000;Telefônica;Brasil;Presidente;Primeiro turno
06/02/2026;07/02/2026;Realtime Bigdata;1;não sabe / não respondeu;8;2;2000;Telefônica;Brasil;Presidente;Primeiro turno
06/02/2026;07/02/2026;Realtime Bigdata;1;Aldo Rebelo;2;2;2000;Telefônica;Brasil;Presidente;Primeiro turno
06/02/2026;07/02/2026;Realtime Bigdata;1;Lula;40;2;2000;Telefônica;Brasil;Presidente;Primeiro turno
06/02/2026;07/02/2026;Realtime Bigdata;1;Flávio;32;2;2000;Telefônica;Brasil;Presidente;Primeiro turno
06/02/2026;07/02/2026;Realtime Bigdata;1;Zema;4;2;2000;Telefônica;Brasil;Presidente;Primeiro turno
06/02/2026;07/02/2026;Realtime Bigdata;1;Renan;1;2;2000;Telefônica;Brasil;Presidente;Primeiro turno
06/02/2026;07/02/2026;Realtime Bigdata;1;branco / nulo;7;2;2000;Telefônica;Brasil;Presidente;Primeiro turno
06/02/2026;07/02/2026;Realtime Bigdata;1;não sabe / não respondeu;8;2;2000;Telefônica;Brasil;Presidente;Primeiro turno
06/02/2026;07/02/2026;Realtime Bigdata;1;Eduardo Leite;5;2;2000;Telefônica;Brasil;Presidente;Primeiro turno
06/02/2026;07/02/2026;Realtime Bigdata;1;Aldo Rebelo;3;2;2000;Telefônica;Brasil;Presidente;Primeiro turno
05/02/2026;09/02/2026;Quaest;1;Lula;35;2;2004;Presencial;Brasil;Presidente;Primeiro turno
05/02/2026;09/02/2026;Quaest;1;Flávio;29;2;2004;Presencial;Brasil;Presidente;Primeiro turno
05/02/2026;09/02/2026;Quaest;1;Zema;4;2;2004;Presencial;Brasil;Presidente;Primeiro turno
05/02/2026;09/02/2026;Quaest;1;Renan;1;2;2004;Presencial;Brasil;Presidente;Primeiro turno
05/02/2026;09/02/2026;Quaest;1;branco / nulo;15;2;2004;Presencial;Brasil;Presidente;Primeiro turno
05/02/2026;09/02/2026;Quaest;1;não sabe / não respondeu;7;2;2004;Presencial;Brasil;Presidente;Primeiro turno
05/02/2026;09/02/2026;Quaest;1;Ratinho Jr.;8;2;2004;Presencial;Brasil;Presidente;Primeiro turno
05/02/2026;09/02/2026;Quaest;1;Aldo Rebelo;1;2;2004;Presencial;Brasil;Presidente;Primeiro turno
05/02/2026;09/02/2026;Quaest;1;Lula;39;2;2004;Presencial;Brasil;Presidente;Primeiro turno
05/02/2026;09/02/2026;Quaest;1;Flávio;32;2;2004;Presencial;Brasil;Presidente;Primeiro turno
05/02/2026;09/02/2026;Quaest;1;Caiado;4;2;2004;Presencial;Brasil;Presidente;Primeiro turno
05/02/2026;09/02/2026;Quaest;1;Renan;2;2;2004;Presencial;Brasil;Presidente;Primeiro turno
05/02/2026;09/02/2026;Quaest;1;branco / nulo;16;2;2004;Presencial;Brasil;Presidente;Primeiro turno
05/02/2026;09/02/2026;Quaest;1;não sabe / não respondeu;6;2;2004;Presencial;Brasil;Presidente;Primeiro turno
05/02/2026;09/02/2026;Quaest;1;Aldo Rebelo;1;2;2004;Presencial;Brasil;Presidente;Primeiro turno
05/02/2026;09/02/2026;Quaest;1;Lula;38;2;2004;Presencial;Brasil;Presidente;Primeiro turno
05/02/2026;09/02/2026;Quaest;1;Flávio;31;2;2004;Presencial;Brasil;Presidente;Primeiro turno
05/02/2026;09/02/2026;Quaest;1;Zema;4;2;2004;Presencial;Brasil;Presidente;Primeiro turno
05/02/2026;09/02/2026;Quaest;1;Renan;2;2;2004;Presencial;Brasil;Presidente;Primeiro turno
05/02/2026;09/02/2026;Quaest;1;branco / nulo;15;2;2004;Presencial;Brasil;Presidente;Primeiro turno
05/02/2026;09/02/2026;Quaest;1;não sabe / não respondeu;6;2;2004;Presencial;Brasil;Presidente;Primeiro turno
05/02/2026;09/02/2026;Quaest;1;Aldo Rebelo;1;2;2004;Presencial;Brasil;Presidente;Primeiro turno
05/02/2026;09/02/2026;Quaest;1;Lula;39;2;2004;Presencial;Brasil;Presidente;Primeiro turno
05/02/2026;09/02/2026;Quaest;1;Flávio;32;2;2004;Presencial;Brasil;Presidente;Primeiro turno
05/02/2026;09/02/2026;Quaest;1;Zema;4;2;2004;Presencial;Brasil;Presidente;Primeiro turno
05/02/2026;09/02/2026;Quaest;1;Renan;2;2;2004;Presencial;Brasil;Presidente;Primeiro turno
05/02/2026;09/02/2026;Quaest;1;branco / nulo;15;2;2004;Presencial;Brasil;Presidente;Primeiro turno
05/02/2026;09/02/2026;Quaest;1;não sabe / não respondeu;6;2;2004;Presencial;Brasil;Presidente;Primeiro turno
05/02/2026;09/02/2026;Quaest;1;Aldo Rebelo;2;2;2004;Presencial;Brasil;Presidente;Primeiro turno
05/02/2026;09/02/2026;Quaest;1;Lula;37;2;2004;Presencial;Brasil;Presidente;Primeiro turno
05/02/2026;09/02/2026;Quaest;1;Flávio;33;2;2004;Presencial;Brasil;Presidente;Primeiro turno
05/02/2026;09/02/2026;Quaest;1;Renan;2;2;2004;Presencial;Brasil;Presidente;Primeiro turno
05/02/2026;09/02/2026;Quaest;1;branco / nulo;15;2;2004;Presencial;Brasil;Presidente;Primeiro turno
05/02/2026;09/02/2026;Quaest;1;não sabe / não respondeu;7;2;2004;Presencial;Brasil;Presidente;Primeiro turno
05/02/2026;09/02/2026;Quaest;1;Eduardo Leite;4;2;2004;Presencial;Brasil;Presidente;Primeiro turno
05/02/2026;09/02/2026;Quaest;1;Aldo Rebelo;2;2;2004;Presencial;Brasil;Presidente;Primeiro turno
05/02/2026;09/02/2026;Quaest;1;Lula;37;2;2004;Presencial;Brasil;Presidente;Primeiro turno
05/02/2026;09/02/2026;Quaest;1;Flávio;31;2;2004;Presencial;Brasil;Presidente;Primeiro turno
05/02/2026;09/02/2026;Quaest;1;Renan;2;2;2004;Presencial;Brasil;Presidente;Primeiro turno
05/02/2026;09/02/2026;Quaest;1;branco / nulo;15;2;2004;Presencial;Brasil;Presidente;Primeiro turno
05/02/2026;09/02/2026;Quaest;1;não sabe / não respondeu;6;2;2004;Presencial;Brasil;Presidente;Primeiro turno
05/02/2026;09/02/2026;Quaest;1;Ratinho Jr.;7;2;2004;Presencial;Brasil;Presidente;Primeiro turno
05/02/2026;09/02/2026;Quaest;1;Aldo Rebelo;2;2;2004;Presencial;Brasil;Presidente;Primeiro turno
05/02/2026;09/02/2026;Quaest;1;Lula;38;2;2004;Presencial;Brasil;Presidente;Primeiro turno
05/02/2026;09/02/2026;Quaest;1;Flávio;30;2;2004;Presencial;Brasil;Presidente;Primeiro turno
05/02/2026;09/02/2026;Quaest;1;Caiado;4;2;2004;Presencial;Brasil;Presidente;Primeiro turno
05/02/2026;09/02/2026;Quaest;1;Zema;4;2;2004;Presencial;Brasil;Presidente;Primeiro turno
05/02/2026;09/02/2026;Quaest;1;Renan;1;2;2004;Presencial;Brasil;Presidente;Primeiro turno
05/02/2026;09/02/2026;Quaest;1;branco / nulo;15;2;2004;Presencial;Brasil;Presidente;Primeiro turno
05/02/2026;09/02/2026;Quaest;1;não sabe / não respondeu;7;2;2004;Presencial;Brasil;Presidente;Primeiro turno
05/02/2026;09/02/2026;Quaest;1;Eduardo Leite;3;2;2004;Presencial;Brasil;Presidente;Primeiro turno
05/02/2026;09/02/2026;Quaest;1;Aldo Rebelo;1;2;2004;Presencial;Brasil;Presidente;Primeiro turno
05/02/2026;09/02/2026;Quaest;2;Lula;42;2;2004;Presencial;Brasil;Presidente;Lula vs Caiado
05/02/2026;09/02/2026;Quaest;2;Caiado;32;2;2004;Presencial;Brasil;Presidente;Lula vs Caiado
05/02/2026;09/02/2026;Quaest;2;branco / nulo;22;2;2004;Presencial;Brasil;Presidente;Lula vs Caiado
05/02/2026;09/02/2026;Quaest;2;não sabe / não respondeu;4;2;2004;Presencial;Brasil;Presidente;Lula vs Caiado
05/02/2026;09/02/2026;Quaest;2;Lula;43;2;2004;Presencial;Brasil;Presidente;Lula vs Eduardo Leite
05/02/2026;09/02/2026;Quaest;2;Eduardo Leite;28;2;2004;Presencial;Brasil;Presidente;Lula vs Eduardo Leite
05/02/2026;09/02/2026;Quaest;2;branco / nulo;4;2;2004;Presencial;Brasil;Presidente;Lula vs Eduardo Leite
05/02/2026;09/02/2026;Quaest;2;não sabe / não respondeu;26;2;2004;Presencial;Brasil;Presidente;Lula vs Eduardo Leite
05/02/2026;09/02/2026;Quaest;2;Lula;43;2;2004;Presencial;Brasil;Presidente;Lula vs Flávio
05/02/2026;09/02/2026;Quaest;2;Flávio;38;2;2004;Presencial;Brasil;Presidente;Lula vs Flávio
05/02/2026;09/02/2026;Quaest;2;branco / nulo;17;2;2004;Presencial;Brasil;Presidente;Lula vs Flávio
05/02/2026;09/02/2026;Quaest;2;não sabe / não respondeu;1;2;2004;Presencial;Brasil;Presidente;Lula vs Flávio
05/02/2026;09/02/2026;Quaest;2;Lula;43;2;2004;Presencial;Brasil;Presidente;Lula vs Zema
05/02/2026;09/02/2026;Quaest;2;Zema;32;2;2004;Presencial;Brasil;Presidente;Lula vs Zema
05/02/2026;09/02/2026;Quaest;2;branco / nulo;21;2;2004;Presencial;Brasil;Presidente;Lula vs Zema
05/02/2026;09/02/2026;Quaest;2;não sabe / não respondeu;4;2;2004;Presencial;Brasil;Presidente;Lula vs Zema
19/02/2026;24/02/2026;Atlas;1;Lula;45;1;4986;Online;Brasil;Presidente;Primeiro turno
19/02/2026;24/02/2026;Atlas;1;Flávio;40;1;4986;Online;Brasil;Presidente;Primeiro turno
19/02/2026;24/02/2026;Atlas;1;Zema;4;1;4986;Online;Brasil;Presidente;Primeiro turno
19/02/2026;24/02/2026;Atlas;1;Renan;3;1;4986;Online;Brasil;Presidente;Primeiro turno
19/02/2026;24/02/2026;Atlas;1;branco / nulo;3;1;4986;Online;Brasil;Presidente;Primeiro turno
19/02/2026;24/02/2026;Atlas;1;não sabe / não respondeu;1;1;4986;Online;Brasil;Presidente;Primeiro turno
19/02/2026;24/02/2026;Atlas;1;Ratinho Jr.;4;1;4986;Online;Brasil;Presidente;Primeiro turno
19/02/2026;24/02/2026;Atlas;1;Aldo Rebelo;1;1;4986;Online;Brasil;Presidente;Primeiro turno
19/02/2026;24/02/2026;Atlas;1;Lula;45;1;4986;Online;Brasil;Presidente;Primeiro turno
19/02/2026;24/02/2026;Atlas;1;Flávio;38;1;4986;Online;Brasil;Presidente;Primeiro turno
19/02/2026;24/02/2026;Atlas;1;Caiado;5;1;4986;Online;Brasil;Presidente;Primeiro turno
19/02/2026;24/02/2026;Atlas;1;Zema;4;1;4986;Online;Brasil;Presidente;Primeiro turno
19/02/2026;24/02/2026;Atlas;1;Renan;3;1;4986;Online;Brasil;Presidente;Primeiro turno
19/02/2026;24/02/2026;Atlas;1;branco / nulo;4;1;4986;Online;Brasil;Presidente;Primeiro turno
19/02/2026;24/02/2026;Atlas;1;não sabe / não respondeu;1;1;4986;Online;Brasil;Presidente;Primeiro turno
19/02/2026;24/02/2026;Atlas;1;Aldo Rebelo;1;1;4986;Online;Brasil;Presidente;Primeiro turno
19/02/2026;24/02/2026;Atlas;1;Lula;45;1;4986;Online;Brasil;Presidente;Primeiro turno
19/02/2026;24/02/2026;Atlas;1;Flávio;39;1;4986;Online;Brasil;Presidente;Primeiro turno
19/02/2026;24/02/2026;Atlas;1;Zema;6;1;4986;Online;Brasil;Presidente;Primeiro turno
19/02/2026;24/02/2026;Atlas;1;Renan;4;1;4986;Online;Brasil;Presidente;Primeiro turno
19/02/2026;24/02/2026;Atlas;1;branco / nulo;3;1;4986;Online;Brasil;Presidente;Primeiro turno
19/02/2026;24/02/2026;Atlas;1;não sabe / não respondeu;1;1;4986;Online;Brasil;Presidente;Primeiro turno
19/02/2026;24/02/2026;Atlas;1;Eduardo Leite;2;1;4986;Online;Brasil;Presidente;Primeiro turno
19/02/2026;24/02/2026;Atlas;1;Aldo Rebelo;1;1;4986;Online;Brasil;Presidente;Primeiro turno
19/02/2026;24/02/2026;Atlas;1;Lula;43;1;4986;Online;Brasil;Presidente;Primeiro turno
19/02/2026;24/02/2026;Atlas;1;Caiado;5;1;4986;Online;Brasil;Presidente;Primeiro turno
19/02/2026;24/02/2026;Atlas;1;Zema;9;1;4986;Online;Brasil;Presidente;Primeiro turno
19/02/2026;24/02/2026;Atlas;1;Renan;3;1;4986;Online;Brasil;Presidente;Primeiro turno
19/02/2026;24/02/2026;Atlas;1;branco / nulo;2;1;4986;Online;Brasil;Presidente;Primeiro turno
19/02/2026;24/02/2026;Atlas;1;não sabe / não respondeu;1;1;4986;Online;Brasil;Presidente;Primeiro turno
19/02/2026;24/02/2026;Atlas;1;Tarcísio;36;1;4986;Online;Brasil;Presidente;Primeiro turno
19/02/2026;24/02/2026;Atlas;1;Aldo Rebelo;1;1;4986;Online;Brasil;Presidente;Primeiro turno
19/02/2026;24/02/2026;Atlas;1;Lula;47;1;4986;Online;Brasil;Presidente;Primeiro turno
19/02/2026;24/02/2026;Atlas;1;Flávio;33;1;4986;Online;Brasil;Presidente;Primeiro turno
19/02/2026;24/02/2026;Atlas;1;Caiado;4;1;4986;Online;Brasil;Presidente;Primeiro turno
19/02/2026;24/02/2026;Atlas;1;Renan;3;1;4986;Online;Brasil;Presidente;Primeiro turno
19/02/2026;24/02/2026;Atlas;1;branco / nulo;2;1;4986;Online;Brasil;Presidente;Primeiro turno
19/02/2026;24/02/2026;Atlas;1;não sabe / não respondeu;0;1;4986;Online;Brasil;Presidente;Primeiro turno
19/02/2026;24/02/2026;Atlas;1;Tarcísio;7;1;4986;Online;Brasil;Presidente;Primeiro turno
19/02/2026;24/02/2026;Atlas;1;Aldo Rebelo;1;1;4986;Online;Brasil;Presidente;Primeiro turno
19/02/2026;24/02/2026;Atlas;2;Lula;45,7;1;4986;Online;Brasil;Presidente;Lula vs Caiado
19/02/2026;24/02/2026;Atlas;2;Caiado;37,6;1;4986;Online;Brasil;Presidente;Lula vs Caiado
19/02/2026;24/02/2026;Atlas;2;não sabe / não respondeu;16,7;1;4986;Online;Brasil;Presidente;Lula vs Caiado
19/02/2026;24/02/2026;Atlas;2;Lula;45,2;1;4986;Online;Brasil;Presidente;Lula vs Eduardo Leite
19/02/2026;24/02/2026;Atlas;2;Eduardo Leite;24,5;1;4986;Online;Brasil;Presidente;Lula vs Eduardo Leite
19/02/2026;24/02/2026;Atlas;2;não sabe / não respondeu;30,3;1;4986;Online;Brasil;Presidente;Lula vs Eduardo Leite
19/02/2026;24/02/2026;Atlas;2;Lula;46,2;1;4986;Online;Brasil;Presidente;Lula vs Flávio
19/02/2026;24/02/2026;Atlas;2;Flávio;46,3;1;4986;Online;Brasil;Presidente;Lula vs Flávio
19/02/2026;24/02/2026;Atlas;2;branco / nulo;7,5;1;4986;Online;Brasil;Presidente;Lula vs Flávio
19/02/2026;24/02/2026;Atlas;2;não sabe / não respondeu;0;1;4986;Online;Brasil;Presidente;Lula vs Flávio
19/02/2026;24/02/2026;Atlas;2;Lula;47,5;1;4986;Online;Brasil;Presidente;Lula vs Michele Bolsonaro
19/02/2026;24/02/2026;Atlas;2;Michele Bolsonaro;44,7;1;4986;Online;Brasil;Presidente;Lula vs Michele Bolsonaro
19/02/2026;24/02/2026;Atlas;2;não sabe / não respondeu;7,8;1;4986;Online;Brasil;Presidente;Lula vs Michele Bolsonaro
19/02/2026;24/02/2026;Atlas;2;Lula;45,5;1;4986;Online;Brasil;Presidente;Lula vs Ratinho Jr.
19/02/2026;24/02/2026;Atlas;2;Ratinho Jr.;39;1;4986;Online;Brasil;Presidente;Lula vs Ratinho Jr.
19/02/2026;24/02/2026;Atlas;2;não sabe / não respondeu;15,5;1;4986;Online;Brasil;Presidente;Lula vs Ratinho Jr.
19/02/2026;24/02/2026;Atlas;2;Lula;45,9;1;4986;Online;Brasil;Presidente;Lula vs Tarcísio
19/02/2026;24/02/2026;Atlas;2;Tarcísio;47,1;1;4986;Online;Brasil;Presidente;Lula vs Tarcísio
19/02/2026;24/02/2026;Atlas;2;branco / nulo;7;1;4986;Online;Brasil;Presidente;Lula vs Tarcísio
19/02/2026;24/02/2026;Atlas;2;não sabe / não respondeu;0;1;4986;Online;Brasil;Presidente;Lula vs Tarcísio
19/02/2026;24/02/2026;Atlas;2;Lula;46;1;4986;Online;Brasil;Presidente;Lula vs Zema
19/02/2026;24/02/2026;Atlas;2;Zema;41,7;1;4986;Online;Brasil;Presidente;Lula vs Zema
19/02/2026;24/02/2026;Atlas;2;não sabe / não respondeu;12,3;1;4986;Online;Brasil;Presidente;Lula vs Zema
22/02/2026;25/02/2026;Paraná Pesquisas;1;Lula;39,6;2,2;2080;Presencial;Brasil;Presidente;Primeiro turno
22/02/2026;25/02/2026;Paraná Pesquisas;1;Flávio;35,3;2,2;2080;Presencial;Brasil;Presidente;Primeiro turno
22/02/2026;25/02/2026;Paraná Pesquisas;1;Zema;3,8;2,2;2080;Presencial;Brasil;Presidente;Primeiro turno
22/02/2026;25/02/2026;Paraná Pesquisas;1;Renan;1,5;2,2;2080;Presencial;Brasil;Presidente;Primeiro turno
22/02/2026;25/02/2026;Paraná Pesquisas;1;branco / nulo;6,7;2,2;2080;Presencial;Brasil;Presidente;Primeiro turno
22/02/2026;25/02/2026;Paraná Pesquisas;1;não sabe / não respondeu;5;2,2;2080;Presencial;Brasil;Presidente;Primeiro turno
22/02/2026;25/02/2026;Paraná Pesquisas;1;Ratinho Jr.;7,6;2,2;2080;Presencial;Brasil;Presidente;Primeiro turno
22/02/2026;25/02/2026;Paraná Pesquisas;1;Aldo Rebelo;0,5;2,2;2080;Presencial;Brasil;Presidente;Primeiro turno
22/02/2026;25/02/2026;Paraná Pesquisas;1;Lula;40,5;2,2;2080;Presencial;Brasil;Presidente;Primeiro turno
22/02/2026;25/02/2026;Paraná Pesquisas;1;Flávio;36,6;2,2;2080;Presencial;Brasil;Presidente;Primeiro turno
22/02/2026;25/02/2026;Paraná Pesquisas;1;Caiado;3,7;2,2;2080;Presencial;Brasil;Presidente;Primeiro turno
22/02/2026;25/02/2026;Paraná Pesquisas;1;Zema;4,3;2,2;2080;Presencial;Brasil;Presidente;Primeiro turno
22/02/2026;25/02/2026;Paraná Pesquisas;1;Renan;1,5;2,2;2080;Presencial;Brasil;Presidente;Primeiro turno
22/02/2026;25/02/2026;Paraná Pesquisas;1;branco / nulo;7,8;2,2;2080;Presencial;Brasil;Presidente;Primeiro turno
22/02/2026;25/02/2026;Paraná Pesquisas;1;não sabe / não respondeu;5,2;2,2;2080;Presencial;Brasil;Presidente;Primeiro turno
22/02/2026;25/02/2026;Paraná Pesquisas;1;Aldo Rebelo;0,4;2,2;2080;Presencial;Brasil;Presidente;Primeiro turno
22/02/2026;25/02/2026;Paraná Pesquisas;2;Lula;45,3;2,2;2080;Presencial;Brasil;Presidente;Lula vs Caiado
22/02/2026;25/02/2026;Paraná Pesquisas;2;Caiado;36,2;2,2;2080;Presencial;Brasil;Presidente;Lula vs Caiado
22/02/2026;25/02/2026;Paraná Pesquisas;2;branco / nulo;12,1;2,2;2080;Presencial;Brasil;Presidente;Lula vs Caiado
22/02/2026;25/02/2026;Paraná Pesquisas;2;não sabe / não respondeu;6,3;2,2;2080;Presencial;Brasil;Presidente;Lula vs Caiado
22/02/2026;25/02/2026;Paraná Pesquisas;2;Lula;43,8;2,2;2080;Presencial;Brasil;Presidente;Lula vs Flávio
22/02/2026;25/02/2026;Paraná Pesquisas;2;Flávio;44,4;2,2;2080;Presencial;Brasil;Presidente;Lula vs Flávio
22/02/2026;25/02/2026;Paraná Pesquisas;2;branco / nulo;6,9;2,2;2080;Presencial;Brasil;Presidente;Lula vs Flávio
22/02/2026;25/02/2026;Paraná Pesquisas;2;não sabe / não respondeu;5;2,2;2080;Presencial;Brasil;Presidente;Lula vs Flávio
22/02/2026;25/02/2026;Paraná Pesquisas;2;Lula;43,6;2,2;2080;Presencial;Brasil;Presidente;Lula vs Ratinho Jr.
22/02/2026;25/02/2026;Paraná Pesquisas;2;Ratinho Jr.;39,7;2,2;2080;Presencial;Brasil;Presidente;Lula vs Ratinho Jr.
22/02/2026;25/02/2026;Paraná Pesquisas;2;branco / nulo;10,5;2,2;2080;Presencial;Brasil;Presidente;Lula vs Ratinho Jr.
22/02/2026;25/02/2026;Paraná Pesquisas;2;não sabe / não respondeu;6,2;2,2;2080;Presencial;Brasil;Presidente;Lula vs Ratinho Jr.
28/02/2026;02/03/2026;Realtime Bigdata;1;Lula;39;2;2000;Telefônica;Brasil;Presidente;Primeiro turno
28/02/2026;02/03/2026;Realtime Bigdata;1;Flávio;32;2;2000;Telefônica;Brasil;Presidente;Primeiro turno
28/02/2026;02/03/2026;Realtime Bigdata;1;Zema;2;2;2000;Telefônica;Brasil;Presidente;Primeiro turno
28/02/2026;02/03/2026;Realtime Bigdata;1;Renan;2;2;2000;Telefônica;Brasil;Presidente;Primeiro turno
28/02/2026;02/03/2026;Realtime Bigdata;1;branco / nulo;7;2;2000;Telefônica;Brasil;Presidente;Primeiro turno
28/02/2026;02/03/2026;Realtime Bigdata;1;não sabe / não respondeu;7;2;2000;Telefônica;Brasil;Presidente;Primeiro turno
28/02/2026;02/03/2026;Realtime Bigdata;1;Ratinho Jr.;9;2;2000;Telefônica;Brasil;Presidente;Primeiro turno
28/02/2026;02/03/2026;Realtime Bigdata;1;Aldo Rebelo;2;2;2000;Telefônica;Brasil;Presidente;Primeiro turno
28/02/2026;02/03/2026;Realtime Bigdata;1;Lula;40;2;2000;Telefônica;Brasil;Presidente;Primeiro turno
28/02/2026;02/03/2026;Realtime Bigdata;1;Flávio;33;2;2000;Telefônica;Brasil;Presidente;Primeiro turno
28/02/2026;02/03/2026;Realtime Bigdata;1;Caiado;5;2;2000;Telefônica;Brasil;Presidente;Primeiro turno
28/02/2026;02/03/2026;Realtime Bigdata;1;Zema;3;2;2000;Telefônica;Brasil;Presidente;Primeiro turno
28/02/2026;02/03/2026;Realtime Bigdata;1;Renan;2;2;2000;Telefônica;Brasil;Presidente;Primeiro turno
28/02/2026;02/03/2026;Realtime Bigdata;1;branco / nulo;7;2;2000;Telefônica;Brasil;Presidente;Primeiro turno
28/02/2026;02/03/2026;Realtime Bigdata;1;não sabe / não respondeu;8;2;2000;Telefônica;Brasil;Presidente;Primeiro turno
28/02/2026;02/03/2026;Realtime Bigdata;1;Aldo Rebelo;2;2;2000;Telefônica;Brasil;Presidente;Primeiro turno
28/02/2026;02/03/2026;Realtime Bigdata;1;Lula;40;2;2000;Telefônica;Brasil;Presidente;Primeiro turno
28/02/2026;02/03/2026;Realtime Bigdata;1;Flávio;34;2;2000;Telefônica;Brasil;Presidente;Primeiro turno
28/02/2026;02/03/2026;Realtime Bigdata;1;Zema;3;2;2000;Telefônica;Brasil;Presidente;Primeiro turno
28/02/2026;02/03/2026;Realtime Bigdata;1;Renan;2;2;2000;Telefônica;Brasil;Presidente;Primeiro turno
28/02/2026;02/03/2026;Realtime Bigdata;1;branco / nulo;7;2;2000;Telefônica;Brasil;Presidente;Primeiro turno
28/02/2026;02/03/2026;Realtime Bigdata;1;não sabe / não respondeu;8;2;2000;Telefônica;Brasil;Presidente;Primeiro turno
28/02/2026;02/03/2026;Realtime Bigdata;1;Eduardo Leite;4;2;2000;Telefônica;Brasil;Presidente;Primeiro turno
28/02/2026;02/03/2026;Realtime Bigdata;1;Aldo Rebelo;2;2;2000;Telefônica;Brasil;Presidente;Primeiro turno
28/02/2026;02/03/2026;Realtime Bigdata;2;Lula;45;2;2000;Telefônica;Brasil;Presidente;Lula vs Caiado
28/02/2026;02/03/2026;Realtime Bigdata;2;Caiado;36;2;2000;Telefônica;Brasil;Presidente;Lula vs Caiado
28/02/2026;02/03/2026;Realtime Bigdata;2;branco / nulo;12;2;2000;Telefônica;Brasil;Presidente;Lula vs Caiado
28/02/2026;02/03/2026;Realtime Bigdata;2;não sabe / não respondeu;7;2;2000;Telefônica;Brasil;Presidente;Lula vs Caiado
28/02/2026;02/03/2026;Realtime Bigdata;2;Lula;46;2;2000;Telefônica;Brasil;Presidente;Lula vs Eduardo Leite
28/02/2026;02/03/2026;Realtime Bigdata;2;Eduardo Leite;35;2;2000;Telefônica;Brasil;Presidente;Lula vs Eduardo Leite
28/02/2026;02/03/2026;Realtime Bigdata;2;branco / nulo;12;2;2000;Telefônica;Brasil;Presidente;Lula vs Eduardo Leite
28/02/2026;02/03/2026;Realtime Bigdata;2;não sabe / não respondeu;7;2;2000;Telefônica;Brasil;Presidente;Lula vs Eduardo Leite
28/02/2026;02/03/2026;Realtime Bigdata;2;Lula;42;2;2000;Telefônica;Brasil;Presidente;Lula vs Flávio
28/02/2026;02/03/2026;Realtime Bigdata;2;Flávio;41;2;2000;Telefônica;Brasil;Presidente;Lula vs Flávio
28/02/2026;02/03/2026;Realtime Bigdata;2;branco / nulo;10;2;2000;Telefônica;Brasil;Presidente;Lula vs Flávio
28/02/2026;02/03/2026;Realtime Bigdata;2;não sabe / não respondeu;7;2;2000;Telefônica;Brasil;Presidente;Lula vs Flávio
28/02/2026;02/03/2026;Realtime Bigdata;2;Lula;43;2;2000;Telefônica;Brasil;Presidente;Lula vs Ratinho Jr.
28/02/2026;02/03/2026;Realtime Bigdata;2;Ratinho Jr.;39;2;2000;Telefônica;Brasil;Presidente;Lula vs Ratinho Jr.
28/02/2026;02/03/2026;Realtime Bigdata;2;branco / nulo;8;2;2000;Telefônica;Brasil;Presidente;Lula vs Ratinho Jr.
28/02/2026;02/03/2026;Realtime Bigdata;2;não sabe / não respondeu;7;2;2000;Telefônica;Brasil;Presidente;Lula vs Ratinho Jr.
28/02/2026;02/03/2026;Realtime Bigdata;2;Lula;44;2;2000;Telefônica;Brasil;Presidente;Lula vs Zema
28/02/2026;02/03/2026;Realtime Bigdata;2;Zema;35;2;2000;Telefônica;Brasil;Presidente;Lula vs Zema
28/02/2026;02/03/2026;Realtime Bigdata;2;branco / nulo;13;2;2000;Telefônica;Brasil;Presidente;Lula vs Zema
28/02/2026;02/03/2026;Realtime Bigdata;2;não sabe / não respondeu;8;2;2000;Telefônica;Brasil;Presidente;Lula vs Zema
03/03/2026;05/03/2026;Datafolha;2;Lula;46;2;2004;Presencial;Brasil;Presidente;Lula vs Flávio
03/03/2026;05/03/2026;Datafolha;2;Flávio;43;2;2004;Presencial;Brasil;Presidente;Lula vs Flávio
03/03/2026;05/03/2026;Datafolha;2;branco / nulo;10;2;2004;Presencial;Brasil;Presidente;Lula vs Flávio
03/03/2026;05/03/2026;Datafolha;2;não sabe / não respondeu;1;2;2004;Presencial;Brasil;Presidente;Lula vs Flávio
03/03/2026;05/03/2026;Datafolha;2;Lula;45;2;2004;Presencial;Brasil;Presidente;Lula vs Tarcísio
03/03/2026;05/03/2026;Datafolha;2;Tarcísio;41;2;2004;Presencial;Brasil;Presidente;Lula vs Tarcísio
03/03/2026;05/03/2026;Datafolha;2;branco / nulo;13;2;2004;Presencial;Brasil;Presidente;Lula vs Tarcísio
03/03/2026;05/03/2026;Datafolha;2;não sabe / não respondeu;2;2;2004;Presencial;Brasil;Presidente;Lula vs Tarcísio
06/03/2026;06/03/2026;Futura;1;Lula;37;2,2;2000;Telefônica;Brasil;Presidente;Primeiro turno
06/03/2026;06/03/2026;Futura;1;Flávio;37,6;2,2;2000;Telefônica;Brasil;Presidente;Primeiro turno
06/03/2026;06/03/2026;Futura;1;Zema;2,7;2,2;2000;Telefônica;Brasil;Presidente;Primeiro turno
06/03/2026;06/03/2026;Futura;1;Renan;2,1;2,2;2000;Telefônica;Brasil;Presidente;Primeiro turno
06/03/2026;06/03/2026;Futura;1;branco / nulo;7,3;2,2;2000;Telefônica;Brasil;Presidente;Primeiro turno
06/03/2026;06/03/2026;Futura;1;não sabe / não respondeu;3,6;2,2;2000;Telefônica;Brasil;Presidente;Primeiro turno
06/03/2026;06/03/2026;Futura;1;Ratinho Jr.;9,1;2,2;2000;Telefônica;Brasil;Presidente;Primeiro turno
06/03/2026;06/03/2026;Futura;1;Aldo Rebelo;0,7;2,2;2000;Telefônica;Brasil;Presidente;Primeiro turno
06/03/2026;06/03/2026;Futura;1;Lula;35,1;2,2;2000;Telefônica;Brasil;Presidente;Primeiro turno
06/03/2026;06/03/2026;Futura;1;Flávio;41,9;2,2;2000;Telefônica;Brasil;Presidente;Primeiro turno
06/03/2026;06/03/2026;Futura;1;Caiado;5,7;2,2;2000;Telefônica;Brasil;Presidente;Primeiro turno
06/03/2026;06/03/2026;Futura;1;Renan;2;2,2;2000;Telefônica;Brasil;Presidente;Primeiro turno
06/03/2026;06/03/2026;Futura;1;branco / nulo;10,1;2,2;2000;Telefônica;Brasil;Presidente;Primeiro turno
06/03/2026;06/03/2026;Futura;1;não sabe / não respondeu;3;2,2;2000;Telefônica;Brasil;Presidente;Primeiro turno
06/03/2026;06/03/2026;Futura;1;Aldo Rebelo;2,1;2,2;2000;Telefônica;Brasil;Presidente;Primeiro turno
06/03/2026;06/03/2026;Futura;1;Lula;35,2;2,2;2000;Telefônica;Brasil;Presidente;Primeiro turno
06/03/2026;06/03/2026;Futura;1;Flávio;41,2;2,2;2000;Telefônica;Brasil;Presidente;Primeiro turno
06/03/2026;06/03/2026;Futura;1;Renan;3,8;2,2;2000;Telefônica;Brasil;Presidente;Primeiro turno
06/03/2026;06/03/2026;Futura;1;branco / nulo;9,4;2,2;2000;Telefônica;Brasil;Presidente;Primeiro turno
06/03/2026;06/03/2026;Futura;1;não sabe / não respondeu;2,3;2,2;2000;Telefônica;Brasil;Presidente;Primeiro turno
06/03/2026;06/03/2026;Futura;1;Eduardo Leite;4,6;2,2;2000;Telefônica;Brasil;Presidente;Primeiro turno
06/03/2026;06/03/2026;Futura;1;Aldo Rebelo;3,4;2,2;2000;Telefônica;Brasil;Presidente;Primeiro turno
06/03/2026;06/03/2026;Futura;1;Lula;36,8;2,2;2000;Telefônica;Brasil;Presidente;Primeiro turno
06/03/2026;06/03/2026;Futura;1;Zema;5,7;2,2;2000;Telefônica;Brasil;Presidente;Primeiro turno
06/03/2026;06/03/2026;Futura;1;Renan;3,6;2,2;2000;Telefônica;Brasil;Presidente;Primeiro turno
06/03/2026;06/03/2026;Futura;1;branco / nulo;15,9;2,2;2000;Telefônica;Brasil;Presidente;Primeiro turno
06/03/2026;06/03/2026;Futura;1;não sabe / não respondeu;4,8;2,2;2000;Telefônica;Brasil;Presidente;Primeiro turno
06/03/2026;06/03/2026;Futura;1;Tarcísio;24,4;2,2;2000;Telefônica;Brasil;Presidente;Primeiro turno
06/03/2026;06/03/2026;Futura;1;Eduardo Leite;4,8;2,2;2000;Telefônica;Brasil;Presidente;Primeiro turno
06/03/2026;06/03/2026;Futura;1;Aldo Rebelo;4;2,2;2000;Telefônica;Brasil;Presidente;Primeiro turno
06/03/2026;06/03/2026;Futura;1;Flávio;38,1;2,2;2000;Telefônica;Brasil;Presidente;Primeiro turno
06/03/2026;06/03/2026;Futura;1;Zema;4,2;2,2;2000;Telefônica;Brasil;Presidente;Primeiro turno
06/03/2026;06/03/2026;Futura;1;Renan;2,7;2,2;2000;Telefônica;Brasil;Presidente;Primeiro turno
06/03/2026;06/03/2026;Futura;1;branco / nulo;19,5;2,2;2000;Telefônica;Brasil;Presidente;Primeiro turno
06/03/2026;06/03/2026;Futura;1;Ratinho Jr.;12,6;2,2;2000;Telefônica;Brasil;Presidente;Primeiro turno
06/03/2026;06/03/2026;Futura;1;Haddad;21,2;2,2;2000;Telefônica;Brasil;Presidente;Primeiro turno
06/03/2026;06/03/2026;Futura;1;Aldo Rebelo;1,8;2,2;2000;Telefônica;Brasil;Presidente;Primeiro turno
02/03/2026;06/03/2026;Futura;2;Lula;41,4;2,2;2000;Telefônica;Brasil;Presidente;Lula vs Caiado
02/03/2026;06/03/2026;Futura;2;Caiado;41,2;2,2;2000;Telefônica;Brasil;Presidente;Lula vs Caiado
02/03/2026;06/03/2026;Futura;2;branco / nulo;15,6;2,2;2000;Telefônica;Brasil;Presidente;Lula vs Caiado
02/03/2026;06/03/2026;Futura;2;não sabe / não respondeu;2,1;2,2;2000;Telefônica;Brasil;Presidente;Lula vs Caiado
02/03/2026;06/03/2026;Futura;2;Lula;41,1;2,2;2000;Telefônica;Brasil;Presidente;Lula vs Eduardo Leite
02/03/2026;06/03/2026;Futura;2;Eduardo Leite;37,1;2,2;2000;Telefônica;Brasil;Presidente;Lula vs Eduardo Leite
02/03/2026;06/03/2026;Futura;2;branco / nulo;19,9;2,2;2000;Telefônica;Brasil;Presidente;Lula vs Eduardo Leite
02/03/2026;06/03/2026;Futura;2;não sabe / não respondeu;1,9;2,2;2000;Telefônica;Brasil;Presidente;Lula vs Eduardo Leite
02/03/2026;06/03/2026;Futura;2;Lula;40,5;2,2;2000;Telefônica;Brasil;Presidente;Lula vs Flávio
02/03/2026;06/03/2026;Futura;2;Flávio;48,8;2,2;2000;Telefônica;Brasil;Presidente;Lula vs Flávio
02/03/2026;06/03/2026;Futura;2;branco / nulo;9;2,2;2000;Telefônica;Brasil;Presidente;Lula vs Flávio
02/03/2026;06/03/2026;Futura;2;não sabe / não respondeu;1,7;2,2;2000;Telefônica;Brasil;Presidente;Lula vs Flávio
02/03/2026;06/03/2026;Futura;2;Lula;41;2,2;2000;Telefônica;Brasil;Presidente;Lula vs Ratinho Jr.
02/03/2026;06/03/2026;Futura;2;Ratinho Jr.;44,5;2,2;2000;Telefônica;Brasil;Presidente;Lula vs Ratinho Jr.
02/03/2026;06/03/2026;Futura;2;branco / nulo;12,5;2,2;2000;Telefônica;Brasil;Presidente;Lula vs Ratinho Jr.
02/03/2026;06/03/2026;Futura;2;não sabe / não respondeu;2;2,2;2000;Telefônica;Brasil;Presidente;Lula vs Ratinho Jr.
02/03/2026;06/03/2026;Futura;2;Lula;41,4;2,2;2000;Telefônica;Brasil;Presidente;Lula vs Tarcísio
02/03/2026;06/03/2026;Futura;2;Tarcísio;45,5;2,2;2000;Telefônica;Brasil;Presidente;Lula vs Tarcísio
02/03/2026;06/03/2026;Futura;2;branco / nulo;11,7;2,2;2000;Telefônica;Brasil;Presidente;Lula vs Tarcísio
02/03/2026;06/03/2026;Futura;2;não sabe / não respondeu;1,4;2,2;2000;Telefônica;Brasil;Presidente;Lula vs Tarcísio
02/03/2026;06/03/2026;Futura;2;Lula;42,5;2,2;2000;Telefônica;Brasil;Presidente;Lula vs Zema
02/03/2026;06/03/2026;Futura;2;Zema;40,5;2,2;2000;Telefônica;Brasil;Presidente;Lula vs Zema
02/03/2026;06/03/2026;Futura;2;branco / nulo;15;2,2;2000;Telefônica;Brasil;Presidente;Lula vs Zema
02/03/2026;06/03/2026;Futura;2;não sabe / não respondeu;2;2,2;2000;Telefônica;Brasil;Presidente;Lula vs Zema
06/03/2026;09/03/2026;Quaest;1;Lula;37;2;2004;Presencial;Brasil;Presidente;Primeiro turno
06/03/2026;09/03/2026;Quaest;1;Flávio;30;2;2004;Presencial;Brasil;Presidente;Primeiro turno
06/03/2026;09/03/2026;Quaest;1;Zema;2;2;2004;Presencial;Brasil;Presidente;Primeiro turno
06/03/2026;09/03/2026;Quaest;1;Renan;1;2;2004;Presencial;Brasil;Presidente;Primeiro turno
06/03/2026;09/03/2026;Quaest;1;branco / nulo;16;2;2004;Presencial;Brasil;Presidente;Primeiro turno
06/03/2026;09/03/2026;Quaest;1;não sabe / não respondeu;5;2;2004;Presencial;Brasil;Presidente;Primeiro turno
06/03/2026;09/03/2026;Quaest;1;Ratinho Jr.;7;2;2004;Presencial;Brasil;Presidente;Primeiro turno
06/03/2026;09/03/2026;Quaest;1;Aldo Rebelo;1;2;2004;Presencial;Brasil;Presidente;Primeiro turno
06/03/2026;09/03/2026;Quaest;1;Lula;36;2;2004;Presencial;Brasil;Presidente;Primeiro turno
06/03/2026;09/03/2026;Quaest;1;Flávio;33;2;2004;Presencial;Brasil;Presidente;Primeiro turno
06/03/2026;09/03/2026;Quaest;1;Zema;3;2;2004;Presencial;Brasil;Presidente;Primeiro turno
06/03/2026;09/03/2026;Quaest;1;Renan;2;2;2004;Presencial;Brasil;Presidente;Primeiro turno
06/03/2026;09/03/2026;Quaest;1;branco / nulo;15;2;2004;Presencial;Brasil;Presidente;Primeiro turno
06/03/2026;09/03/2026;Quaest;1;não sabe / não respondeu;5;2;2004;Presencial;Brasil;Presidente;Primeiro turno
06/03/2026;09/03/2026;Quaest;1;Ratinho Jr.;7;2;2004;Presencial;Brasil;Presidente;Primeiro turno
06/03/2026;09/03/2026;Quaest;1;Aldo Rebelo;2;2;2004;Presencial;Brasil;Presidente;Primeiro turno
06/03/2026;09/03/2026;Quaest;1;Lula;39;2;2004;Presencial;Brasil;Presidente;Primeiro turno
06/03/2026;09/03/2026;Quaest;1;Flávio;32;2;2004;Presencial;Brasil;Presidente;Primeiro turno
06/03/2026;09/03/2026;Quaest;1;Caiado;4;2;2004;Presencial;Brasil;Presidente;Primeiro turno
06/03/2026;09/03/2026;Quaest;1;Zema;3;2;2004;Presencial;Brasil;Presidente;Primeiro turno
06/03/2026;09/03/2026;Quaest;1;Renan;2;2;2004;Presencial;Brasil;Presidente;Primeiro turno
06/03/2026;09/03/2026;Quaest;1;branco / nulo;16;2;2004;Presencial;Brasil;Presidente;Primeiro turno
06/03/2026;09/03/2026;Quaest;1;não sabe / não respondeu;5;2;2004;Presencial;Brasil;Presidente;Primeiro turno
06/03/2026;09/03/2026;Quaest;1;Aldo Rebelo;1;2;2004;Presencial;Brasil;Presidente;Primeiro turno
06/03/2026;09/03/2026;Quaest;1;Lula;36;2;2004;Presencial;Brasil;Presidente;Primeiro turno
06/03/2026;09/03/2026;Quaest;1;Flávio;34;2;2004;Presencial;Brasil;Presidente;Primeiro turno
06/03/2026;09/03/2026;Quaest;1;Caiado;4;2;2004;Presencial;Brasil;Presidente;Primeiro turno
06/03/2026;09/03/2026;Quaest;1;Renan;2;2;2004;Presencial;Brasil;Presidente;Primeiro turno
06/03/2026;09/03/2026;Quaest;1;branco / nulo;17;2;2004;Presencial;Brasil;Presidente;Primeiro turno
06/03/2026;09/03/2026;Quaest;1;não sabe / não respondeu;5;2;2004;Presencial;Brasil;Presidente;Primeiro turno
06/03/2026;09/03/2026;Quaest;1;Aldo Rebelo;2;2;2004;Presencial;Brasil;Presidente;Primeiro turno
06/03/2026;09/03/2026;Quaest;1;Lula;36;2;2004;Presencial;Brasil;Presidente;Primeiro turno
06/03/2026;09/03/2026;Quaest;1;Flávio;33;2;2004;Presencial;Brasil;Presidente;Primeiro turno
06/03/2026;09/03/2026;Quaest;1;Zema;3;2;2004;Presencial;Brasil;Presidente;Primeiro turno
06/03/2026;09/03/2026;Quaest;1;Renan;2;2;2004;Presencial;Brasil;Presidente;Primeiro turno
06/03/2026;09/03/2026;Quaest;1;branco / nulo;16;2;2004;Presencial;Brasil;Presidente;Primeiro turno
06/03/2026;09/03/2026;Quaest;1;não sabe / não respondeu;5;2;2004;Presencial;Brasil;Presidente;Primeiro turno
06/03/2026;09/03/2026;Quaest;1;Eduardo Leite;3;2;2004;Presencial;Brasil;Presidente;Primeiro turno
06/03/2026;09/03/2026;Quaest;1;Aldo Rebelo;2;2;2004;Presencial;Brasil;Presidente;Primeiro turno
06/03/2026;09/03/2026;Quaest;1;Lula;37;2;2004;Presencial;Brasil;Presidente;Primeiro turno
06/03/2026;09/03/2026;Quaest;1;Flávio;34;2;2004;Presencial;Brasil;Presidente;Primeiro turno
06/03/2026;09/03/2026;Quaest;1;Zema;3;2;2004;Presencial;Brasil;Presidente;Primeiro turno
06/03/2026;09/03/2026;Quaest;1;Renan;2;2;2004;Presencial;Brasil;Presidente;Primeiro turno
06/03/2026;09/03/2026;Quaest;1;branco / nulo;17;2;2004;Presencial;Brasil;Presidente;Primeiro turno
06/03/2026;09/03/2026;Quaest;1;não sabe / não respondeu;5;2;2004;Presencial;Brasil;Presidente;Primeiro turno
06/03/2026;09/03/2026;Quaest;1;Aldo Rebelo;2;2;2004;Presencial;Brasil;Presidente;Primeiro turno
06/03/2026;09/03/2026;Quaest;1;Lula;36;2;2004;Presencial;Brasil;Presidente;Primeiro turno
06/03/2026;09/03/2026;Quaest;1;Flávio;35;2;2004;Presencial;Brasil;Presidente;Primeiro turno
06/03/2026;09/03/2026;Quaest;1;Renan;2;2;2004;Presencial;Brasil;Presidente;Primeiro turno
06/03/2026;09/03/2026;Quaest;1;branco / nulo;17;2;2004;Presencial;Brasil;Presidente;Primeiro turno
06/03/2026;09/03/2026;Quaest;1;não sabe / não respondeu;5;2;2004;Presencial;Brasil;Presidente;Primeiro turno
06/03/2026;09/03/2026;Quaest;1;Eduardo Leite;3;2;2004;Presencial;Brasil;Presidente;Primeiro turno
06/03/2026;09/03/2026;Quaest;1;Aldo Rebelo;2;2;2004;Presencial;Brasil;Presidente;Primeiro turno
06/03/2026;09/03/2026;Quaest;2;Lula;44;2;2004;Presencial;Brasil;Presidente;Lula vs Caiado
06/03/2026;09/03/2026;Quaest;2;Caiado;32;2;2004;Presencial;Brasil;Presidente;Lula vs Caiado
06/03/2026;09/03/2026;Quaest;2;branco / nulo;21;2;2004;Presencial;Brasil;Presidente;Lula vs Caiado
06/03/2026;09/03/2026;Quaest;2;não sabe / não respondeu;3;2;2004;Presencial;Brasil;Presidente;Lula vs Caiado
06/03/2026;09/03/2026;Quaest;2;Lula;42;2;2004;Presencial;Brasil;Presidente;Lula vs Eduardo Leite
06/03/2026;09/03/2026;Quaest;2;Eduardo Leite;26;2;2004;Presencial;Brasil;Presidente;Lula vs Eduardo Leite
06/03/2026;09/03/2026;Quaest;2;branco / nulo;29;2;2004;Presencial;Brasil;Presidente;Lula vs Eduardo Leite
06/03/2026;09/03/2026;Quaest;2;não sabe / não respondeu;3;2;2004;Presencial;Brasil;Presidente;Lula vs Eduardo Leite
06/03/2026;09/03/2026;Quaest;2;Lula;41;2;2004;Presencial;Brasil;Presidente;Lula vs Flávio
06/03/2026;09/03/2026;Quaest;2;Flávio;41;2;2004;Presencial;Brasil;Presidente;Lula vs Flávio
06/03/2026;09/03/2026;Quaest;2;branco / nulo;16;2;2004;Presencial;Brasil;Presidente;Lula vs Flávio
06/03/2026;09/03/2026;Quaest;2;não sabe / não respondeu;2;2;2004;Presencial;Brasil;Presidente;Lula vs Flávio
06/03/2026;09/03/2026;Quaest;2;Lula;42;2;2004;Presencial;Brasil;Presidente;Lula vs Ratinho Jr.
06/03/2026;09/03/2026;Quaest;2;Ratinho Jr.;33;2;2004;Presencial;Brasil;Presidente;Lula vs Ratinho Jr.
06/03/2026;09/03/2026;Quaest;2;branco / nulo;22;2;2004;Presencial;Brasil;Presidente;Lula vs Ratinho Jr.
06/03/2026;09/03/2026;Quaest;2;não sabe / não respondeu;3;2;2004;Presencial;Brasil;Presidente;Lula vs Ratinho Jr.
06/03/2026;09/03/2026;Quaest;2;Lula;44;2;2004;Presencial;Brasil;Presidente;Lula vs Zema
06/03/2026;09/03/2026;Quaest;2;Zema;34;2;2004;Presencial;Brasil;Presidente;Lula vs Zema
06/03/2026;09/03/2026;Quaest;2;branco / nulo;19;2;2004;Presencial;Brasil;Presidente;Lula vs Zema
06/03/2026;09/03/2026;Quaest;2;não sabe / não respondeu;3;2;2004;Presencial;Brasil;Presidente;Lula vs Zema
06/03/2026;10/03/2026;Ideia;1;Lula;40;2,5;1500;Telefônica;Brasil;Presidente;Primeiro turno
06/03/2026;10/03/2026;Ideia;1;Flávio;34,7;2,5;1500;Telefônica;Brasil;Presidente;Primeiro turno
06/03/2026;10/03/2026;Ideia;1;Zema;4,5;2,5;1500;Telefônica;Brasil;Presidente;Primeiro turno
06/03/2026;10/03/2026;Ideia;1;Renan;1,2;2,5;1500;Telefônica;Brasil;Presidente;Primeiro turno
06/03/2026;10/03/2026;Ideia;1;branco / nulo;4,2;2,5;1500;Telefônica;Brasil;Presidente;Primeiro turno
06/03/2026;10/03/2026;Ideia;1;não sabe / não respondeu;5,3;2,5;1500;Telefônica;Brasil;Presidente;Primeiro turno
06/03/2026;10/03/2026;Ideia;1;Ratinho Jr.;9;2,5;1500;Telefônica;Brasil;Presidente;Primeiro turno
06/03/2026;10/03/2026;Ideia;1;Aldo Rebelo;1;2,5;1500;Telefônica;Brasil;Presidente;Primeiro turno
06/03/2026;10/03/2026;Ideia;1;Lula;40,3;2,5;1500;Telefônica;Brasil;Presidente;Primeiro turno
06/03/2026;10/03/2026;Ideia;1;Flávio;35;2,5;1500;Telefônica;Brasil;Presidente;Primeiro turno
06/03/2026;10/03/2026;Ideia;1;Caiado;5;2,5;1500;Telefônica;Brasil;Presidente;Primeiro turno
06/03/2026;10/03/2026;Ideia;1;Renan;1,6;2,5;1500;Telefônica;Brasil;Presidente;Primeiro turno
06/03/2026;10/03/2026;Ideia;1;branco / nulo;4,7;2,5;1500;Telefônica;Brasil;Presidente;Primeiro turno
06/03/2026;10/03/2026;Ideia;1;não sabe / não respondeu;7,2;2,5;1500;Telefônica;Brasil;Presidente;Primeiro turno
06/03/2026;10/03/2026;Ideia;1;Aldo Rebelo;0,8;2,5;1500;Telefônica;Brasil;Presidente;Primeiro turno
06/03/2026;10/03/2026;Ideia;1;Lula;39,6;2,5;1500;Telefônica;Brasil;Presidente;Primeiro turno
06/03/2026;10/03/2026;Ideia;1;Flávio;36,3;2,5;1500;Telefônica;Brasil;Presidente;Primeiro turno
06/03/2026;10/03/2026;Ideia;1;Zema;5,8;2,5;1500;Telefônica;Brasil;Presidente;Primeiro turno
06/03/2026;10/03/2026;Ideia;1;Renan;1,1;2,5;1500;Telefônica;Brasil;Presidente;Primeiro turno
06/03/2026;10/03/2026;Ideia;1;branco / nulo;4,7;2,5;1500;Telefônica;Brasil;Presidente;Primeiro turno
06/03/2026;10/03/2026;Ideia;1;não sabe / não respondeu;7,3;2,5;1500;Telefônica;Brasil;Presidente;Primeiro turno
06/03/2026;10/03/2026;Ideia;1;Eduardo Leite;4,4;2,5;1500;Telefônica;Brasil;Presidente;Primeiro turno
06/03/2026;10/03/2026;Ideia;1;Aldo Rebelo;0,8;2,5;1500;Telefônica;Brasil;Presidente;Primeiro turno
06/03/2026;10/03/2026;Ideia;1;Lula;40,3;2,5;1500;Telefônica;Brasil;Presidente;Primeiro turno
06/03/2026;10/03/2026;Ideia;1;Zema;5,1;2,5;1500;Telefônica;Brasil;Presidente;Primeiro turno
06/03/2026;10/03/2026;Ideia;1;Renan;1,4;2,5;1500;Telefônica;Brasil;Presidente;Primeiro turno
06/03/2026;10/03/2026;Ideia;1;branco / nulo;7,3;2,5;1500;Telefônica;Brasil;Presidente;Primeiro turno
06/03/2026;10/03/2026;Ideia;1;não sabe / não respondeu;9,5;2,5;1500;Telefônica;Brasil;Presidente;Primeiro turno
06/03/2026;10/03/2026;Ideia;1;Tarcísio;35,9;2,5;1500;Telefônica;Brasil;Presidente;Primeiro turno
06/03/2026;10/03/2026;Ideia;1;Aldo Rebelo;0,5;2,5;1500;Telefônica;Brasil;Presidente;Primeiro turno
06/03/2026;10/03/2026;Ideia;2;Lula;46,5;2,5;1500;Telefônica;Brasil;Presidente;Lula vs Caiado
06/03/2026;10/03/2026;Ideia;2;Caiado;37,5;2,5;1500;Telefônica;Brasil;Presidente;Lula vs Caiado
06/03/2026;10/03/2026;Ideia;2;branco / nulo;11,1;2,5;1500;Telefônica;Brasil;Presidente;Lula vs Caiado
06/03/2026;10/03/2026;Ideia;2;não sabe / não respondeu;5;2,5;1500;Telefônica;Brasil;Presidente;Lula vs Caiado
06/03/2026;10/03/2026;Ideia;2;Lula;46,9;2,5;1500;Telefônica;Brasil;Presidente;Lula vs Eduardo Leite
06/03/2026;10/03/2026;Ideia;2;Eduardo Leite;29;2,5;1500;Telefônica;Brasil;Presidente;Lula vs Eduardo Leite
06/03/2026;10/03/2026;Ideia;2;branco / nulo;12,1;2,5;1500;Telefônica;Brasil;Presidente;Lula vs Eduardo Leite
06/03/2026;10/03/2026;Ideia;2;não sabe / não respondeu;1,9;2,5;1500;Telefônica;Brasil;Presidente;Lula vs Eduardo Leite
06/03/2026;10/03/2026;Ideia;2;Lula;47,4;2,5;1500;Telefônica;Brasil;Presidente;Lula vs Flávio
06/03/2026;10/03/2026;Ideia;2;Flávio;45,3;2,5;1500;Telefônica;Brasil;Presidente;Lula vs Flávio
06/03/2026;10/03/2026;Ideia;2;branco / nulo;4,1;2,5;1500;Telefônica;Brasil;Presidente;Lula vs Flávio
06/03/2026;10/03/2026;Ideia;2;não sabe / não respondeu;3,2;2,5;1500;Telefônica;Brasil;Presidente;Lula vs Flávio
06/03/2026;10/03/2026;Ideia;2;Lula;46,5;2,5;1500;Telefônica;Brasil;Presidente;Lula vs Ratinho Jr.
06/03/2026;10/03/2026;Ideia;2;Ratinho Jr.;40,7;2,5;1500;Telefônica;Brasil;Presidente;Lula vs Ratinho Jr.
06/03/2026;10/03/2026;Ideia;2;branco / nulo;8,5;2,5;1500;Telefônica;Brasil;Presidente;Lula vs Ratinho Jr.
06/03/2026;10/03/2026;Ideia;2;não sabe / não respondeu;4,2;2,5;1500;Telefônica;Brasil;Presidente;Lula vs Ratinho Jr.
06/03/2026;10/03/2026;Ideia;2;Lula;46,4;2,5;1500;Telefônica;Brasil;Presidente;Lula vs Tarcísio
06/03/2026;10/03/2026;Ideia;2;Tarcísio;44,8;2,5;1500;Telefônica;Brasil;Presidente;Lula vs Tarcísio
06/03/2026;10/03/2026;Ideia;2;branco / nulo;5,5;2,5;1500;Telefônica;Brasil;Presidente;Lula vs Tarcísio
06/03/2026;10/03/2026;Ideia;2;não sabe / não respondeu;3,3;2,5;1500;Telefônica;Brasil;Presidente;Lula vs Tarcísio
06/03/2026;10/03/2026;Ideia;2;Lula;46,1;2,5;1500;Telefônica;Brasil;Presidente;Lula vs Zema
06/03/2026;10/03/2026;Ideia;2;Zema;38;2,5;1500;Telefônica;Brasil;Presidente;Lula vs Zema
06/03/2026;10/03/2026;Ideia;2;branco / nulo;10,7;2,5;1500;Telefônica;Brasil;Presidente;Lula vs Zema
06/03/2026;10/03/2026;Ideia;2;não sabe / não respondeu;5,3;2,5;1500;Telefônica;Brasil;Presidente;Lula vs Zema
11/03/2026;11/03/2026;Alfa;1;Lula;37;3,1;1000;Telefônica;Brasil;Presidente;Primeiro turno
11/03/2026;11/03/2026;Alfa;1;Flávio;30;3,1;1000;Telefônica;Brasil;Presidente;Primeiro turno
11/03/2026;11/03/2026;Alfa;1;Caiado;3;3,1;1000;Telefônica;Brasil;Presidente;Primeiro turno
11/03/2026;11/03/2026;Alfa;1;Zema;4;3,1;1000;Telefônica;Brasil;Presidente;Primeiro turno
11/03/2026;11/03/2026;Alfa;1;Renan;1;3,1;1000;Telefônica;Brasil;Presidente;Primeiro turno
11/03/2026;11/03/2026;Alfa;1;branco / nulo;14;3,1;1000;Telefônica;Brasil;Presidente;Primeiro turno
11/03/2026;11/03/2026;Alfa;1;Ratinho Jr.;7;3,1;1000;Telefônica;Brasil;Presidente;Primeiro turno
11/03/2026;11/03/2026;Alfa;1;Eduardo Leite;4;3,1;1000;Telefônica;Brasil;Presidente;Primeiro turno
11/03/2026;11/03/2026;Alfa;1;Aldo Rebelo;0,3;3,1;1000;Telefônica;Brasil;Presidente;Primeiro turno
11/03/2026;11/03/2026;Alfa;1;Lula;41;3,1;1000;Telefônica;Brasil;Presidente;Primeiro turno
11/03/2026;11/03/2026;Alfa;1;Flávio;38;3,1;1000;Telefônica;Brasil;Presidente;Primeiro turno
11/03/2026;11/03/2026;Alfa;1;branco / nulo;21;3,1;1000;Telefônica;Brasil;Presidente;Primeiro turno
18/03/2026;18/03/2026;Realtime Bigdata;1;Lula;41;2;1500;Telefônica;Brasil;Presidente;Primeiro turno
18/03/2026;18/03/2026;Realtime Bigdata;1;Flávio;42;2;1500;Telefônica;Brasil;Presidente;Primeiro turno
18/03/2026;18/03/2026;Realtime Bigdata;1;Zema;2;2;1500;Telefônica;Brasil;Presidente;Primeiro turno
18/03/2026;18/03/2026;Realtime Bigdata;1;Renan;1;2;1500;Telefônica;Brasil;Presidente;Primeiro turno
18/03/2026;18/03/2026;Realtime Bigdata;1;branco / nulo;11;2;1500;Telefônica;Brasil;Presidente;Primeiro turno
18/03/2026;18/03/2026;Realtime Bigdata;1;Eduardo Leite;2;2;1500;Telefônica;Brasil;Presidente;Primeiro turno
18/03/2026;18/03/2026;Realtime Bigdata;1;Aldo Rebelo;1;2;1500;Telefônica;Brasil;Presidente;Primeiro turno
18/03/2026;23/03/2026;Atlas;1;Lula;45,7;1;5028;Online;Brasil;Presidente;Primeiro turno
18/03/2026;23/03/2026;Atlas;1;Flávio;40,6;1;5028;Online;Brasil;Presidente;Primeiro turno
18/03/2026;23/03/2026;Atlas;1;Zema;3,3;1;5028;Online;Brasil;Presidente;Primeiro turno
18/03/2026;23/03/2026;Atlas;1;Renan;4,5;1;5028;Online;Brasil;Presidente;Primeiro turno
18/03/2026;23/03/2026;Atlas;1;branco / nulo;1,6;1;5028;Online;Brasil;Presidente;Primeiro turno
18/03/2026;23/03/2026;Atlas;1;não sabe / não respondeu;0,3;1;5028;Online;Brasil;Presidente;Primeiro turno
18/03/2026;23/03/2026;Atlas;1;Ratinho Jr.;3,4;1;5028;Online;Brasil;Presidente;Primeiro turno
18/03/2026;23/03/2026;Atlas;1;Aldo Rebelo;0,7;1;5028;Online;Brasil;Presidente;Primeiro turno
18/03/2026;23/03/2026;Atlas;1;Lula;45,9;1;5028;Online;Brasil;Presidente;Primeiro turno
18/03/2026;23/03/2026;Atlas;1;Flávio;40,1;1;5028;Online;Brasil;Presidente;Primeiro turno
18/03/2026;23/03/2026;Atlas;1;Caiado;3,7;1;5028;Online;Brasil;Presidente;Primeiro turno
18/03/2026;23/03/2026;Atlas;1;Zema;3,1;1;5028;Online;Brasil;Presidente;Primeiro turno
18/03/2026;23/03/2026;Atlas;1;Renan;4,4;1;5028;Online;Brasil;Presidente;Primeiro turno
18/03/2026;23/03/2026;Atlas;1;branco / nulo;1,9;1;5028;Online;Brasil;Presidente;Primeiro turno
18/03/2026;23/03/2026;Atlas;1;não sabe / não respondeu;0,3;1;5028;Online;Brasil;Presidente;Primeiro turno
18/03/2026;23/03/2026;Atlas;1;Aldo Rebelo;0,6;1;5028;Online;Brasil;Presidente;Primeiro turno
18/03/2026;23/03/2026;Atlas;1;Lula;45,5;1;5028;Online;Brasil;Presidente;Primeiro turno
18/03/2026;23/03/2026;Atlas;1;Flávio;42,4;1;5028;Online;Brasil;Presidente;Primeiro turno
18/03/2026;23/03/2026;Atlas;1;Zema;3,7;1;5028;Online;Brasil;Presidente;Primeiro turno
18/03/2026;23/03/2026;Atlas;1;Renan;4,6;1;5028;Online;Brasil;Presidente;Primeiro turno
18/03/2026;23/03/2026;Atlas;1;branco / nulo;1,6;1;5028;Online;Brasil;Presidente;Primeiro turno
18/03/2026;23/03/2026;Atlas;1;não sabe / não respondeu;0,3;1;5028;Online;Brasil;Presidente;Primeiro turno
18/03/2026;23/03/2026;Atlas;1;Eduardo Leite;1,2;1;5028;Online;Brasil;Presidente;Primeiro turno
18/03/2026;23/03/2026;Atlas;1;Aldo Rebelo;0,8;1;5028;Online;Brasil;Presidente;Primeiro turno
18/03/2026;23/03/2026;Atlas;1;Lula;45,6;1;5028;Online;Brasil;Presidente;Primeiro turno
18/03/2026;23/03/2026;Atlas;1;Zema;6,2;1;5028;Online;Brasil;Presidente;Primeiro turno
18/03/2026;23/03/2026;Atlas;1;Renan;4,6;1;5028;Online;Brasil;Presidente;Primeiro turno
18/03/2026;23/03/2026;Atlas;1;branco / nulo;3,9;1;5028;Online;Brasil;Presidente;Primeiro turno
18/03/2026;23/03/2026;Atlas;1;não sabe / não respondeu;1,7;1;5028;Online;Brasil;Presidente;Primeiro turno
18/03/2026;23/03/2026;Atlas;1;Tarcísio;33,3;1;5028;Online;Brasil;Presidente;Primeiro turno
18/03/2026;23/03/2026;Atlas;1;Aldo Rebelo;0,6;1;5028;Online;Brasil;Presidente;Primeiro turno
18/03/2026;23/03/2026;Atlas;1;Lula;45,7;1;5028;Online;Brasil;Presidente;Primeiro turno
18/03/2026;23/03/2026;Atlas;1;Flávio;35,8;1;5028;Online;Brasil;Presidente;Primeiro turno
18/03/2026;23/03/2026;Atlas;1;Zema;1,6;1;5028;Online;Brasil;Presidente;Primeiro turno
18/03/2026;23/03/2026;Atlas;1;Renan;4,3;1;5028;Online;Brasil;Presidente;Primeiro turno
18/03/2026;23/03/2026;Atlas;1;branco / nulo;1,3;1;5028;Online;Brasil;Presidente;Primeiro turno
18/03/2026;23/03/2026;Atlas;1;não sabe / não respondeu;0,1;1;5028;Online;Brasil;Presidente;Primeiro turno
18/03/2026;23/03/2026;Atlas;1;Tarcísio;7,9;1;5028;Online;Brasil;Presidente;Primeiro turno
18/03/2026;23/03/2026;Atlas;1;Aldo Rebelo;0,5;1;5028;Online;Brasil;Presidente;Primeiro turno
18/03/2026;23/03/2026;Atlas;1;Flávio;40,1;1;5028;Online;Brasil;Presidente;Primeiro turno
18/03/2026;23/03/2026;Atlas;1;Caiado;3,9;1;5028;Online;Brasil;Presidente;Primeiro turno
18/03/2026;23/03/2026;Atlas;1;Renan;4,5;1;5028;Online;Brasil;Presidente;Primeiro turno
18/03/2026;23/03/2026;Atlas;1;branco / nulo;6;1;5028;Online;Brasil;Presidente;Primeiro turno
18/03/2026;23/03/2026;Atlas;1;não sabe / não respondeu;4;1;5028;Online;Brasil;Presidente;Primeiro turno
18/03/2026;23/03/2026;Atlas;1;Haddad;37,6;1;5028;Online;Brasil;Presidente;Primeiro turno
18/03/2026;23/03/2026;Atlas;1;Aldo Rebelo;1;1;5028;Online;Brasil;Presidente;Primeiro turno
18/03/2026;23/03/2026;Atlas;2;Lula;46,2;1;5028;Online;Brasil;Presidente;Lula vs Caiado
18/03/2026;23/03/2026;Atlas;2;Caiado;36,7;1;5028;Online;Brasil;Presidente;Lula vs Caiado
18/03/2026;23/03/2026;Atlas;2;não sabe / não respondeu;17,1;1;5028;Online;Brasil;Presidente;Lula vs Caiado
18/03/2026;23/03/2026;Atlas;2;Lula;45,5;1;5028;Online;Brasil;Presidente;Lula vs Eduardo Leite
18/03/2026;23/03/2026;Atlas;2;Eduardo Leite;22,7;1;5028;Online;Brasil;Presidente;Lula vs Eduardo Leite
18/03/2026;23/03/2026;Atlas;2;não sabe / não respondeu;31,8;1;5028;Online;Brasil;Presidente;Lula vs Eduardo Leite
18/03/2026;23/03/2026;Atlas;2;Lula;46,6;1;5028;Online;Brasil;Presidente;Lula vs Flávio
18/03/2026;23/03/2026;Atlas;2;Flávio;47,6;1;5028;Online;Brasil;Presidente;Lula vs Flávio
18/03/2026;23/03/2026;Atlas;2;branco / nulo;5,8;1;5028;Online;Brasil;Presidente;Lula vs Flávio
18/03/2026;23/03/2026;Atlas;2;não sabe / não respondeu;0;1;5028;Online;Brasil;Presidente;Lula vs Flávio
18/03/2026;23/03/2026;Atlas;2;Lula;46,8;1;5028;Online;Brasil;Presidente;Lula vs Michele Bolsonaro
18/03/2026;23/03/2026;Atlas;2;Michele Bolsonaro;47;1;5028;Online;Brasil;Presidente;Lula vs Michele Bolsonaro
18/03/2026;23/03/2026;Atlas;2;não sabe / não respondeu;6,2;1;5028;Online;Brasil;Presidente;Lula vs Michele Bolsonaro
18/03/2026;23/03/2026;Atlas;2;Lula;46,1;1;5028;Online;Brasil;Presidente;Lula vs Ratinho Jr.
18/03/2026;23/03/2026;Atlas;2;Ratinho Jr.;38,7;1;5028;Online;Brasil;Presidente;Lula vs Ratinho Jr.
18/03/2026;23/03/2026;Atlas;2;não sabe / não respondeu;15,2;1;5028;Online;Brasil;Presidente;Lula vs Ratinho Jr.
18/03/2026;23/03/2026;Atlas;2;Lula;46,3;1;5028;Online;Brasil;Presidente;Lula vs Tarcísio
18/03/2026;23/03/2026;Atlas;2;Tarcísio;47,2;1;5028;Online;Brasil;Presidente;Lula vs Tarcísio
18/03/2026;23/03/2026;Atlas;2;branco / nulo;6,5;1;5028;Online;Brasil;Presidente;Lula vs Tarcísio
18/03/2026;23/03/2026;Atlas;2;não sabe / não respondeu;0;1;5028;Online;Brasil;Presidente;Lula vs Tarcísio
18/03/2026;23/03/2026;Atlas;2;Lula;46,6;1;5028;Online;Brasil;Presidente;Lula vs Zema
18/03/2026;23/03/2026;Atlas;2;Zema;43,7;1;5028;Online;Brasil;Presidente;Lula vs Zema
18/03/2026;23/03/2026;Atlas;2;não sabe / não respondeu;9,8;1;5028;Online;Brasil;Presidente;Lula vs Zema
25/03/2026;27/03/2026;Gerp;1;Lula;38;2,24;2000;Presencial;Brasil;Presidente;Primeiro turno
25/03/2026;27/03/2026;Gerp;1;Flávio;37;2,24;2000;Presencial;Brasil;Presidente;Primeiro turno
25/03/2026;27/03/2026;Gerp;1;Caiado;5;2,24;2000;Presencial;Brasil;Presidente;Primeiro turno
25/03/2026;27/03/2026;Gerp;1;Zema;5;2,24;2000;Presencial;Brasil;Presidente;Primeiro turno
25/03/2026;27/03/2026;Gerp;1;Renan;1;2,24;2000;Presencial;Brasil;Presidente;Primeiro turno
25/03/2026;27/03/2026;Gerp;1;branco / nulo;7;2,24;2000;Presencial;Brasil;Presidente;Primeiro turno
25/03/2026;27/03/2026;Gerp;1;Ciro;7;2,24;2000;Presencial;Brasil;Presidente;Primeiro turno
25/03/2026;27/03/2026;Gerp;1;Aldo Rebelo;0,3;2,24;2000;Presencial;Brasil;Presidente;Primeiro turno
25/03/2026;27/03/2026;Gerp;1;Lula;37;2,24;2000;Presencial;Brasil;Presidente;Primeiro turno
25/03/2026;27/03/2026;Gerp;1;Flávio;37;2,24;2000;Presencial;Brasil;Presidente;Primeiro turno
25/03/2026;27/03/2026;Gerp;1;Zema;4;2,24;2000;Presencial;Brasil;Presidente;Primeiro turno
25/03/2026;27/03/2026;Gerp;1;Renan;1;2,24;2000;Presencial;Brasil;Presidente;Primeiro turno
25/03/2026;27/03/2026;Gerp;1;branco / nulo;8;2,24;2000;Presencial;Brasil;Presidente;Primeiro turno
25/03/2026;27/03/2026;Gerp;1;Ratinho Jr.;5;2,24;2000;Presencial;Brasil;Presidente;Primeiro turno
25/03/2026;27/03/2026;Gerp;1;Ciro;7;2,24;2000;Presencial;Brasil;Presidente;Primeiro turno
25/03/2026;27/03/2026;Gerp;1;Aldo Rebelo;0,3;2,24;2000;Presencial;Brasil;Presidente;Primeiro turno
25/03/2026;27/03/2026;Gerp;1;Lula;38;2,24;2000;Presencial;Brasil;Presidente;Primeiro turno
25/03/2026;27/03/2026;Gerp;1;Flávio;40;2,24;2000;Presencial;Brasil;Presidente;Primeiro turno
25/03/2026;27/03/2026;Gerp;1;Zema;5;2,24;2000;Presencial;Brasil;Presidente;Primeiro turno
25/03/2026;27/03/2026;Gerp;1;Renan;1;2,24;2000;Presencial;Brasil;Presidente;Primeiro turno
25/03/2026;27/03/2026;Gerp;1;branco / nulo;7;2,24;2000;Presencial;Brasil;Presidente;Primeiro turno
25/03/2026;27/03/2026;Gerp;1;Eduardo Leite;3;2,24;2000;Presencial;Brasil;Presidente;Primeiro turno
25/03/2026;27/03/2026;Gerp;1;Ciro;7;2,24;2000;Presencial;Brasil;Presidente;Primeiro turno
25/03/2026;27/03/2026;Gerp;1;Aldo Rebelo;0,3;2,24;2000;Presencial;Brasil;Presidente;Primeiro turno
25/03/2026;27/03/2026;Gerp;2;Lula;45;2,24;2000;Telefônica;Brasil;Presidente;Lula vs Flávio
25/03/2026;27/03/2026;Gerp;2;Flávio;48;2,24;2000;Telefônica;Brasil;Presidente;Lula vs Flávio
25/03/2026;27/03/2026;Gerp;2;branco / nulo;5;2,24;2000;Telefônica;Brasil;Presidente;Lula vs Flávio
25/03/2026;27/03/2026;Gerp;2;não sabe / não respondeu;3;2,24;2000;Telefônica;Brasil;Presidente;Lula vs Flávio
25/03/2026;28/03/2026;Paraná Pesquisas;2;Lula;44,1;2,2;2080;Presencial;Brasil;Presidente;Lula vs Flávio
25/03/2026;28/03/2026;Paraná Pesquisas;2;Flávio;45,2;2,2;2080;Presencial;Brasil;Presidente;Lula vs Flávio
25/03/2026;28/03/2026;Paraná Pesquisas;2;branco / nulo;6,2;2,2;2080;Presencial;Brasil;Presidente;Lula vs Flávio
25/03/2026;28/03/2026;Paraná Pesquisas;2;não sabe / não respondeu;4,5;2,2;2080;Presencial;Brasil;Presidente;Lula vs Flávio
27/03/2026;29/03/2026;Nexus;1;Lula;41;2;2006;Telefônica;Brasil;Presidente;Primeiro turno
27/03/2026;29/03/2026;Nexus;1;Flávio;38;2;2006;Telefônica;Brasil;Presidente;Primeiro turno
27/03/2026;29/03/2026;Nexus;1;Caiado;4;2;2006;Telefônica;Brasil;Presidente;Primeiro turno
27/03/2026;29/03/2026;Nexus;1;Zema;4;2;2006;Telefônica;Brasil;Presidente;Primeiro turno
27/03/2026;29/03/2026;Nexus;1;Renan;2;2;2006;Telefônica;Brasil;Presidente;Primeiro turno
27/03/2026;29/03/2026;Nexus;1;branco / nulo;8;2;2006;Telefônica;Brasil;Presidente;Primeiro turno
27/03/2026;29/03/2026;Nexus;1;não sabe / não respondeu;2;2;2006;Telefônica;Brasil;Presidente;Primeiro turno
27/03/2026;29/03/2026;Nexus;1;Aldo Rebelo;0;2;2006;Telefônica;Brasil;Presidente;Primeiro turno
27/03/2026;29/03/2026;Nexus;2;Lula;46;2;2006;Telefônica;Brasil;Presidente;Lula vs Caiado
27/03/2026;29/03/2026;Nexus;2;Caiado;41;2;2006;Telefônica;Brasil;Presidente;Lula vs Caiado
27/03/2026;29/03/2026;Nexus;2;branco / nulo;12;2;2006;Telefônica;Brasil;Presidente;Lula vs Caiado
27/03/2026;29/03/2026;Nexus;2;não sabe / não respondeu;0;2;2006;Telefônica;Brasil;Presidente;Lula vs Caiado
27/03/2026;29/03/2026;Nexus;2;Lula;46;2;2000;Telefônica;Brasil;Presidente;Lula vs Flávio
27/03/2026;29/03/2026;Nexus;2;Flávio;46;2;2000;Telefônica;Brasil;Presidente;Lula vs Flávio
27/03/2026;29/03/2026;Nexus;2;branco / nulo;7;2;2000;Telefônica;Brasil;Presidente;Lula vs Flávio
27/03/2026;29/03/2026;Nexus;2;não sabe / não respondeu;0;2;2000;Telefônica;Brasil;Presidente;Lula vs Flávio
27/03/2026;29/03/2026;Nexus;2;Lula;46;2;2006;Telefônica;Brasil;Presidente;Lula vs Zema
27/03/2026;29/03/2026;Nexus;2;Zema;40;2;2006;Telefônica;Brasil;Presidente;Lula vs Zema
27/03/2026;29/03/2026;Nexus;2;branco / nulo;12;2;2006;Telefônica;Brasil;Presidente;Lula vs Zema
27/03/2026;29/03/2026;Nexus;2;não sabe / não respondeu;2;2;2006;Telefônica;Brasil;Presidente;Lula vs Zema
03/04/2026;07/04/2026;Ideia;1;Lula;40,4;2,5;1500;Telefônica;Brasil;Presidente;Primeiro turno
03/04/2026;07/04/2026;Ideia;1;Flávio;37;2,5;1500;Telefônica;Brasil;Presidente;Primeiro turno
03/04/2026;07/04/2026;Ideia;1;Caiado;6,5;2,5;1500;Telefônica;Brasil;Presidente;Primeiro turno
03/04/2026;07/04/2026;Ideia;1;Zema;3;2,5;1500;Telefônica;Brasil;Presidente;Primeiro turno
03/04/2026;07/04/2026;Ideia;1;Renan;3;2,5;1500;Telefônica;Brasil;Presidente;Primeiro turno
03/04/2026;07/04/2026;Ideia;1;branco / nulo;1;2,5;1500;Telefônica;Brasil;Presidente;Primeiro turno
03/04/2026;07/04/2026;Ideia;1;não sabe / não respondeu;8,5;2,5;1500;Telefônica;Brasil;Presidente;Primeiro turno
03/04/2026;07/04/2026;Ideia;1;Aldo Rebelo;0,6;2,5;1500;Telefônica;Brasil;Presidente;Primeiro turno
03/04/2026;07/04/2026;Ideia;2;Lula;45;2,5;1500;Telefônica;Brasil;Presidente;Lula vs Caiado
03/04/2026;07/04/2026;Ideia;2;Caiado;39;2,5;1500;Telefônica;Brasil;Presidente;Lula vs Caiado
03/04/2026;07/04/2026;Ideia;2;branco / nulo;12;2,5;1500;Telefônica;Brasil;Presidente;Lula vs Caiado
03/04/2026;07/04/2026;Ideia;2;não sabe / não respondeu;4;2,5;1500;Telefônica;Brasil;Presidente;Lula vs Caiado
03/04/2026;07/04/2026;Ideia;2;Lula;45,5;2,5;1500;Telefônica;Brasil;Presidente;Lula vs Flávio
03/04/2026;07/04/2026;Ideia;2;Flávio;45,8;2,5;1500;Telefônica;Brasil;Presidente;Lula vs Flávio
03/04/2026;07/04/2026;Ideia;2;branco / nulo;6,6;2,5;1500;Telefônica;Brasil;Presidente;Lula vs Flávio
03/04/2026;07/04/2026;Ideia;2;não sabe / não respondeu;2,1;2,5;1500;Telefônica;Brasil;Presidente;Lula vs Flávio
03/04/2026;07/04/2026;Ideia;2;Lula;45;2,5;1500;Telefônica;Brasil;Presidente;Lula vs Renan
03/04/2026;07/04/2026;Ideia;2;Renan;26,4;2,5;1500;Telefônica;Brasil;Presidente;Lula vs Renan
03/04/2026;07/04/2026;Ideia;2;branco / nulo;20;2,5;1500;Telefônica;Brasil;Presidente;Lula vs Renan
03/04/2026;07/04/2026;Ideia;2;não sabe / não respondeu;8,6;2,5;1500;Telefônica;Brasil;Presidente;Lula vs Renan
03/04/2026;07/04/2026;Ideia;2;Lula;44,7;2,5;1500;Telefônica;Brasil;Presidente;Lula vs Zema
03/04/2026;07/04/2026;Ideia;2;Zema;38,7;2,5;1500;Telefônica;Brasil;Presidente;Lula vs Zema
03/04/2026;07/04/2026;Ideia;2;branco / nulo;7,3;2,5;1500;Telefônica;Brasil;Presidente;Lula vs Zema
03/04/2026;07/04/2026;Ideia;2;não sabe / não respondeu;9,3;2,5;1500;Telefônica;Brasil;Presidente;Lula vs Zema
07/04/2026;09/04/2026;Datafolha;1;Lula;39;2;2004;Presencial;Brasil;Presidente;Primeiro turno
07/04/2026;09/04/2026;Datafolha;1;Flávio;35;2;2004;Presencial;Brasil;Presidente;Primeiro turno
07/04/2026;09/04/2026;Datafolha;1;Caiado;5;2;2004;Presencial;Brasil;Presidente;Primeiro turno
07/04/2026;09/04/2026;Datafolha;1;Zema;4;2;2004;Presencial;Brasil;Presidente;Primeiro turno
07/04/2026;09/04/2026;Datafolha;1;Renan;2;2;2004;Presencial;Brasil;Presidente;Primeiro turno
07/04/2026;09/04/2026;Datafolha;1;Cabo Daciolo;1;2;2004;Presencial;Brasil;Presidente;Primeiro turno
07/04/2026;09/04/2026;Datafolha;1;branco / nulo;10;2;2004;Presencial;Brasil;Presidente;Primeiro turno
07/04/2026;09/04/2026;Datafolha;1;não sabe / não respondeu;4;2;2004;Presencial;Brasil;Presidente;Primeiro turno
07/04/2026;09/04/2026;Datafolha;1;Aldo Rebelo;1;2;2004;Presencial;Brasil;Presidente;Primeiro turno
07/04/2026;09/04/2026;Datafolha;2;Lula;45;2;2004;Presencial;Brasil;Presidente;Lula vs Caiado
07/04/2026;09/04/2026;Datafolha;2;Caiado;42;2;2004;Presencial;Brasil;Presidente;Lula vs Caiado
07/04/2026;09/04/2026;Datafolha;2;branco / nulo;11;2;2004;Presencial;Brasil;Presidente;Lula vs Caiado
07/04/2026;09/04/2026;Datafolha;2;não sabe / não respondeu;2;2;2004;Presencial;Brasil;Presidente;Lula vs Caiado
07/04/2026;09/04/2026;Datafolha;2;Lula;45;2;2004;Presencial;Brasil;Presidente;Lula vs Flávio
07/04/2026;09/04/2026;Datafolha;2;Flávio;46;2;2004;Presencial;Brasil;Presidente;Lula vs Flávio
07/04/2026;09/04/2026;Datafolha;2;branco / nulo;8;2;2004;Presencial;Brasil;Presidente;Lula vs Flávio
07/04/2026;09/04/2026;Datafolha;2;não sabe / não respondeu;1;2;2004;Presencial;Brasil;Presidente;Lula vs Flávio
07/04/2026;09/04/2026;Datafolha;2;Lula;45;2;2004;Presencial;Brasil;Presidente;Lula vs Zema
07/04/2026;09/04/2026;Datafolha;2;Zema;42;2;2004;Presencial;Brasil;Presidente;Lula vs Zema
07/04/2026;09/04/2026;Datafolha;2;branco / nulo;11;2;2004;Presencial;Brasil;Presidente;Lula vs Zema
07/04/2026;09/04/2026;Datafolha;2;não sabe / não respondeu;2;2;2004;Presencial;Brasil;Presidente;Lula vs Zema
08/04/2026;12/04/2026;MDA;1;Lula;39,2;2,2;2002;Presencial;Brasil;Presidente;Primeiro turno
08/04/2026;12/04/2026;MDA;1;Flávio;30,2;2,2;2002;Presencial;Brasil;Presidente;Primeiro turno
08/04/2026;12/04/2026;MDA;1;Caiado;4,6;2,2;2002;Presencial;Brasil;Presidente;Primeiro turno
08/04/2026;12/04/2026;MDA;1;Zema;3,3;2,2;2002;Presencial;Brasil;Presidente;Primeiro turno
08/04/2026;12/04/2026;MDA;1;Renan;1,8;2,2;2002;Presencial;Brasil;Presidente;Primeiro turno
08/04/2026;12/04/2026;MDA;1;branco / nulo;10,4;2,2;2002;Presencial;Brasil;Presidente;Primeiro turno
08/04/2026;12/04/2026;MDA;1;não sabe / não respondeu;8,9;2,2;2002;Presencial;Brasil;Presidente;Primeiro turno
08/04/2026;12/04/2026;MDA;1;Aldo Rebelo;1,5;2,2;2002;Presencial;Brasil;Presidente;Primeiro turno
08/04/2026;12/04/2026;MDA;2;Lula;44,4;2,2;2002;Presencial;Brasil;Presidente;Lula vs Caiado
08/04/2026;12/04/2026;MDA;2;Caiado;32,7;2,2;2002;Presencial;Brasil;Presidente;Lula vs Caiado
08/04/2026;12/04/2026;MDA;2;branco / nulo;15,2;2,2;2002;Presencial;Brasil;Presidente;Lula vs Caiado
08/04/2026;12/04/2026;MDA;2;não sabe / não respondeu;7,7;2,2;2002;Presencial;Brasil;Presidente;Lula vs Caiado
08/04/2026;12/04/2026;MDA;2;Lula;44,9;2,2;2002;Presencial;Brasil;Presidente;Lula vs Flávio
08/04/2026;12/04/2026;MDA;2;Flávio;40,2;2,2;2002;Presencial;Brasil;Presidente;Lula vs Flávio
08/04/2026;12/04/2026;MDA;2;branco / nulo;11,3;2,2;2002;Presencial;Brasil;Presidente;Lula vs Flávio
08/04/2026;12/04/2026;MDA;2;não sabe / não respondeu;3,2;2,2;2002;Presencial;Brasil;Presidente;Lula vs Flávio
08/04/2026;12/04/2026;MDA;2;Lula;45;2,2;2002;Presencial;Brasil;Presidente;Lula vs Renan
08/04/2026;12/04/2026;MDA;2;Renan;28,3;2,2;2002;Presencial;Brasil;Presidente;Lula vs Renan
08/04/2026;12/04/2026;MDA;2;branco / nulo;17,7;2,2;2002;Presencial;Brasil;Presidente;Lula vs Renan
08/04/2026;12/04/2026;MDA;2;não sabe / não respondeu;9;2,2;2002;Presencial;Brasil;Presidente;Lula vs Renan
08/04/2026;12/04/2026;MDA;2;Lula;45,2;2,2;2002;Presencial;Brasil;Presidente;Lula vs Zema
08/04/2026;12/04/2026;MDA;2;Zema;31,6;2,2;2002;Presencial;Brasil;Presidente;Lula vs Zema
08/04/2026;12/04/2026;MDA;2;branco / nulo;15,9;2,2;2002;Presencial;Brasil;Presidente;Lula vs Zema
08/04/2026;12/04/2026;MDA;2;não sabe / não respondeu;7,3;2,2;2002;Presencial;Brasil;Presidente;Lula vs Zema
09/04/2026;13/04/2026;Quaest;1;Lula;37;2;2004;Presencial;Brasil;Presidente;Primeiro turno
09/04/2026;13/04/2026;Quaest;1;Flávio;32;2;2004;Presencial;Brasil;Presidente;Primeiro turno
09/04/2026;13/04/2026;Quaest;1;Caiado;6;2;2004;Presencial;Brasil;Presidente;Primeiro turno
09/04/2026;13/04/2026;Quaest;1;Zema;3;2;2004;Presencial;Brasil;Presidente;Primeiro turno
09/04/2026;13/04/2026;Quaest;1;Renan;2;2;2004;Presencial;Brasil;Presidente;Primeiro turno
09/04/2026;13/04/2026;Quaest;1;Cabo Daciolo;1;2;2004;Presencial;Brasil;Presidente;Primeiro turno
09/04/2026;13/04/2026;Quaest;1;Cury;2;2;2004;Presencial;Brasil;Presidente;Primeiro turno
09/04/2026;13/04/2026;Quaest;1;Samara Martins;1;2;2004;Presencial;Brasil;Presidente;Primeiro turno
09/04/2026;13/04/2026;Quaest;1;branco / nulo;11;2;2004;Presencial;Brasil;Presidente;Primeiro turno
09/04/2026;13/04/2026;Quaest;1;não sabe / não respondeu;5;2;2004;Presencial;Brasil;Presidente;Primeiro turno
09/04/2026;13/04/2026;Quaest;1;Aldo Rebelo;0;2;2004;Presencial;Brasil;Presidente;Primeiro turno
09/04/2026;13/04/2026;Quaest;2;Lula;43;2;2004;Presencial;Brasil;Presidente;Lula vs Caiado
09/04/2026;13/04/2026;Quaest;2;Caiado;35;2;2004;Presencial;Brasil;Presidente;Lula vs Caiado
09/04/2026;13/04/2026;Quaest;2;branco / nulo;18;2;2004;Presencial;Brasil;Presidente;Lula vs Caiado
09/04/2026;13/04/2026;Quaest;2;não sabe / não respondeu;4;2;2004;Presencial;Brasil;Presidente;Lula vs Caiado
09/04/2026;13/04/2026;Quaest;2;Lula;40;2;2004;Presencial;Brasil;Presidente;Lula vs Flávio
09/04/2026;13/04/2026;Quaest;2;Flávio;42;2;2004;Presencial;Brasil;Presidente;Lula vs Flávio
09/04/2026;13/04/2026;Quaest;2;branco / nulo;16;2;2004;Presencial;Brasil;Presidente;Lula vs Flávio
09/04/2026;13/04/2026;Quaest;2;não sabe / não respondeu;2;2;2004;Presencial;Brasil;Presidente;Lula vs Flávio
09/04/2026;13/04/2026;Quaest;2;Lula;44;2;2004;Presencial;Brasil;Presidente;Lula vs Renan
09/04/2026;13/04/2026;Quaest;2;Renan;24;2;2004;Presencial;Brasil;Presidente;Lula vs Renan
09/04/2026;13/04/2026;Quaest;2;branco / nulo;27;2;2004;Presencial;Brasil;Presidente;Lula vs Renan
09/04/2026;13/04/2026;Quaest;2;não sabe / não respondeu;5;2;2004;Presencial;Brasil;Presidente;Lula vs Renan
09/04/2026;13/04/2026;Quaest;2;Lula;43;2;2004;Presencial;Brasil;Presidente;Lula vs Zema
09/04/2026;13/04/2026;Quaest;2;Zema;36;2;2004;Presencial;Brasil;Presidente;Lula vs Zema
09/04/2026;13/04/2026;Quaest;2;branco / nulo;17;2;2004;Presencial;Brasil;Presidente;Lula vs Zema
09/04/2026;13/04/2026;Quaest;2;não sabe / não respondeu;4;2;2004;Presencial;Brasil;Presidente;Lula vs Zema
24/04/2026;26/04/2026;Nexus;1;Lula;41;2;2028;Telefônica;Brasil;Presidente;Primeiro turno
24/04/2026;26/04/2026;Nexus;1;Flávio;38;2;2028;Telefônica;Brasil;Presidente;Primeiro turno
24/04/2026;26/04/2026;Nexus;1;Caiado;6;2;2028;Telefônica;Brasil;Presidente;Primeiro turno
24/04/2026;26/04/2026;Nexus;1;Renan;4;2;2028;Telefônica;Brasil;Presidente;Primeiro turno
24/04/2026;26/04/2026;Nexus;1;branco / nulo;7;2;2028;Telefônica;Brasil;Presidente;Primeiro turno
24/04/2026;26/04/2026;Nexus;1;não sabe / não respondeu;2;2;2028;Telefônica;Brasil;Presidente;Primeiro turno
24/04/2026;26/04/2026;Nexus;1;Aldo Rebelo;1;2;2028;Telefônica;Brasil;Presidente;Primeiro turno
24/04/2026;26/04/2026;Nexus;1;Lula;41;2;2028;Telefônica;Brasil;Presidente;Primeiro turno
24/04/2026;26/04/2026;Nexus;1;Flávio;36;2;2028;Telefônica;Brasil;Presidente;Primeiro turno
24/04/2026;26/04/2026;Nexus;1;Caiado;4;2;2028;Telefônica;Brasil;Presidente;Primeiro turno
24/04/2026;26/04/2026;Nexus;1;Zema;5;2;2028;Telefônica;Brasil;Presidente;Primeiro turno
24/04/2026;26/04/2026;Nexus;1;Renan;4;2;2028;Telefônica;Brasil;Presidente;Primeiro turno
24/04/2026;26/04/2026;Nexus;1;branco / nulo;7;2;2028;Telefônica;Brasil;Presidente;Primeiro turno
24/04/2026;26/04/2026;Nexus;1;não sabe / não respondeu;2;2;2028;Telefônica;Brasil;Presidente;Primeiro turno
24/04/2026;26/04/2026;Nexus;1;Lula;41;2;2028;Telefônica;Brasil;Presidente;Primeiro turno
24/04/2026;26/04/2026;Nexus;1;Flávio;36;2;2028;Telefônica;Brasil;Presidente;Primeiro turno
24/04/2026;26/04/2026;Nexus;1;Caiado;3;2;2028;Telefônica;Brasil;Presidente;Primeiro turno
24/04/2026;26/04/2026;Nexus;1;Zema;4;2;2028;Telefônica;Brasil;Presidente;Primeiro turno
24/04/2026;26/04/2026;Nexus;1;Renan;3;2;2028;Telefônica;Brasil;Presidente;Primeiro turno
24/04/2026;26/04/2026;Nexus;1;Cabo Daciolo;1;2;2028;Telefônica;Brasil;Presidente;Primeiro turno
24/04/2026;26/04/2026;Nexus;1;Cury;2;2;2028;Telefônica;Brasil;Presidente;Primeiro turno
24/04/2026;26/04/2026;Nexus;1;branco / nulo;5;2;2028;Telefônica;Brasil;Presidente;Primeiro turno
24/04/2026;26/04/2026;Nexus;1;não sabe / não respondeu;2;2;2028;Telefônica;Brasil;Presidente;Primeiro turno
24/04/2026;26/04/2026;Nexus;1;Aldo Rebelo;1;2;2028;Telefônica;Brasil;Presidente;Primeiro turno
24/04/2026;26/04/2026;Nexus;2;Lula;45;2;2028;Telefônica;Brasil;Presidente;Lula vs Caiado
24/04/2026;26/04/2026;Nexus;2;Caiado;41;2;2028;Telefônica;Brasil;Presidente;Lula vs Caiado
24/04/2026;26/04/2026;Nexus;2;branco / nulo;11;2;2028;Telefônica;Brasil;Presidente;Lula vs Caiado
24/04/2026;26/04/2026;Nexus;2;não sabe / não respondeu;2;2;2028;Telefônica;Brasil;Presidente;Lula vs Caiado
24/04/2026;26/04/2026;Nexus;2;Lula;46;2;2028;Telefônica;Brasil;Presidente;Lula vs Flávio
24/04/2026;26/04/2026;Nexus;2;Flávio;45;2;2028;Telefônica;Brasil;Presidente;Lula vs Flávio
24/04/2026;26/04/2026;Nexus;2;branco / nulo;8;2;2028;Telefônica;Brasil;Presidente;Lula vs Flávio
24/04/2026;26/04/2026;Nexus;2;não sabe / não respondeu;1;2;2028;Telefônica;Brasil;Presidente;Lula vs Flávio
24/04/2026;26/04/2026;Nexus;2;Lula;45;2;2028;Telefônica;Brasil;Presidente;Lula vs Zema
24/04/2026;26/04/2026;Nexus;2;Zema;41;2;2028;Telefônica;Brasil;Presidente;Lula vs Zema
24/04/2026;26/04/2026;Nexus;2;branco / nulo;12;2;2028;Telefônica;Brasil;Presidente;Lula vs Zema
24/04/2026;26/04/2026;Nexus;2;não sabe / não respondeu;2;2;2028;Telefônica;Brasil;Presidente;Lula vs Zema
22/04/2026;27/04/2026;Atlas;2;Lula;46,8;1;5008;Online;Brasil;Presidente;Lula vs Caiado
22/04/2026;27/04/2026;Atlas;2;Caiado;42,2;1;5008;Online;Brasil;Presidente;Lula vs Caiado
22/04/2026;27/04/2026;Atlas;2;branco / nulo;11;1;5008;Online;Brasil;Presidente;Lula vs Caiado
22/04/2026;27/04/2026;Atlas;2;Lula;47,5;1;5008;Online;Brasil;Presidente;Lula vs Flávio
22/04/2026;27/04/2026;Atlas;2;Flávio;47,8;1;5008;Online;Brasil;Presidente;Lula vs Flávio
22/04/2026;27/04/2026;Atlas;2;branco / nulo;4,7;1;5008;Online;Brasil;Presidente;Lula vs Flávio
22/04/2026;27/04/2026;Atlas;2;não sabe / não respondeu;0;1;5008;Online;Brasil;Presidente;Lula vs Flávio
22/04/2026;27/04/2026;Atlas;2;Lula;47,1;1;5008;Online;Brasil;Presidente;Lula vs Renan
22/04/2026;27/04/2026;Atlas;2;Renan;29,5;1;5008;Online;Brasil;Presidente;Lula vs Renan
22/04/2026;27/04/2026;Atlas;2;branco / nulo;23,5;1;5008;Online;Brasil;Presidente;Lula vs Renan
22/04/2026;27/04/2026;Atlas;2;Lula;47,4;1;5008;Online;Brasil;Presidente;Lula vs Zema
22/04/2026;27/04/2026;Atlas;2;Zema;46,5;1;5008;Online;Brasil;Presidente;Lula vs Zema
22/04/2026;27/04/2026;Atlas;2;branco / nulo;6,1;1;5008;Online;Brasil;Presidente;Lula vs Zema
02/05/2026;04/05/2026;Realtime Bigdata;1;Lula;40;2;2000;Telefônica;Brasil;Presidente;Primeiro turno
02/05/2026;04/05/2026;Realtime Bigdata;1;Flávio;34;2;2000;Telefônica;Brasil;Presidente;Primeiro turno
02/05/2026;04/05/2026;Realtime Bigdata;1;Caiado;5;2;2000;Telefônica;Brasil;Presidente;Primeiro turno
02/05/2026;04/05/2026;Realtime Bigdata;1;Zema;4;2;2000;Telefônica;Brasil;Presidente;Primeiro turno
02/05/2026;04/05/2026;Realtime Bigdata;1;Renan;3;2;2000;Telefônica;Brasil;Presidente;Primeiro turno
02/05/2026;04/05/2026;Realtime Bigdata;1;Cabo Daciolo;1;2;2000;Telefônica;Brasil;Presidente;Primeiro turno
02/05/2026;04/05/2026;Realtime Bigdata;1;Cury;1;2;2000;Telefônica;Brasil;Presidente;Primeiro turno
02/05/2026;04/05/2026;Realtime Bigdata;1;branco / nulo;6;2;2000;Telefônica;Brasil;Presidente;Primeiro turno
02/05/2026;04/05/2026;Realtime Bigdata;1;não sabe / não respondeu;5;2;2000;Telefônica;Brasil;Presidente;Primeiro turno
02/05/2026;04/05/2026;Realtime Bigdata;1;Eduardo Leite;4;2;2000;Telefônica;Brasil;Presidente;Primeiro turno
02/05/2026;04/05/2026;Realtime Bigdata;1;Aldo Rebelo;1;2;2000;Telefônica;Brasil;Presidente;Primeiro turno
02/05/2026;04/05/2026;Realtime Bigdata;1;Lula;38;2;2000;Telefônica;Brasil;Presidente;Primeiro turno
02/05/2026;04/05/2026;Realtime Bigdata;1;Flávio;33;2;2000;Telefônica;Brasil;Presidente;Primeiro turno
02/05/2026;04/05/2026;Realtime Bigdata;1;Zema;4;2;2000;Telefônica;Brasil;Presidente;Primeiro turno
02/05/2026;04/05/2026;Realtime Bigdata;1;Renan;3;2;2000;Telefônica;Brasil;Presidente;Primeiro turno
02/05/2026;04/05/2026;Realtime Bigdata;1;Cabo Daciolo;1;2;2000;Telefônica;Brasil;Presidente;Primeiro turno
02/05/2026;04/05/2026;Realtime Bigdata;1;Cury;1;2;2000;Telefônica;Brasil;Presidente;Primeiro turno
02/05/2026;04/05/2026;Realtime Bigdata;1;Aldo Rebelo;1;2;2000;Telefônica;Brasil;Presidente;Primeiro turno
02/05/2026;04/05/2026;Realtime Bigdata;2;Lula;43;2;2000;Telefônica;Brasil;Presidente;Lula vs Caiado
02/05/2026;04/05/2026;Realtime Bigdata;2;Caiado;42;2;2000;Telefônica;Brasil;Presidente;Lula vs Caiado
02/05/2026;04/05/2026;Realtime Bigdata;2;branco / nulo;9;2;2000;Telefônica;Brasil;Presidente;Lula vs Caiado
02/05/2026;04/05/2026;Realtime Bigdata;2;não sabe / não respondeu;6;2;2000;Telefônica;Brasil;Presidente;Lula vs Caiado
02/05/2026;04/05/2026;Realtime Bigdata;2;Lula;43;2;2000;Telefônica;Brasil;Presidente;Lula vs Flávio
02/05/2026;04/05/2026;Realtime Bigdata;2;Flávio;44;2;2000;Telefônica;Brasil;Presidente;Lula vs Flávio
02/05/2026;04/05/2026;Realtime Bigdata;2;branco / nulo;7;2;2000;Telefônica;Brasil;Presidente;Lula vs Flávio
02/05/2026;04/05/2026;Realtime Bigdata;2;não sabe / não respondeu;6;2;2000;Telefônica;Brasil;Presidente;Lula vs Flávio
02/05/2026;04/05/2026;Realtime Bigdata;2;Lula;48;2;2000;Telefônica;Brasil;Presidente;Lula vs Renan
02/05/2026;04/05/2026;Realtime Bigdata;2;Renan;24;2;2000;Telefônica;Brasil;Presidente;Lula vs Renan
02/05/2026;04/05/2026;Realtime Bigdata;2;branco / nulo;13;2;2000;Telefônica;Brasil;Presidente;Lula vs Renan
02/05/2026;04/05/2026;Realtime Bigdata;2;não sabe / não respondeu;15;2;2000;Telefônica;Brasil;Presidente;Lula vs Renan
02/05/2026;04/05/2026;Realtime Bigdata;2;Lula;43;2;2000;Telefônica;Brasil;Presidente;Lula vs Zema
02/05/2026;04/05/2026;Realtime Bigdata;2;Zema;39;2;2000;Telefônica;Brasil;Presidente;Lula vs Zema
02/05/2026;04/05/2026;Realtime Bigdata;2;branco / nulo;11;2;2000;Telefônica;Brasil;Presidente;Lula vs Zema
02/05/2026;04/05/2026;Realtime Bigdata;2;não sabe / não respondeu;7;2;2000;Telefônica;Brasil;Presidente;Lula vs Zema
03/03/2026;05/05/2026;Datafolha;1;Lula;38;2;2004;Presencial;Brasil;Presidente;Primeiro turno
03/03/2026;05/05/2026;Datafolha;1;Flávio;32;2;2004;Presencial;Brasil;Presidente;Primeiro turno
03/03/2026;05/05/2026;Datafolha;1;Zema;4;2;2004;Presencial;Brasil;Presidente;Primeiro turno
03/03/2026;05/05/2026;Datafolha;1;Renan;3;2;2004;Presencial;Brasil;Presidente;Primeiro turno
03/03/2026;05/05/2026;Datafolha;1;branco / nulo;11;2;2004;Presencial;Brasil;Presidente;Primeiro turno
03/03/2026;05/05/2026;Datafolha;1;não sabe / não respondeu;3;2;2004;Presencial;Brasil;Presidente;Primeiro turno
03/03/2026;05/05/2026;Datafolha;1;Ratinho Jr.;7;2;2004;Presencial;Brasil;Presidente;Primeiro turno
03/03/2026;05/05/2026;Datafolha;1;Aldo Rebelo;2;2;2004;Presencial;Brasil;Presidente;Primeiro turno
03/03/2026;05/05/2026;Datafolha;1;Lula;39;2;2004;Presencial;Brasil;Presidente;Primeiro turno
03/03/2026;05/05/2026;Datafolha;1;Flávio;33;2;2004;Presencial;Brasil;Presidente;Primeiro turno
03/03/2026;05/05/2026;Datafolha;1;Caiado;4;2;2004;Presencial;Brasil;Presidente;Primeiro turno
03/03/2026;05/05/2026;Datafolha;1;Zema;5;2;2004;Presencial;Brasil;Presidente;Primeiro turno
03/03/2026;05/05/2026;Datafolha;1;Renan;3;2;2004;Presencial;Brasil;Presidente;Primeiro turno
03/03/2026;05/05/2026;Datafolha;1;branco / nulo;12;2;2004;Presencial;Brasil;Presidente;Primeiro turno
03/03/2026;05/05/2026;Datafolha;1;não sabe / não respondeu;3;2;2004;Presencial;Brasil;Presidente;Primeiro turno
03/03/2026;05/05/2026;Datafolha;1;Aldo Rebelo;2;2;2004;Presencial;Brasil;Presidente;Primeiro turno
03/03/2026;05/05/2026;Datafolha;1;Lula;39;2;2004;Presencial;Brasil;Presidente;Primeiro turno
03/03/2026;05/05/2026;Datafolha;1;Flávio;34;2;2004;Presencial;Brasil;Presidente;Primeiro turno
03/03/2026;05/05/2026;Datafolha;1;Zema;4;2;2004;Presencial;Brasil;Presidente;Primeiro turno
03/03/2026;05/05/2026;Datafolha;1;Renan;3;2;2004;Presencial;Brasil;Presidente;Primeiro turno
03/03/2026;05/05/2026;Datafolha;1;branco / nulo;12;2;2004;Presencial;Brasil;Presidente;Primeiro turno
03/03/2026;05/05/2026;Datafolha;1;não sabe / não respondeu;20;2;2004;Presencial;Brasil;Presidente;Primeiro turno
03/03/2026;05/05/2026;Datafolha;1;Eduardo Leite;3;2;2004;Presencial;Brasil;Presidente;Primeiro turno
03/03/2026;05/05/2026;Datafolha;1;Aldo Rebelo;2;2;2004;Presencial;Brasil;Presidente;Primeiro turno
03/03/2026;05/05/2026;Datafolha;1;Lula;39;2;2004;Presencial;Brasil;Presidente;Primeiro turno
03/03/2026;05/05/2026;Datafolha;1;Caiado;5;2;2004;Presencial;Brasil;Presidente;Primeiro turno
03/03/2026;05/05/2026;Datafolha;1;Renan;3;2;2004;Presencial;Brasil;Presidente;Primeiro turno
03/03/2026;05/05/2026;Datafolha;1;branco / nulo;15;2;2004;Presencial;Brasil;Presidente;Primeiro turno
03/03/2026;05/05/2026;Datafolha;1;não sabe / não respondeu;4;2;2004;Presencial;Brasil;Presidente;Primeiro turno
03/03/2026;05/05/2026;Datafolha;1;Ratinho Jr.;11;2;2004;Presencial;Brasil;Presidente;Primeiro turno
03/03/2026;05/05/2026;Datafolha;1;Tarcísio;21;2;2004;Presencial;Brasil;Presidente;Primeiro turno
03/03/2026;05/05/2026;Datafolha;1;Aldo Rebelo;2;2;2004;Presencial;Brasil;Presidente;Primeiro turno
03/03/2026;05/05/2026;Datafolha;1;Flávio;33;2;2004;Presencial;Brasil;Presidente;Primeiro turno
03/03/2026;05/05/2026;Datafolha;1;Zema;5;2;2004;Presencial;Brasil;Presidente;Primeiro turno
03/03/2026;05/05/2026;Datafolha;1;Renan;4;2;2004;Presencial;Brasil;Presidente;Primeiro turno
03/03/2026;05/05/2026;Datafolha;1;branco / nulo;3;2;2004;Presencial;Brasil;Presidente;Primeiro turno
03/03/2026;05/05/2026;Datafolha;1;não sabe / não respondeu;4;2;2004;Presencial;Brasil;Presidente;Primeiro turno
03/03/2026;05/05/2026;Datafolha;1;Ratinho Jr.;11;2;2004;Presencial;Brasil;Presidente;Primeiro turno
03/03/2026;05/05/2026;Datafolha;1;Haddad;21;2;2004;Presencial;Brasil;Presidente;Primeiro turno
03/03/2026;05/05/2026;Datafolha;1;Aldo Rebelo;2;2;2004;Presencial;Brasil;Presidente;Primeiro turno
03/03/2026;05/05/2026;Datafolha;2;Lula;46;2;2004;Presencial;Brasil;Presidente;Lula vs Eduardo Leite
03/03/2026;05/05/2026;Datafolha;2;Eduardo Leite;34;2;2004;Presencial;Brasil;Presidente;Lula vs Eduardo Leite
03/03/2026;05/05/2026;Datafolha;2;branco / nulo;18;2;2004;Presencial;Brasil;Presidente;Lula vs Eduardo Leite
03/03/2026;05/05/2026;Datafolha;2;não sabe / não respondeu;2;2;2004;Presencial;Brasil;Presidente;Lula vs Eduardo Leite
03/03/2026;05/05/2026;Datafolha;2;Lula;45;2;2004;Presencial;Brasil;Presidente;Lula vs Ratinho Jr.
03/03/2026;05/05/2026;Datafolha;2;Ratinho Jr.;41;2;2004;Presencial;Brasil;Presidente;Lula vs Ratinho Jr.
03/03/2026;05/05/2026;Datafolha;2;branco / nulo;13;2;2004;Presencial;Brasil;Presidente;Lula vs Ratinho Jr.
03/03/2026;05/05/2026;Datafolha;2;não sabe / não respondeu;2;2;2004;Presencial;Brasil;Presidente;Lula vs Ratinho Jr.
01/05/2026;05/05/2026;Ideia;1;Lula;40;2,5;1500;Telefônica;Brasil;Presidente;Primeiro turno
01/05/2026;05/05/2026;Ideia;1;Flávio;36;2,5;1500;Telefônica;Brasil;Presidente;Primeiro turno
01/05/2026;05/05/2026;Ideia;1;Caiado;5,6;2,5;1500;Telefônica;Brasil;Presidente;Primeiro turno
01/05/2026;05/05/2026;Ideia;1;Zema;3;2,5;1500;Telefônica;Brasil;Presidente;Primeiro turno
01/05/2026;05/05/2026;Ideia;1;Renan;1,4;2,5;1500;Telefônica;Brasil;Presidente;Primeiro turno
01/05/2026;05/05/2026;Ideia;1;Cabo Daciolo;0,3;2,5;1500;Telefônica;Brasil;Presidente;Primeiro turno
01/05/2026;05/05/2026;Ideia;1;Cury;1,5;2,5;1500;Telefônica;Brasil;Presidente;Primeiro turno
01/05/2026;05/05/2026;Ideia;1;branco / nulo;3,7;2,5;1500;Telefônica;Brasil;Presidente;Primeiro turno
01/05/2026;05/05/2026;Ideia;1;não sabe / não respondeu;5,4;2,5;1500;Telefônica;Brasil;Presidente;Primeiro turno
01/05/2026;05/05/2026;Ideia;1;Eduardo Leite;2,3;2,5;1500;Telefônica;Brasil;Presidente;Primeiro turno
01/05/2026;05/05/2026;Ideia;1;Aldo Rebelo;0,8;2,5;1500;Telefônica;Brasil;Presidente;Primeiro turno
01/05/2026;05/05/2026;Ideia;2;Lula;44,7;2,5;1500;Telefônica;Brasil;Presidente;Lula vs Caiado
01/05/2026;05/05/2026;Ideia;2;Caiado;40;2,5;1500;Telefônica;Brasil;Presidente;Lula vs Caiado
01/05/2026;05/05/2026;Ideia;2;branco / nulo;8,4;2,5;1500;Telefônica;Brasil;Presidente;Lula vs Caiado
01/05/2026;05/05/2026;Ideia;2;não sabe / não respondeu;6,9;2,5;1500;Telefônica;Brasil;Presidente;Lula vs Caiado
01/05/2026;05/05/2026;Ideia;2;Lula;44,7;2,5;1500;Telefônica;Brasil;Presidente;Lula vs Flávio
01/05/2026;05/05/2026;Ideia;2;Flávio;45,3;2,5;1500;Telefônica;Brasil;Presidente;Lula vs Flávio
01/05/2026;05/05/2026;Ideia;2;branco / nulo;6,5;2,5;1500;Telefônica;Brasil;Presidente;Lula vs Flávio
01/05/2026;05/05/2026;Ideia;2;não sabe / não respondeu;3,5;2,5;1500;Telefônica;Brasil;Presidente;Lula vs Flávio
01/05/2026;05/05/2026;Ideia;2;Lula;44,7;2,5;1500;Telefônica;Brasil;Presidente;Lula vs Renan
01/05/2026;05/05/2026;Ideia;2;Renan;27,6;2,5;1500;Telefônica;Brasil;Presidente;Lula vs Renan
01/05/2026;05/05/2026;Ideia;2;branco / nulo;19,7;2,5;1500;Telefônica;Brasil;Presidente;Lula vs Renan
01/05/2026;05/05/2026;Ideia;2;não sabe / não respondeu;8;2,5;1500;Telefônica;Brasil;Presidente;Lula vs Renan
01/05/2026;05/05/2026;Ideia;2;Lula;44;2,5;1500;Telefônica;Brasil;Presidente;Lula vs Zema
01/05/2026;05/05/2026;Ideia;2;Zema;39;2,5;1500;Telefônica;Brasil;Presidente;Lula vs Zema
01/05/2026;05/05/2026;Ideia;2;branco / nulo;9,5;2,5;1500;Telefônica;Brasil;Presidente;Lula vs Zema
01/05/2026;05/05/2026;Ideia;2;não sabe / não respondeu;7,5;2,5;1500;Telefônica;Brasil;Presidente;Lula vs Zema
04/05/2026;08/05/2026;Futura;2;Lula;44,4;2,2;2000;Telefônica;Brasil;Presidente;Lula vs Flávio
04/05/2026;08/05/2026;Futura;2;Flávio;46,9;2,2;2000;Telefônica;Brasil;Presidente;Lula vs Flávio
04/05/2026;08/05/2026;Futura;2;branco / nulo;7,4;2,2;2000;Telefônica;Brasil;Presidente;Lula vs Flávio
04/05/2026;08/05/2026;Futura;2;não sabe / não respondeu;1,3;2,2;2000;Telefônica;Brasil;Presidente;Lula vs Flávio
10/05/2026;11/05/2026;Gerp;1;Lula;34;2,2;2000;Presencial;Brasil;Presidente;Primeiro turno
10/05/2026;11/05/2026;Gerp;1;Flávio;36;2,2;2000;Presencial;Brasil;Presidente;Primeiro turno
10/05/2026;11/05/2026;Gerp;1;Caiado;1;2,2;2000;Presencial;Brasil;Presidente;Primeiro turno
10/05/2026;11/05/2026;Gerp;1;Zema;5;2,2;2000;Presencial;Brasil;Presidente;Primeiro turno
10/05/2026;11/05/2026;Gerp;1;Renan;1;2,2;2000;Presencial;Brasil;Presidente;Primeiro turno
10/05/2026;11/05/2026;Gerp;1;Cabo Daciolo;0,3;2,2;2000;Presencial;Brasil;Presidente;Primeiro turno
10/05/2026;11/05/2026;Gerp;1;Cury;1;2,2;2000;Presencial;Brasil;Presidente;Primeiro turno
10/05/2026;11/05/2026;Gerp;1;Samara Martins;1;2,2;2000;Presencial;Brasil;Presidente;Primeiro turno
10/05/2026;11/05/2026;Gerp;1;Outros;2,3;2,2;2000;Presencial;Brasil;Presidente;Primeiro turno
10/05/2026;11/05/2026;Gerp;1;branco / nulo;12;2,2;2000;Presencial;Brasil;Presidente;Primeiro turno
10/05/2026;11/05/2026;Gerp;1;Ciro;6;2,2;2000;Presencial;Brasil;Presidente;Primeiro turno
10/05/2026;11/05/2026;Gerp;1;Lula;35;2,2;2000;Presencial;Brasil;Presidente;Primeiro turno
10/05/2026;11/05/2026;Gerp;1;Flávio;37;2,2;2000;Presencial;Brasil;Presidente;Primeiro turno
10/05/2026;11/05/2026;Gerp;1;Caiado;2;2,2;2000;Presencial;Brasil;Presidente;Primeiro turno
10/05/2026;11/05/2026;Gerp;1;Zema;6;2,2;2000;Presencial;Brasil;Presidente;Primeiro turno
10/05/2026;11/05/2026;Gerp;1;Renan;1;2,2;2000;Presencial;Brasil;Presidente;Primeiro turno
10/05/2026;11/05/2026;Gerp;1;branco / nulo;12;2,2;2000;Presencial;Brasil;Presidente;Primeiro turno
10/05/2026;11/05/2026;Gerp;1;Ciro;7;2,2;2000;Presencial;Brasil;Presidente;Primeiro turno
10/05/2026;11/05/2026;Gerp;2;Lula;43;2,24;2000;Telefônica;Brasil;Presidente;Lula vs Flávio
10/05/2026;11/05/2026;Gerp;2;Flávio;50;2,24;2000;Telefônica;Brasil;Presidente;Lula vs Flávio
10/05/2026;11/05/2026;Gerp;2;branco / nulo;6;2,24;2000;Telefônica;Brasil;Presidente;Lula vs Flávio
10/05/2026;11/05/2026;Gerp;2;não sabe / não respondeu;2;2,24;2000;Telefônica;Brasil;Presidente;Lula vs Flávio
08/05/2026;11/05/2026;Quaest;1;Lula;39;2;2004;Presencial;Brasil;Presidente;Primeiro turno
08/05/2026;11/05/2026;Quaest;1;Flávio;33;2;2004;Presencial;Brasil;Presidente;Primeiro turno
08/05/2026;11/05/2026;Quaest;1;Caiado;4;2;2004;Presencial;Brasil;Presidente;Primeiro turno
08/05/2026;11/05/2026;Quaest;1;Zema;4;2;2004;Presencial;Brasil;Presidente;Primeiro turno
08/05/2026;11/05/2026;Quaest;1;Renan;2;2;2004;Presencial;Brasil;Presidente;Primeiro turno
08/05/2026;11/05/2026;Quaest;1;Cabo Daciolo;1;2;2004;Presencial;Brasil;Presidente;Primeiro turno
08/05/2026;11/05/2026;Quaest;1;Cury;1;2;2004;Presencial;Brasil;Presidente;Primeiro turno
08/05/2026;11/05/2026;Quaest;1;Samara Martins;1;2;2004;Presencial;Brasil;Presidente;Primeiro turno
08/05/2026;11/05/2026;Quaest;1;branco / nulo;10;2;2004;Presencial;Brasil;Presidente;Primeiro turno
08/05/2026;11/05/2026;Quaest;1;não sabe / não respondeu;5;2;2004;Presencial;Brasil;Presidente;Primeiro turno
08/05/2026;11/05/2026;Quaest;2;Lula;44;2;2004;Presencial;Brasil;Presidente;Lula vs Caiado
08/05/2026;11/05/2026;Quaest;2;Caiado;35;2;2004;Presencial;Brasil;Presidente;Lula vs Caiado
08/05/2026;11/05/2026;Quaest;2;branco / nulo;17;2;2004;Presencial;Brasil;Presidente;Lula vs Caiado
08/05/2026;11/05/2026;Quaest;2;não sabe / não respondeu;4;2;2004;Presencial;Brasil;Presidente;Lula vs Caiado
08/05/2026;11/05/2026;Quaest;2;Lula;42;2;2004;Presencial;Brasil;Presidente;Lula vs Flávio
08/05/2026;11/05/2026;Quaest;2;Flávio;41;2;2004;Presencial;Brasil;Presidente;Lula vs Flávio
08/05/2026;11/05/2026;Quaest;2;branco / nulo;14;2;2004;Presencial;Brasil;Presidente;Lula vs Flávio
08/05/2026;11/05/2026;Quaest;2;não sabe / não respondeu;3;2;2004;Presencial;Brasil;Presidente;Lula vs Flávio
08/05/2026;11/05/2026;Quaest;2;Lula;45;2;2004;Presencial;Brasil;Presidente;Lula vs Renan
08/05/2026;11/05/2026;Quaest;2;Renan;28;2;2004;Presencial;Brasil;Presidente;Lula vs Renan
08/05/2026;11/05/2026;Quaest;2;branco / nulo;22;2;2004;Presencial;Brasil;Presidente;Lula vs Renan
08/05/2026;11/05/2026;Quaest;2;não sabe / não respondeu;5;2;2004;Presencial;Brasil;Presidente;Lula vs Renan
08/05/2026;11/05/2026;Quaest;2;Lula;44;2;2004;Presencial;Brasil;Presidente;Lula vs Zema
08/05/2026;11/05/2026;Quaest;2;Zema;37;2;2004;Presencial;Brasil;Presidente;Lula vs Zema
08/05/2026;11/05/2026;Quaest;2;branco / nulo;15;2;2004;Presencial;Brasil;Presidente;Lula vs Zema
08/05/2026;11/05/2026;Quaest;2;não sabe / não respondeu;4;2;2004;Presencial;Brasil;Presidente;Lula vs Zema
10/05/2026;12/05/2026;Vox Brasil;1;Lula;34,3;2,2;2100;Presencial;Brasil;Presidente;Primeiro turno
10/05/2026;12/05/2026;Vox Brasil;1;Flávio;36,5;2,2;2100;Presencial;Brasil;Presidente;Primeiro turno
10/05/2026;12/05/2026;Vox Brasil;1;Caiado;4,1;2,2;2100;Presencial;Brasil;Presidente;Primeiro turno
10/05/2026;12/05/2026;Vox Brasil;1;Zema;2,9;2,2;2100;Presencial;Brasil;Presidente;Primeiro turno
10/05/2026;12/05/2026;Vox Brasil;1;Renan;1,3;2,2;2100;Presencial;Brasil;Presidente;Primeiro turno
10/05/2026;12/05/2026;Vox Brasil;1;Cabo Daciolo;0,4;2,2;2100;Presencial;Brasil;Presidente;Primeiro turno
10/05/2026;12/05/2026;Vox Brasil;1;Cury;1,2;2,2;2100;Presencial;Brasil;Presidente;Primeiro turno
10/05/2026;12/05/2026;Vox Brasil;1;branco / nulo;14;2,2;2100;Presencial;Brasil;Presidente;Primeiro turno
10/05/2026;12/05/2026;Vox Brasil;1;Ciro;5,1;2,2;2100;Presencial;Brasil;Presidente;Primeiro turno
10/05/2026;12/05/2026;Vox Brasil;1;Aldo Rebelo;0,2;2,2;2100;Presencial;Brasil;Presidente;Primeiro turno
10/05/2026;12/05/2026;Vox Brasil;1;Lula;35,1;2,2;2100;Presencial;Brasil;Presidente;Primeiro turno
10/05/2026;12/05/2026;Vox Brasil;1;Flávio;37,8;2,2;2100;Presencial;Brasil;Presidente;Primeiro turno
10/05/2026;12/05/2026;Vox Brasil;1;Caiado;4,3;2,2;2100;Presencial;Brasil;Presidente;Primeiro turno
10/05/2026;12/05/2026;Vox Brasil;1;Zema;4,5;2,2;2100;Presencial;Brasil;Presidente;Primeiro turno
10/05/2026;12/05/2026;Vox Brasil;1;Renan;1,8;2,2;2100;Presencial;Brasil;Presidente;Primeiro turno
10/05/2026;12/05/2026;Vox Brasil;1;Cabo Daciolo;0,5;2,2;2100;Presencial;Brasil;Presidente;Primeiro turno
10/05/2026;12/05/2026;Vox Brasil;1;Cury;0,8;2,2;2100;Presencial;Brasil;Presidente;Primeiro turno
10/05/2026;12/05/2026;Vox Brasil;1;branco / nulo;15;2,2;2100;Presencial;Brasil;Presidente;Primeiro turno
10/05/2026;12/05/2026;Vox Brasil;1;Aldo Rebelo;0,2;2,2;2100;Presencial;Brasil;Presidente;Primeiro turno
10/05/2026;12/05/2026;Vox Brasil;2;Lula;40,2;2,2;2100;Presencial;Brasil;Presidente;Lula vs Flávio
10/05/2026;12/05/2026;Vox Brasil;2;Flávio;43,8;2,2;2100;Presencial;Brasil;Presidente;Lula vs Flávio
10/05/2026;12/05/2026;Vox Brasil;2;branco / nulo;13;2,2;2100;Presencial;Brasil;Presidente;Lula vs Flávio
10/05/2026;12/05/2026;Vox Brasil;2;não sabe / não respondeu;3;2,2;2100;Presencial;Brasil;Presidente;Lula vs Flávio
12/05/2026;13/05/2026;Datafolha;1;Lula;38;2;2004;Presencial;Brasil;Presidente;Primeiro turno
12/05/2026;13/05/2026;Datafolha;1;Flávio;35;2;2004;Presencial;Brasil;Presidente;Primeiro turno
12/05/2026;13/05/2026;Datafolha;1;Caiado;3;2;2004;Presencial;Brasil;Presidente;Primeiro turno
12/05/2026;13/05/2026;Datafolha;1;Zema;3;2;2004;Presencial;Brasil;Presidente;Primeiro turno
12/05/2026;13/05/2026;Datafolha;1;Renan;2;2;2004;Presencial;Brasil;Presidente;Primeiro turno
12/05/2026;13/05/2026;Datafolha;1;Cabo Daciolo;1;2;2004;Presencial;Brasil;Presidente;Primeiro turno
12/05/2026;13/05/2026;Datafolha;1;Cury;2;2;2004;Presencial;Brasil;Presidente;Primeiro turno
12/05/2026;13/05/2026;Datafolha;1;Samara Martins;2;2;2004;Presencial;Brasil;Presidente;Primeiro turno
12/05/2026;13/05/2026;Datafolha;1;branco / nulo;9;2;2004;Presencial;Brasil;Presidente;Primeiro turno
12/05/2026;13/05/2026;Datafolha;1;não sabe / não respondeu;3;2;2004;Presencial;Brasil;Presidente;Primeiro turno
12/05/2026;13/05/2026;Datafolha;1;Lula;37;2;2004;Presencial;Brasil;Presidente;Primeiro turno
12/05/2026;13/05/2026;Datafolha;1;Flávio;34;2;2004;Presencial;Brasil;Presidente;Primeiro turno
12/05/2026;13/05/2026;Datafolha;1;Caiado;2;2;2004;Presencial;Brasil;Presidente;Primeiro turno
12/05/2026;13/05/2026;Datafolha;1;Zema;4;2;2004;Presencial;Brasil;Presidente;Primeiro turno
12/05/2026;13/05/2026;Datafolha;1;Renan;2;2;2004;Presencial;Brasil;Presidente;Primeiro turno
12/05/2026;13/05/2026;Datafolha;1;Cabo Daciolo;1;2;2004;Presencial;Brasil;Presidente;Primeiro turno
12/05/2026;13/05/2026;Datafolha;1;Cury;2;2;2004;Presencial;Brasil;Presidente;Primeiro turno
12/05/2026;13/05/2026;Datafolha;1;branco / nulo;8;2;2004;Presencial;Brasil;Presidente;Primeiro turno
12/05/2026;13/05/2026;Datafolha;1;não sabe / não respondeu;3;2;2004;Presencial;Brasil;Presidente;Primeiro turno
12/05/2026;13/05/2026;Datafolha;1;Eduardo Leite;5;2;2004;Presencial;Brasil;Presidente;Primeiro turno
12/05/2026;13/05/2026;Datafolha;1;Joaquim Barbosa;1;2;2004;Presencial;Brasil;Presidente;Primeiro turno
12/05/2026;13/05/2026;Datafolha;2;Lula;46;2;2004;Presencial;Brasil;Presidente;Lula vs Caiado
12/05/2026;13/05/2026;Datafolha;2;Caiado;40;2;2004;Presencial;Brasil;Presidente;Lula vs Caiado
12/05/2026;13/05/2026;Datafolha;2;branco / nulo;13;2;2004;Presencial;Brasil;Presidente;Lula vs Caiado
12/05/2026;13/05/2026;Datafolha;2;não sabe / não respondeu;2;2;2004;Presencial;Brasil;Presidente;Lula vs Caiado
12/05/2026;13/05/2026;Datafolha;2;Lula;45;2;2004;Presencial;Brasil;Presidente;Lula vs Flávio
12/05/2026;13/05/2026;Datafolha;2;Flávio;45;2;2004;Presencial;Brasil;Presidente;Lula vs Flávio
12/05/2026;13/05/2026;Datafolha;2;branco / nulo;9;2;2004;Presencial;Brasil;Presidente;Lula vs Flávio
12/05/2026;13/05/2026;Datafolha;2;não sabe / não respondeu;1;2;2004;Presencial;Brasil;Presidente;Lula vs Flávio
12/05/2026;13/05/2026;Datafolha;2;Lula;46;2;2004;Presencial;Brasil;Presidente;Lula vs Zema
12/05/2026;13/05/2026;Datafolha;2;Zema;40;2;2004;Presencial;Brasil;Presidente;Lula vs Zema
12/05/2026;13/05/2026;Datafolha;2;branco / nulo;13;2;2004;Presencial;Brasil;Presidente;Lula vs Zema
12/05/2026;13/05/2026;Datafolha;2;não sabe / não respondeu;2;2;2004;Presencial;Brasil;Presidente;Lula vs Zema
13/05/2026;18/05/2026;Atlas;1;Lula;47;1;5032;Online;Brasil;Presidente;Primeiro turno
13/05/2026;18/05/2026;Atlas;1;Flávio;34,3;1;5032;Online;Brasil;Presidente;Primeiro turno
13/05/2026;18/05/2026;Atlas;1;Caiado;2,7;1;5032;Online;Brasil;Presidente;Primeiro turno
13/05/2026;18/05/2026;Atlas;1;Zema;5,2;1;5032;Online;Brasil;Presidente;Primeiro turno
13/05/2026;18/05/2026;Atlas;1;Renan;6,9;1;5032;Online;Brasil;Presidente;Primeiro turno
13/05/2026;18/05/2026;Atlas;1;Cury;0,4;1;5032;Online;Brasil;Presidente;Primeiro turno
13/05/2026;18/05/2026;Atlas;1;branco / nulo;1,4;1;5032;Online;Brasil;Presidente;Primeiro turno
13/05/2026;18/05/2026;Atlas;1;não sabe / não respondeu;1,9;1;5032;Online;Brasil;Presidente;Primeiro turno
13/05/2026;18/05/2026;Atlas;1;Aldo Rebelo;0,2;1;5032;Online;Brasil;Presidente;Primeiro turno
13/05/2026;18/05/2026;Atlas;1;Lula;47;1;5032;Online;Brasil;Presidente;Primeiro turno
13/05/2026;18/05/2026;Atlas;1;Caiado;6;1;5032;Online;Brasil;Presidente;Primeiro turno
13/05/2026;18/05/2026;Atlas;1;Zema;10;1;5032;Online;Brasil;Presidente;Primeiro turno
13/05/2026;18/05/2026;Atlas;1;Renan;7,8;1;5032;Online;Brasil;Presidente;Primeiro turno
13/05/2026;18/05/2026;Atlas;1;Cury;0,5;1;5032;Online;Brasil;Presidente;Primeiro turno
13/05/2026;18/05/2026;Atlas;1;branco / nulo;2,3;1;5032;Online;Brasil;Presidente;Primeiro turno
13/05/2026;18/05/2026;Atlas;1;não sabe / não respondeu;2,3;1;5032;Online;Brasil;Presidente;Primeiro turno
13/05/2026;18/05/2026;Atlas;1;Michele Bolsonaro;23,4;1;5032;Online;Brasil;Presidente;Primeiro turno
13/05/2026;18/05/2026;Atlas;1;Aldo Rebelo;0,7;1;5032;Online;Brasil;Presidente;Primeiro turno
13/05/2026;18/05/2026;Atlas;2;Lula;47,5;1;5032;Online;Brasil;Presidente;Lula vs Caiado
13/05/2026;18/05/2026;Atlas;2;Caiado;38,5;1;5032;Online;Brasil;Presidente;Lula vs Caiado
13/05/2026;18/05/2026;Atlas;2;branco / nulo;14;1;5032;Online;Brasil;Presidente;Lula vs Caiado
13/05/2026;18/05/2026;Atlas;2;Lula;48,9;1;5032;Online;Brasil;Presidente;Lula vs Flávio
13/05/2026;18/05/2026;Atlas;2;Flávio;41,8;1;5032;Online;Brasil;Presidente;Lula vs Flávio
13/05/2026;18/05/2026;Atlas;2;branco / nulo;9,3;1;5032;Online;Brasil;Presidente;Lula vs Flávio
13/05/2026;18/05/2026;Atlas;2;não sabe / não respondeu;0;1;5032;Online;Brasil;Presidente;Lula vs Flávio
13/05/2026;18/05/2026;Atlas;2;Lula;47,8;1;5032;Online;Brasil;Presidente;Lula vs Renan
13/05/2026;18/05/2026;Atlas;2;Renan;28,4;1;5032;Online;Brasil;Presidente;Lula vs Renan
13/05/2026;18/05/2026;Atlas;2;branco / nulo;23,8;1;5032;Online;Brasil;Presidente;Lula vs Renan
13/05/2026;18/05/2026;Atlas;2;Lula;47,8;1;5032;Online;Brasil;Presidente;Lula vs Zema
13/05/2026;18/05/2026;Atlas;2;Zema;37,6;1;5032;Online;Brasil;Presidente;Lula vs Zema
13/05/2026;18/05/2026;Atlas;2;branco / nulo;14,6;1;5032;Online;Brasil;Presidente;Lula vs Zema
16/05/2026;19/05/2026;Vox Brasil;1;Lula;41,5;2,2;2100;Presencial;Brasil;Presidente;Primeiro turno
16/05/2026;19/05/2026;Vox Brasil;1;Flávio;32,1;2,2;2100;Presencial;Brasil;Presidente;Primeiro turno
16/05/2026;19/05/2026;Vox Brasil;1;Caiado;5,9;2,2;2100;Presencial;Brasil;Presidente;Primeiro turno
16/05/2026;19/05/2026;Vox Brasil;1;Zema;4,1;2,2;2100;Presencial;Brasil;Presidente;Primeiro turno
16/05/2026;19/05/2026;Vox Brasil;1;Renan;1,5;2,2;2100;Presencial;Brasil;Presidente;Primeiro turno
16/05/2026;19/05/2026;Vox Brasil;1;Cabo Daciolo;0,2;2,2;2100;Presencial;Brasil;Presidente;Primeiro turno
16/05/2026;19/05/2026;Vox Brasil;1;Cury;0,3;2,2;2100;Presencial;Brasil;Presidente;Primeiro turno
16/05/2026;19/05/2026;Vox Brasil;1;branco / nulo;14,3;2,2;2100;Presencial;Brasil;Presidente;Primeiro turno
16/05/2026;19/05/2026;Vox Brasil;1;Aldo Rebelo;0,1;2,2;2100;Presencial;Brasil;Presidente;Primeiro turno
16/05/2026;19/05/2026;Vox Brasil;2;Lula;46,8;2,2;2100;Presencial;Brasil;Presidente;Lula vs Flávio
16/05/2026;19/05/2026;Vox Brasil;2;Flávio;38,1;2,2;2100;Presencial;Brasil;Presidente;Lula vs Flávio
16/05/2026;19/05/2026;Vox Brasil;2;branco / nulo;12;2,2;2100;Presencial;Brasil;Presidente;Lula vs Flávio
16/05/2026;19/05/2026;Vox Brasil;2;não sabe / não respondeu;3;2,2;2100;Presencial;Brasil;Presidente;Lula vs Flávio
15/05/2026;20/05/2026;Futura;1;Lula;42,7;2,2;2000;Telefônica;Brasil;Presidente;Primeiro turno
15/05/2026;20/05/2026;Futura;1;Flávio;35,6;2,2;2000;Telefônica;Brasil;Presidente;Primeiro turno
15/05/2026;20/05/2026;Futura;1;Caiado;3,3;2,2;2000;Telefônica;Brasil;Presidente;Primeiro turno
15/05/2026;20/05/2026;Futura;1;Zema;3,9;2,2;2000;Telefônica;Brasil;Presidente;Primeiro turno
15/05/2026;20/05/2026;Futura;1;Renan;1,7;2,2;2000;Telefônica;Brasil;Presidente;Primeiro turno
15/05/2026;20/05/2026;Futura;1;Cabo Daciolo;1;2,2;2000;Telefônica;Brasil;Presidente;Primeiro turno
15/05/2026;20/05/2026;Futura;1;Cury;0,9;2,2;2000;Telefônica;Brasil;Presidente;Primeiro turno
15/05/2026;20/05/2026;Futura;1;branco / nulo;7,8;2,2;2000;Telefônica;Brasil;Presidente;Primeiro turno
15/05/2026;20/05/2026;Futura;1;não sabe / não respondeu;2,8;2,2;2000;Telefônica;Brasil;Presidente;Primeiro turno
15/05/2026;20/05/2026;Futura;1;Aldo Rebelo;0,4;2,2;2000;Telefônica;Brasil;Presidente;Primeiro turno
15/05/2026;20/05/2026;Futura;1;Lula;40;2,2;2000;Telefônica;Brasil;Presidente;Primeiro turno
15/05/2026;20/05/2026;Futura;1;Caiado;6,5;2,2;2000;Telefônica;Brasil;Presidente;Primeiro turno
15/05/2026;20/05/2026;Futura;1;Zema;7,5;2,2;2000;Telefônica;Brasil;Presidente;Primeiro turno
15/05/2026;20/05/2026;Futura;1;Renan;2;2,2;2000;Telefônica;Brasil;Presidente;Primeiro turno
15/05/2026;20/05/2026;Futura;1;Cabo Daciolo;1,3;2,2;2000;Telefônica;Brasil;Presidente;Primeiro turno
15/05/2026;20/05/2026;Futura;1;Cury;2;2,2;2000;Telefônica;Brasil;Presidente;Primeiro turno
15/05/2026;20/05/2026;Futura;1;branco / nulo;9,7;2,2;2000;Telefônica;Brasil;Presidente;Primeiro turno
15/05/2026;20/05/2026;Futura;1;não sabe / não respondeu;3,1;2,2;2000;Telefônica;Brasil;Presidente;Primeiro turno
15/05/2026;20/05/2026;Futura;1;Michele Bolsonaro;27,4;2,2;2000;Telefônica;Brasil;Presidente;Primeiro turno
15/05/2026;20/05/2026;Futura;1;Aldo Rebelo;0,4;2,2;2000;Telefônica;Brasil;Presidente;Primeiro turno
15/05/2026;20/05/2026;Futura;2;Lula;47,6;2,2;2000;Telefônica;Brasil;Presidente;Lula vs Caiado
15/05/2026;20/05/2026;Futura;2;Caiado;36,5;2,2;2000;Telefônica;Brasil;Presidente;Lula vs Caiado
15/05/2026;20/05/2026;Futura;2;branco / nulo;14,3;2,2;2000;Telefônica;Brasil;Presidente;Lula vs Caiado
15/05/2026;20/05/2026;Futura;2;não sabe / não respondeu;1,6;2,2;2000;Telefônica;Brasil;Presidente;Lula vs Caiado
15/05/2026;20/05/2026;Futura;2;Lula;47,7;2,2;2000;Telefônica;Brasil;Presidente;Lula vs Flávio
15/05/2026;20/05/2026;Futura;2;Flávio;42,2;2,2;2000;Telefônica;Brasil;Presidente;Lula vs Flávio
15/05/2026;20/05/2026;Futura;2;branco / nulo;9;2,2;2000;Telefônica;Brasil;Presidente;Lula vs Flávio
15/05/2026;20/05/2026;Futura;2;não sabe / não respondeu;1,2;2,2;2000;Telefônica;Brasil;Presidente;Lula vs Flávio
15/05/2026;20/05/2026;Futura;2;Lula;47,9;2,2;2000;Telefônica;Brasil;Presidente;Lula vs Michele Bolsonaro
15/05/2026;20/05/2026;Futura;2;Michele Bolsonaro;41,6;2,2;2000;Telefônica;Brasil;Presidente;Lula vs Michele Bolsonaro
15/05/2026;20/05/2026;Futura;2;branco / nulo;9,6;2,2;2000;Telefônica;Brasil;Presidente;Lula vs Michele Bolsonaro
15/05/2026;20/05/2026;Futura;2;não sabe / não respondeu;1;2,2;2000;Telefônica;Brasil;Presidente;Lula vs Michele Bolsonaro
15/05/2026;20/05/2026;Futura;2;Lula;48,3;2,2;2000;Telefônica;Brasil;Presidente;Lula vs Zema
15/05/2026;20/05/2026;Futura;2;Zema;35,9;2,2;2000;Telefônica;Brasil;Presidente;Lula vs Zema
15/05/2026;20/05/2026;Futura;2;branco / nulo;13,9;2,2;2000;Telefônica;Brasil;Presidente;Lula vs Zema
15/05/2026;20/05/2026;Futura;2;não sabe / não respondeu;1,9;2,2;2000;Telefônica;Brasil;Presidente;Lula vs Zema
20/05/2026;21/05/2026;Datafolha;1;Lula;40;2;2004;Presencial;Brasil;Presidente;Primeiro turno
20/05/2026;21/05/2026;Datafolha;1;Flávio;31;2;2004;Presencial;Brasil;Presidente;Primeiro turno
20/05/2026;21/05/2026;Datafolha;1;Caiado;4;2;2004;Presencial;Brasil;Presidente;Primeiro turno
20/05/2026;21/05/2026;Datafolha;1;Zema;3;2;2004;Presencial;Brasil;Presidente;Primeiro turno
20/05/2026;21/05/2026;Datafolha;1;Renan;3;2;2004;Presencial;Brasil;Presidente;Primeiro turno
20/05/2026;21/05/2026;Datafolha;1;Cabo Daciolo;1;2;2004;Presencial;Brasil;Presidente;Primeiro turno
20/05/2026;21/05/2026;Datafolha;1;Cury;2;2;2004;Presencial;Brasil;Presidente;Primeiro turno
20/05/2026;21/05/2026;Datafolha;1;Samara Martins;3;2;2004;Presencial;Brasil;Presidente;Primeiro turno
20/05/2026;21/05/2026;Datafolha;1;branco / nulo;9;2;2004;Presencial;Brasil;Presidente;Primeiro turno
20/05/2026;21/05/2026;Datafolha;1;não sabe / não respondeu;3;2;2004;Presencial;Brasil;Presidente;Primeiro turno
20/05/2026;21/05/2026;Datafolha;1;Aldo Rebelo;0;2;2004;Presencial;Brasil;Presidente;Primeiro turno
20/05/2026;21/05/2026;Datafolha;2;Lula;48;2;2004;Presencial;Brasil;Presidente;Lula vs Caiado
20/05/2026;21/05/2026;Datafolha;2;Caiado;39;2;2004;Presencial;Brasil;Presidente;Lula vs Caiado
20/05/2026;21/05/2026;Datafolha;2;branco / nulo;11;2;2004;Presencial;Brasil;Presidente;Lula vs Caiado
20/05/2026;21/05/2026;Datafolha;2;não sabe / não respondeu;2;2;2004;Presencial;Brasil;Presidente;Lula vs Caiado
20/05/2026;21/05/2026;Datafolha;2;Lula;47;2;2004;Presencial;Brasil;Presidente;Lula vs Flávio
20/05/2026;21/05/2026;Datafolha;2;Flávio;43;2;2004;Presencial;Brasil;Presidente;Lula vs Flávio
20/05/2026;21/05/2026;Datafolha;2;branco / nulo;9;2;2004;Presencial;Brasil;Presidente;Lula vs Flávio
20/05/2026;21/05/2026;Datafolha;2;não sabe / não respondeu;2;2;2004;Presencial;Brasil;Presidente;Lula vs Flávio
20/05/2026;21/05/2026;Datafolha;2;Lula;48;2;2004;Presencial;Brasil;Presidente;Lula vs Michele Bolsonaro
20/05/2026;21/05/2026;Datafolha;2;Michele Bolsonaro;43;2;2004;Presencial;Brasil;Presidente;Lula vs Michele Bolsonaro
20/05/2026;21/05/2026;Datafolha;2;branco / nulo;8;2;2004;Presencial;Brasil;Presidente;Lula vs Michele Bolsonaro
20/05/2026;21/05/2026;Datafolha;2;não sabe / não respondeu;1;2;2004;Presencial;Brasil;Presidente;Lula vs Michele Bolsonaro
20/05/2026;21/05/2026;Datafolha;2;Lula;48;2;2004;Presencial;Brasil;Presidente;Lula vs Zema
20/05/2026;21/05/2026;Datafolha;2;Zema;39;2;2004;Presencial;Brasil;Presidente;Lula vs Zema
20/05/2026;21/05/2026;Datafolha;2;branco / nulo;11;2;2004;Presencial;Brasil;Presidente;Lula vs Zema
20/05/2026;21/05/2026;Datafolha;2;não sabe / não respondeu;2;2;2004;Presencial;Brasil;Presidente;Lula vs Zema
21/05/2026;21/05/2026;Futura;1;Lula;39;2,2;2000;Telefônica;Brasil;Presidente;Primeiro turno
21/05/2026;21/05/2026;Futura;1;Caiado;13,1;2,2;2000;Telefônica;Brasil;Presidente;Primeiro turno
21/05/2026;21/05/2026;Futura;1;Zema;13,3;2,2;2000;Telefônica;Brasil;Presidente;Primeiro turno
21/05/2026;21/05/2026;Futura;1;Renan;3,1;2,2;2000;Telefônica;Brasil;Presidente;Primeiro turno
21/05/2026;21/05/2026;Futura;1;Cabo Daciolo;2,9;2,2;2000;Telefônica;Brasil;Presidente;Primeiro turno
21/05/2026;21/05/2026;Futura;1;Cury;2,6;2,2;2000;Telefônica;Brasil;Presidente;Primeiro turno
21/05/2026;21/05/2026;Futura;1;branco / nulo;24,4;2,2;2000;Telefônica;Brasil;Presidente;Primeiro turno
21/05/2026;21/05/2026;Futura;1;Aldo Rebelo;1,6;2,2;2000;Telefônica;Brasil;Presidente;Primeiro turno
19/05/2026;21/05/2026;Gerp;2;Lula;44;2,24;2000;Telefônica;Brasil;Presidente;Lula vs Flávio
19/05/2026;21/05/2026;Gerp;2;Flávio;47;2,24;2000;Telefônica;Brasil;Presidente;Lula vs Flávio
19/05/2026;21/05/2026;Gerp;2;branco / nulo;7;2,24;2000;Telefônica;Brasil;Presidente;Lula vs Flávio
19/05/2026;21/05/2026;Gerp;2;não sabe / não respondeu;4;2,24;2000;Telefônica;Brasil;Presidente;Lula vs Flávio
22/05/2026;24/05/2026;Nexus;2;Lula;46;2;2045;Telefônica;Brasil;Presidente;Lula vs Caiado
22/05/2026;24/05/2026;Nexus;2;Caiado;40;2;2045;Telefônica;Brasil;Presidente;Lula vs Caiado
22/05/2026;24/05/2026;Nexus;2;branco / nulo;12;2;2045;Telefônica;Brasil;Presidente;Lula vs Caiado
22/05/2026;24/05/2026;Nexus;2;não sabe / não respondeu;1;2;2045;Telefônica;Brasil;Presidente;Lula vs Caiado
22/05/2026;24/05/2026;Nexus;2;Lula;47;2;2045;Telefônica;Brasil;Presidente;Lula vs Flávio
22/05/2026;24/05/2026;Nexus;2;Flávio;43;2;2045;Telefônica;Brasil;Presidente;Lula vs Flávio
22/05/2026;24/05/2026;Nexus;2;branco / nulo;9;2;2045;Telefônica;Brasil;Presidente;Lula vs Flávio
22/05/2026;24/05/2026;Nexus;2;não sabe / não respondeu;1;2;2045;Telefônica;Brasil;Presidente;Lula vs Flávio
22/05/2026;24/05/2026;Nexus;2;Lula;49;2;2045;Telefônica;Brasil;Presidente;Lula vs Zema
22/05/2026;24/05/2026;Nexus;2;Zema;38;2;2045;Telefônica;Brasil;Presidente;Lula vs Zema
22/05/2026;24/05/2026;Nexus;2;branco / nulo;11;2;2045;Telefônica;Brasil;Presidente;Lula vs Zema
22/05/2026;24/05/2026;Nexus;2;não sabe / não respondeu;2;2;2045;Telefônica;Brasil;Presidente;Lula vs Zema
22/05/2026;25/05/2026;PoderData;2;Lula;46;2;2400;Telefônica;Brasil;Presidente;Lula vs Flávio
22/05/2026;25/05/2026;PoderData;2;Flávio;42;2;2400;Telefônica;Brasil;Presidente;Lula vs Flávio
22/05/2026;25/05/2026;PoderData;2;branco / nulo;8;2;2400;Telefônica;Brasil;Presidente;Lula vs Flávio
22/05/2026;25/05/2026;PoderData;2;não sabe / não respondeu;4;2;2400;Telefônica;Brasil;Presidente;Lula vs Flávio
23/05/2026;27/05/2026;Ideia;1;Lula;38,5;2,5;1500;Telefônica;Brasil;Presidente;Primeiro turno
23/05/2026;27/05/2026;Ideia;1;Flávio;31,5;2,5;1500;Telefônica;Brasil;Presidente;Primeiro turno
23/05/2026;27/05/2026;Ideia;1;Caiado;5,5;2,5;1500;Telefônica;Brasil;Presidente;Primeiro turno
23/05/2026;27/05/2026;Ideia;1;Zema;2,4;2,5;1500;Telefônica;Brasil;Presidente;Primeiro turno
23/05/2026;27/05/2026;Ideia;1;Renan;2,1;2,5;1500;Telefônica;Brasil;Presidente;Primeiro turno
23/05/2026;27/05/2026;Ideia;1;Outros;4,4;2,5;1500;Telefônica;Brasil;Presidente;Primeiro turno
23/05/2026;27/05/2026;Ideia;1;branco / nulo;5,1;2,5;1500;Telefônica;Brasil;Presidente;Primeiro turno
23/05/2026;27/05/2026;Ideia;1;não sabe / não respondeu;10,5;2,5;1500;Telefônica;Brasil;Presidente;Primeiro turno
23/05/2026;27/05/2026;Ideia;1;Lula;38;2,5;1500;Telefônica;Brasil;Presidente;Primeiro turno
23/05/2026;27/05/2026;Ideia;1;Caiado;6,2;2,5;1500;Telefônica;Brasil;Presidente;Primeiro turno
23/05/2026;27/05/2026;Ideia;1;Zema;3,8;2,5;1500;Telefônica;Brasil;Presidente;Primeiro turno
23/05/2026;27/05/2026;Ideia;1;Renan;2,1;2,5;1500;Telefônica;Brasil;Presidente;Primeiro turno
23/05/2026;27/05/2026;Ideia;1;Cury;1,8;2,5;1500;Telefônica;Brasil;Presidente;Primeiro turno
23/05/2026;27/05/2026;Ideia;1;Outros;2,9;2,5;1500;Telefônica;Brasil;Presidente;Primeiro turno
23/05/2026;27/05/2026;Ideia;1;branco / nulo;6,9;2,5;1500;Telefônica;Brasil;Presidente;Primeiro turno
23/05/2026;27/05/2026;Ideia;1;não sabe / não respondeu;8,6;2,5;1500;Telefônica;Brasil;Presidente;Primeiro turno
23/05/2026;27/05/2026;Ideia;1;Michele Bolsonaro;29,6;2,5;1500;Telefônica;Brasil;Presidente;Primeiro turno
23/05/2026;27/05/2026;Ideia;2;Lula;46;2,5;1500;Telefônica;Brasil;Presidente;Lula vs Caiado
23/05/2026;27/05/2026;Ideia;2;Caiado;40;2,5;1500;Telefônica;Brasil;Presidente;Lula vs Caiado
23/05/2026;27/05/2026;Ideia;2;branco / nulo;7;2,5;1500;Telefônica;Brasil;Presidente;Lula vs Caiado
23/05/2026;27/05/2026;Ideia;2;não sabe / não respondeu;7;2,5;1500;Telefônica;Brasil;Presidente;Lula vs Caiado
23/05/2026;27/05/2026;Ideia;2;Lula;46,5;2,5;1500;Telefônica;Brasil;Presidente;Lula vs Flávio
23/05/2026;27/05/2026;Ideia;2;Flávio;41,4;2,5;1500;Telefônica;Brasil;Presidente;Lula vs Flávio
23/05/2026;27/05/2026;Ideia;2;branco / nulo;7,1;2,5;1500;Telefônica;Brasil;Presidente;Lula vs Flávio
23/05/2026;27/05/2026;Ideia;2;não sabe / não respondeu;5,1;2,5;1500;Telefônica;Brasil;Presidente;Lula vs Flávio
23/05/2026;27/05/2026;Ideia;2;Lula;46;2,5;1500;Telefônica;Brasil;Presidente;Lula vs Michele Bolsonaro
23/05/2026;27/05/2026;Ideia;2;Michele Bolsonaro;40;2,5;1500;Telefônica;Brasil;Presidente;Lula vs Michele Bolsonaro
23/05/2026;27/05/2026;Ideia;2;branco / nulo;10;2,5;1500;Telefônica;Brasil;Presidente;Lula vs Michele Bolsonaro
23/05/2026;27/05/2026;Ideia;2;não sabe / não respondeu;4;2,5;1500;Telefônica;Brasil;Presidente;Lula vs Michele Bolsonaro
23/05/2026;27/05/2026;Ideia;2;Lula;46;2,5;1500;Telefônica;Brasil;Presidente;Lula vs Renan
23/05/2026;27/05/2026;Ideia;2;Renan;31;2,5;1500;Telefônica;Brasil;Presidente;Lula vs Renan
23/05/2026;27/05/2026;Ideia;2;branco / nulo;15;2,5;1500;Telefônica;Brasil;Presidente;Lula vs Renan
23/05/2026;27/05/2026;Ideia;2;não sabe / não respondeu;8;2,5;1500;Telefônica;Brasil;Presidente;Lula vs Renan
23/05/2026;27/05/2026;Ideia;2;Lula;46;2,5;1500;Telefônica;Brasil;Presidente;Lula vs Zema
23/05/2026;27/05/2026;Ideia;2;Zema;37;2,5;1500;Telefônica;Brasil;Presidente;Lula vs Zema
23/05/2026;27/05/2026;Ideia;2;branco / nulo;9;2,5;1500;Telefônica;Brasil;Presidente;Lula vs Zema
23/05/2026;27/05/2026;Ideia;2;não sabe / não respondeu;8;2,5;1500;Telefônica;Brasil;Presidente;Lula vs Zema
28/05/2026;28/05/2026;PoderData;1;Lula;40;2;2400;Telefônica;Brasil;Presidente;Primeiro turno
28/05/2026;28/05/2026;PoderData;1;Flávio;35;2;2400;Telefônica;Brasil;Presidente;Primeiro turno
28/05/2026;28/05/2026;PoderData;1;Caiado;3;2;2400;Telefônica;Brasil;Presidente;Primeiro turno
28/05/2026;28/05/2026;PoderData;1;Zema;4;2;2400;Telefônica;Brasil;Presidente;Primeiro turno
28/05/2026;28/05/2026;PoderData;1;Renan;3;2;2400;Telefônica;Brasil;Presidente;Primeiro turno
28/05/2026;28/05/2026;PoderData;1;Cury;3;2;2400;Telefônica;Brasil;Presidente;Primeiro turno
28/05/2026;28/05/2026;PoderData;1;branco / nulo;9;2;2400;Telefônica;Brasil;Presidente;Primeiro turno
28/05/2026;28/05/2026;PoderData;1;Joaquim Barbosa;3;2;2400;Telefônica;Brasil;Presidente;Primeiro turno
29/05/2026;30/05/2026;Realtime Bigdata;1;Lula;38;2;2000;Telefônica;Brasil;Presidente;Primeiro turno
29/05/2026;30/05/2026;Realtime Bigdata;1;Flávio;31;2;2000;Telefônica;Brasil;Presidente;Primeiro turno
29/05/2026;30/05/2026;Realtime Bigdata;1;Caiado;6;2;2000;Telefônica;Brasil;Presidente;Primeiro turno
29/05/2026;30/05/2026;Realtime Bigdata;1;Zema;4;2;2000;Telefônica;Brasil;Presidente;Primeiro turno
29/05/2026;30/05/2026;Realtime Bigdata;1;Renan;6;2;2000;Telefônica;Brasil;Presidente;Primeiro turno
29/05/2026;30/05/2026;Realtime Bigdata;1;Cury;1;2;2000;Telefônica;Brasil;Presidente;Primeiro turno
29/05/2026;30/05/2026;Realtime Bigdata;1;Outros;1;2;2000;Telefônica;Brasil;Presidente;Primeiro turno
29/05/2026;30/05/2026;Realtime Bigdata;1;branco / nulo;3;2;2000;Telefônica;Brasil;Presidente;Primeiro turno
29/05/2026;30/05/2026;Realtime Bigdata;1;não sabe / não respondeu;4;2;2000;Telefônica;Brasil;Presidente;Primeiro turno
29/05/2026;30/05/2026;Realtime Bigdata;1;Joaquim Barbosa;3;2;2000;Telefônica;Brasil;Presidente;Primeiro turno
29/05/2026;30/05/2026;Realtime Bigdata;1;Aécio Neves;3;2;2000;Telefônica;Brasil;Presidente;Primeiro turno
29/05/2026;30/05/2026;Realtime Bigdata;1;Lula;38;2;2000;Telefônica;Brasil;Presidente;Primeiro turno
29/05/2026;30/05/2026;Realtime Bigdata;1;Flávio;31;2;2000;Telefônica;Brasil;Presidente;Primeiro turno
29/05/2026;30/05/2026;Realtime Bigdata;1;Caiado;6;2;2000;Telefônica;Brasil;Presidente;Primeiro turno
29/05/2026;30/05/2026;Realtime Bigdata;1;Zema;5;2;2000;Telefônica;Brasil;Presidente;Primeiro turno
29/05/2026;30/05/2026;Realtime Bigdata;1;Renan;6;2;2000;Telefônica;Brasil;Presidente;Primeiro turno
29/05/2026;30/05/2026;Realtime Bigdata;1;Cury;1;2;2000;Telefônica;Brasil;Presidente;Primeiro turno
29/05/2026;30/05/2026;Realtime Bigdata;1;Outros;1;2;2000;Telefônica;Brasil;Presidente;Primeiro turno
29/05/2026;30/05/2026;Realtime Bigdata;1;branco / nulo;3;2;2000;Telefônica;Brasil;Presidente;Primeiro turno
29/05/2026;30/05/2026;Realtime Bigdata;1;não sabe / não respondeu;5;2;2000;Telefônica;Brasil;Presidente;Primeiro turno
29/05/2026;30/05/2026;Realtime Bigdata;1;Aldo Rebelo;1;2;2000;Telefônica;Brasil;Presidente;Primeiro turno
29/05/2026;30/05/2026;Realtime Bigdata;1;Aécio Neves;3;2;2000;Telefônica;Brasil;Presidente;Primeiro turno
29/05/2026;30/05/2026;Realtime Bigdata;2;Lula;43;2;2000;Telefônica;Brasil;Presidente;Lula vs Caiado
29/05/2026;30/05/2026;Realtime Bigdata;2;Caiado;43;2;2000;Telefônica;Brasil;Presidente;Lula vs Caiado
29/05/2026;30/05/2026;Realtime Bigdata;2;branco / nulo;8;2;2000;Telefônica;Brasil;Presidente;Lula vs Caiado
29/05/2026;30/05/2026;Realtime Bigdata;2;não sabe / não respondeu;6;2;2000;Telefônica;Brasil;Presidente;Lula vs Caiado
29/05/2026;30/05/2026;Realtime Bigdata;2;Lula;45;2;2000;Telefônica;Brasil;Presidente;Lula vs Flávio
29/05/2026;30/05/2026;Realtime Bigdata;2;Flávio;40;2;2000;Telefônica;Brasil;Presidente;Lula vs Flávio
29/05/2026;30/05/2026;Realtime Bigdata;2;branco / nulo;8;2;2000;Telefônica;Brasil;Presidente;Lula vs Flávio
29/05/2026;30/05/2026;Realtime Bigdata;2;não sabe / não respondeu;7;2;2000;Telefônica;Brasil;Presidente;Lula vs Flávio
29/05/2026;30/05/2026;Realtime Bigdata;2;Lula;46;2;2000;Telefônica;Brasil;Presidente;Lula vs Renan
29/05/2026;30/05/2026;Realtime Bigdata;2;Renan;30;2;2000;Telefônica;Brasil;Presidente;Lula vs Renan
29/05/2026;30/05/2026;Realtime Bigdata;2;branco / nulo;12;2;2000;Telefônica;Brasil;Presidente;Lula vs Renan
29/05/2026;30/05/2026;Realtime Bigdata;2;não sabe / não respondeu;12;2;2000;Telefônica;Brasil;Presidente;Lula vs Renan
29/05/2026;30/05/2026;Realtime Bigdata;2;Lula;43;2;2000;Telefônica;Brasil;Presidente;Lula vs Zema
29/05/2026;30/05/2026;Realtime Bigdata;2;Zema;40;2;2000;Telefônica;Brasil;Presidente;Lula vs Zema
29/05/2026;30/05/2026;Realtime Bigdata;2;branco / nulo;11;2;2000;Telefônica;Brasil;Presidente;Lula vs Zema
29/05/2026;30/05/2026;Realtime Bigdata;2;não sabe / não respondeu;6;2;2000;Telefônica;Brasil;Presidente;Lula vs Zema
01/06/2026;03/06/2026;Vox Brasil;1;Lula;42,1;2,2;2100;Presencial;Brasil;Presidente;Primeiro turno
01/06/2026;03/06/2026;Vox Brasil;1;Flávio;33,6;2,2;2100;Presencial;Brasil;Presidente;Primeiro turno
01/06/2026;03/06/2026;Vox Brasil;1;Caiado;6,9;2,2;2100;Presencial;Brasil;Presidente;Primeiro turno
01/06/2026;03/06/2026;Vox Brasil;1;Zema;5,1;2,2;2100;Presencial;Brasil;Presidente;Primeiro turno
01/06/2026;03/06/2026;Vox Brasil;1;Renan;3,1;2,2;2100;Presencial;Brasil;Presidente;Primeiro turno
01/06/2026;03/06/2026;Vox Brasil;1;Cabo Daciolo;0,3;2,2;2100;Presencial;Brasil;Presidente;Primeiro turno
01/06/2026;03/06/2026;Vox Brasil;1;Cury;0,5;2,2;2100;Presencial;Brasil;Presidente;Primeiro turno
01/06/2026;03/06/2026;Vox Brasil;1;branco / nulo;5,2;2,2;2100;Presencial;Brasil;Presidente;Primeiro turno
01/06/2026;03/06/2026;Vox Brasil;1;Joaquim Barbosa;1,1;2,2;2100;Presencial;Brasil;Presidente;Primeiro turno
01/06/2026;03/06/2026;Vox Brasil;1;Aécio Neves;2,1;2,2;2100;Presencial;Brasil;Presidente;Primeiro turno
01/06/2026;03/06/2026;Vox Brasil;2;Lula;47,8;2,2;2100;Presencial;Brasil;Presidente;Lula vs Flávio
01/06/2026;03/06/2026;Vox Brasil;2;Flávio;41,3;2,2;2100;Presencial;Brasil;Presidente;Lula vs Flávio
01/06/2026;03/06/2026;Vox Brasil;2;branco / nulo;9;2,2;2100;Presencial;Brasil;Presidente;Lula vs Flávio
01/06/2026;03/06/2026;Vox Brasil;2;não sabe / não respondeu;2;2,2;2100;Presencial;Brasil;Presidente;Lula vs Flávio
05/06/2026;08/06/2026;Quaest;1;Lula;39;2;2004;Presencial;Brasil;Presidente;Primeiro turno
05/06/2026;08/06/2026;Quaest;1;Flávio;29;2;2004;Presencial;Brasil;Presidente;Primeiro turno
05/06/2026;08/06/2026;Quaest;1;Caiado;3;2;2004;Presencial;Brasil;Presidente;Primeiro turno
05/06/2026;08/06/2026;Quaest;1;Zema;2;2;2004;Presencial;Brasil;Presidente;Primeiro turno
05/06/2026;08/06/2026;Quaest;1;Renan;3;2;2004;Presencial;Brasil;Presidente;Primeiro turno
05/06/2026;08/06/2026;Quaest;1;Cabo Daciolo;1;2;2004;Presencial;Brasil;Presidente;Primeiro turno
05/06/2026;08/06/2026;Quaest;1;Cury;1;2;2004;Presencial;Brasil;Presidente;Primeiro turno
05/06/2026;08/06/2026;Quaest;1;Samara Martins;1;2;2004;Presencial;Brasil;Presidente;Primeiro turno
05/06/2026;08/06/2026;Quaest;1;branco / nulo;9;2;2004;Presencial;Brasil;Presidente;Primeiro turno
05/06/2026;08/06/2026;Quaest;1;não sabe / não respondeu;10;2;2004;Presencial;Brasil;Presidente;Primeiro turno
05/06/2026;08/06/2026;Quaest;1;Joaquim Barbosa;1;2;2004;Presencial;Brasil;Presidente;Primeiro turno
05/06/2026;08/06/2026;Quaest;1;Aécio Neves;2;2;2004;Presencial;Brasil;Presidente;Primeiro turno
05/06/2026;08/06/2026;Quaest;2;Lula;45;2;2004;Presencial;Brasil;Presidente;Lula vs Caiado
05/06/2026;08/06/2026;Quaest;2;Caiado;35;2;2004;Presencial;Brasil;Presidente;Lula vs Caiado
05/06/2026;08/06/2026;Quaest;2;branco / nulo;16;2;2004;Presencial;Brasil;Presidente;Lula vs Caiado
05/06/2026;08/06/2026;Quaest;2;não sabe / não respondeu;4;2;2004;Presencial;Brasil;Presidente;Lula vs Caiado
05/06/2026;08/06/2026;Quaest;2;Lula;44;2;2004;Presencial;Brasil;Presidente;Lula vs Flávio
05/06/2026;08/06/2026;Quaest;2;Flávio;38;2;2004;Presencial;Brasil;Presidente;Lula vs Flávio
05/06/2026;08/06/2026;Quaest;2;branco / nulo;14;2;2004;Presencial;Brasil;Presidente;Lula vs Flávio
05/06/2026;08/06/2026;Quaest;2;não sabe / não respondeu;4;2;2004;Presencial;Brasil;Presidente;Lula vs Flávio
05/06/2026;08/06/2026;Quaest;2;Lula;45;2;2004;Presencial;Brasil;Presidente;Lula vs Renan
05/06/2026;08/06/2026;Quaest;2;Renan;31;2;2004;Presencial;Brasil;Presidente;Lula vs Renan
05/06/2026;08/06/2026;Quaest;2;branco / nulo;20;2;2004;Presencial;Brasil;Presidente;Lula vs Renan
05/06/2026;08/06/2026;Quaest;2;não sabe / não respondeu;4;2;2004;Presencial;Brasil;Presidente;Lula vs Renan
05/06/2026;08/06/2026;Quaest;2;Lula;45;2;2004;Presencial;Brasil;Presidente;Lula vs Zema
05/06/2026;08/06/2026;Quaest;2;Zema;35;2;2004;Presencial;Brasil;Presidente;Lula vs Zema
05/06/2026;08/06/2026;Quaest;2;branco / nulo;17;2;2004;Presencial;Brasil;Presidente;Lula vs Zema
05/06/2026;08/06/2026;Quaest;2;não sabe / não respondeu;3;2;2004;Presencial;Brasil;Presidente;Lula vs Zema
08/06/2026;10/06/2026;Alfa;1;Lula;40;2,6;1400;Telefônica;Brasil;Presidente;Primeiro turno
08/06/2026;10/06/2026;Alfa;1;Flávio;31;2,6;1400;Telefônica;Brasil;Presidente;Primeiro turno
08/06/2026;10/06/2026;Alfa;1;Caiado;7;2,6;1400;Telefônica;Brasil;Presidente;Primeiro turno
08/06/2026;10/06/2026;Alfa;1;Zema;7;2,6;1400;Telefônica;Brasil;Presidente;Primeiro turno
08/06/2026;10/06/2026;Alfa;1;Renan;2;2,6;1400;Telefônica;Brasil;Presidente;Primeiro turno
08/06/2026;10/06/2026;Alfa;1;Outros;2;2,6;1400;Telefônica;Brasil;Presidente;Primeiro turno
08/06/2026;10/06/2026;Alfa;1;branco / nulo;8;2,6;1400;Telefônica;Brasil;Presidente;Primeiro turno
08/06/2026;10/06/2026;Alfa;1;Joaquim Barbosa;3;2,6;1400;Telefônica;Brasil;Presidente;Primeiro turno
08/06/2026;10/06/2026;Alfa;2;Lula;44;2,6;1400;Telefônica;Brasil;Presidente;Lula vs Flávio
08/06/2026;10/06/2026;Alfa;2;Flávio;41;2,6;1400;Telefônica;Brasil;Presidente;Lula vs Flávio
08/06/2026;10/06/2026;Alfa;2;branco / nulo;15;2,6;1400;Telefônica;Brasil;Presidente;Lula vs Flávio
12/06/2026;12/06/2026;Futura;1;Lula;41,6;2,2;2000;Telefônica;Brasil;Presidente;Primeiro turno
12/06/2026;12/06/2026;Futura;1;Flávio;34,1;2,2;2000;Telefônica;Brasil;Presidente;Primeiro turno
12/06/2026;12/06/2026;Futura;1;Caiado;4,5;2,2;2000;Telefônica;Brasil;Presidente;Primeiro turno
12/06/2026;12/06/2026;Futura;1;Zema;3,5;2,2;2000;Telefônica;Brasil;Presidente;Primeiro turno
12/06/2026;12/06/2026;Futura;1;Renan;2,3;2,2;2000;Telefônica;Brasil;Presidente;Primeiro turno
12/06/2026;12/06/2026;Futura;1;Cabo Daciolo;1,1;2,2;2000;Telefônica;Brasil;Presidente;Primeiro turno
12/06/2026;12/06/2026;Futura;1;Cury;0,9;2,2;2000;Telefônica;Brasil;Presidente;Primeiro turno
12/06/2026;12/06/2026;Futura;1;Samara Martins;0;2,2;2000;Telefônica;Brasil;Presidente;Primeiro turno
12/06/2026;12/06/2026;Futura;1;branco / nulo;8;2,2;2000;Telefônica;Brasil;Presidente;Primeiro turno
12/06/2026;12/06/2026;Futura;1;não sabe / não respondeu;2;2,2;2000;Telefônica;Brasil;Presidente;Primeiro turno
12/06/2026;12/06/2026;Futura;1;Joaquim Barbosa;2,1;2,2;2000;Telefônica;Brasil;Presidente;Primeiro turno
12/06/2026;12/06/2026;Futura;1;Lula;42,7;2,2;2000;Telefônica;Brasil;Presidente;Primeiro turno
12/06/2026;12/06/2026;Futura;1;Caiado;16,5;2,2;2000;Telefônica;Brasil;Presidente;Primeiro turno
12/06/2026;12/06/2026;Futura;1;Zema;13,3;2,2;2000;Telefônica;Brasil;Presidente;Primeiro turno
12/06/2026;12/06/2026;Futura;1;Renan;6,1;2,2;2000;Telefônica;Brasil;Presidente;Primeiro turno
12/06/2026;12/06/2026;Futura;1;branco / nulo;21,5;2,2;2000;Telefônica;Brasil;Presidente;Primeiro turno
08/06/2026;12/06/2026;Futura;2;Lula;48,1;2,2;2000;Telefônica;Brasil;Presidente;Lula vs Flávio
08/06/2026;12/06/2026;Futura;2;Flávio;42,9;2,2;2000;Telefônica;Brasil;Presidente;Lula vs Flávio
08/06/2026;12/06/2026;Futura;2;branco / nulo;8;2,2;2000;Telefônica;Brasil;Presidente;Lula vs Flávio
08/06/2026;12/06/2026;Futura;2;não sabe / não respondeu;1,2;2,2;2000;Telefônica;Brasil;Presidente;Lula vs Flávio
10/06/2026;14/06/2026;MDA;1;Lula;41,8;2,2;2002;Presencial;Brasil;Presidente;Primeiro turno
10/06/2026;14/06/2026;MDA;1;Flávio;28,2;2,2;2002;Presencial;Brasil;Presidente;Primeiro turno
10/06/2026;14/06/2026;MDA;1;Caiado;4;2,2;2002;Presencial;Brasil;Presidente;Primeiro turno
10/06/2026;14/06/2026;MDA;1;Zema;2,8;2,2;2002;Presencial;Brasil;Presidente;Primeiro turno
10/06/2026;14/06/2026;MDA;1;Renan;2;2,2;2002;Presencial;Brasil;Presidente;Primeiro turno
10/06/2026;14/06/2026;MDA;1;Cury;1,8;2,2;2002;Presencial;Brasil;Presidente;Primeiro turno
10/06/2026;14/06/2026;MDA;1;branco / nulo;7;2,2;2002;Presencial;Brasil;Presidente;Primeiro turno
10/06/2026;14/06/2026;MDA;1;não sabe / não respondeu;7,9;2,2;2002;Presencial;Brasil;Presidente;Primeiro turno
10/06/2026;14/06/2026;MDA;1;Joaquim Barbosa;2,3;2,2;2002;Presencial;Brasil;Presidente;Primeiro turno
10/06/2026;14/06/2026;MDA;2;Lula;48,4;2,2;2002;Presencial;Brasil;Presidente;Lula vs Caiado
10/06/2026;14/06/2026;MDA;2;Caiado;32,2;2,2;2002;Presencial;Brasil;Presidente;Lula vs Caiado
10/06/2026;14/06/2026;MDA;2;branco / nulo;14,3;2,2;2002;Presencial;Brasil;Presidente;Lula vs Caiado
10/06/2026;14/06/2026;MDA;2;não sabe / não respondeu;5,1;2,2;2002;Presencial;Brasil;Presidente;Lula vs Caiado
10/06/2026;14/06/2026;MDA;2;Lula;49,6;2,2;2002;Presencial;Brasil;Presidente;Lula vs Flávio
10/06/2026;14/06/2026;MDA;2;Flávio;36,8;2,2;2002;Presencial;Brasil;Presidente;Lula vs Flávio
10/06/2026;14/06/2026;MDA;2;branco / nulo;11,2;2,2;2002;Presencial;Brasil;Presidente;Lula vs Flávio
10/06/2026;14/06/2026;MDA;2;não sabe / não respondeu;2,7;2,2;2002;Presencial;Brasil;Presidente;Lula vs Flávio
10/06/2026;14/06/2026;MDA;2;Lula;49,3;2,2;2002;Presencial;Brasil;Presidente;Lula vs Renan
10/06/2026;14/06/2026;MDA;2;Renan;28;2,2;2002;Presencial;Brasil;Presidente;Lula vs Renan
10/06/2026;14/06/2026;MDA;2;branco / nulo;17,2;2,2;2002;Presencial;Brasil;Presidente;Lula vs Renan
10/06/2026;14/06/2026;MDA;2;não sabe / não respondeu;5,6;2,2;2002;Presencial;Brasil;Presidente;Lula vs Renan
10/06/2026;14/06/2026;MDA;2;Lula;48,8;2,2;2002;Presencial;Brasil;Presidente;Lula vs Zema
10/06/2026;14/06/2026;MDA;2;Zema;31,6;2,2;2002;Presencial;Brasil;Presidente;Lula vs Zema
10/06/2026;14/06/2026;MDA;2;branco / nulo;14,6;2,2;2002;Presencial;Brasil;Presidente;Lula vs Zema
10/06/2026;14/06/2026;MDA;2;não sabe / não respondeu;5;2,2;2002;Presencial;Brasil;Presidente;Lula vs Zema
12/06/2026;14/06/2026;Nexus;1;Lula;42;2;2017;Telefônica;Brasil;Presidente;Primeiro turno
12/06/2026;14/06/2026;Nexus;1;Flávio;33;2;2017;Telefônica;Brasil;Presidente;Primeiro turno
12/06/2026;14/06/2026;Nexus;1;Caiado;4;2;2017;Telefônica;Brasil;Presidente;Primeiro turno
12/06/2026;14/06/2026;Nexus;1;Zema;2;2;2017;Telefônica;Brasil;Presidente;Primeiro turno
12/06/2026;14/06/2026;Nexus;1;Renan;4;2;2017;Telefônica;Brasil;Presidente;Primeiro turno
12/06/2026;14/06/2026;Nexus;1;Cabo Daciolo;1;2;2017;Telefônica;Brasil;Presidente;Primeiro turno
12/06/2026;14/06/2026;Nexus;1;Cury;2;2;2017;Telefônica;Brasil;Presidente;Primeiro turno
12/06/2026;14/06/2026;Nexus;1;Samara Martins;0;2;2017;Telefônica;Brasil;Presidente;Primeiro turno
12/06/2026;14/06/2026;Nexus;1;branco / nulo;5;2;2017;Telefônica;Brasil;Presidente;Primeiro turno
12/06/2026;14/06/2026;Nexus;1;não sabe / não respondeu;3;2;2017;Telefônica;Brasil;Presidente;Primeiro turno
12/06/2026;14/06/2026;Nexus;1;Joaquim Barbosa;2;2;2017;Telefônica;Brasil;Presidente;Primeiro turno
12/06/2026;14/06/2026;Nexus;1;Aécio Neves;2;2;2017;Telefônica;Brasil;Presidente;Primeiro turno
12/06/2026;14/06/2026;Nexus;1;Lula;43;2;2017;Telefônica;Brasil;Presidente;Primeiro turno
12/06/2026;14/06/2026;Nexus;1;Flávio;34;2;2017;Telefônica;Brasil;Presidente;Primeiro turno
12/06/2026;14/06/2026;Nexus;1;Caiado;4;2;2017;Telefônica;Brasil;Presidente;Primeiro turno
12/06/2026;14/06/2026;Nexus;1;Zema;3;2;2017;Telefônica;Brasil;Presidente;Primeiro turno
12/06/2026;14/06/2026;Nexus;1;Renan;5;2;2017;Telefônica;Brasil;Presidente;Primeiro turno
12/06/2026;14/06/2026;Nexus;1;branco / nulo;6;2;2017;Telefônica;Brasil;Presidente;Primeiro turno
12/06/2026;14/06/2026;Nexus;1;não sabe / não respondeu;2;2;2017;Telefônica;Brasil;Presidente;Primeiro turno
12/06/2026;14/06/2026;Nexus;1;Joaquim Barbosa;3;2;2017;Telefônica;Brasil;Presidente;Primeiro turno
12/06/2026;14/06/2026;Nexus;2;Lula;48;2;2017;Telefônica;Brasil;Presidente;Lula vs Caiado
12/06/2026;14/06/2026;Nexus;2;Caiado;39;2;2017;Telefônica;Brasil;Presidente;Lula vs Caiado
12/06/2026;14/06/2026;Nexus;2;branco / nulo;11;2;2017;Telefônica;Brasil;Presidente;Lula vs Caiado
12/06/2026;14/06/2026;Nexus;2;não sabe / não respondeu;2;2;2017;Telefônica;Brasil;Presidente;Lula vs Caiado
12/06/2026;14/06/2026;Nexus;2;Lula;49;2;2017;Telefônica;Brasil;Presidente;Lula vs Flávio
12/06/2026;14/06/2026;Nexus;2;Flávio;43;2;2017;Telefônica;Brasil;Presidente;Lula vs Flávio
12/06/2026;14/06/2026;Nexus;2;branco / nulo;8;2;2017;Telefônica;Brasil;Presidente;Lula vs Flávio
12/06/2026;14/06/2026;Nexus;2;não sabe / não respondeu;1;2;2017;Telefônica;Brasil;Presidente;Lula vs Flávio
12/06/2026;14/06/2026;Nexus;2;Lula;49;2;2017;Telefônica;Brasil;Presidente;Lula vs Renan
12/06/2026;14/06/2026;Nexus;2;Renan;36;2;2017;Telefônica;Brasil;Presidente;Lula vs Renan
12/06/2026;14/06/2026;Nexus;2;branco / nulo;13;2;2017;Telefônica;Brasil;Presidente;Lula vs Renan
12/06/2026;14/06/2026;Nexus;2;não sabe / não respondeu;2;2;2017;Telefônica;Brasil;Presidente;Lula vs Renan
12/06/2026;14/06/2026;Nexus;2;Lula;49;2;2017;Telefônica;Brasil;Presidente;Lula vs Zema
12/06/2026;14/06/2026;Nexus;2;Zema;39;2;2017;Telefônica;Brasil;Presidente;Lula vs Zema
12/06/2026;14/06/2026;Nexus;2;branco / nulo;11;2;2017;Telefônica;Brasil;Presidente;Lula vs Zema
12/06/2026;14/06/2026;Nexus;2;não sabe / não respondeu;1;2;2017;Telefônica;Brasil;Presidente;Lula vs Zema
17/06/2026;18/06/2026;Datafolha;1;Lula;41;2;2004;Presencial;Brasil;Presidente;Primeiro turno
17/06/2026;18/06/2026;Datafolha;1;Flávio;31;2;2004;Presencial;Brasil;Presidente;Primeiro turno
17/06/2026;18/06/2026;Datafolha;1;Caiado;3;2;2004;Presencial;Brasil;Presidente;Primeiro turno
17/06/2026;18/06/2026;Datafolha;1;Zema;2;2;2004;Presencial;Brasil;Presidente;Primeiro turno
17/06/2026;18/06/2026;Datafolha;1;Renan;3;2;2004;Presencial;Brasil;Presidente;Primeiro turno
17/06/2026;18/06/2026;Datafolha;1;Cabo Daciolo;1;2;2004;Presencial;Brasil;Presidente;Primeiro turno
17/06/2026;18/06/2026;Datafolha;1;Cury;2;2;2004;Presencial;Brasil;Presidente;Primeiro turno
17/06/2026;18/06/2026;Datafolha;1;Samara Martins;2;2;2004;Presencial;Brasil;Presidente;Primeiro turno
17/06/2026;18/06/2026;Datafolha;1;branco / nulo;7;2;2004;Presencial;Brasil;Presidente;Primeiro turno
17/06/2026;18/06/2026;Datafolha;1;não sabe / não respondeu;4;2;2004;Presencial;Brasil;Presidente;Primeiro turno
17/06/2026;18/06/2026;Datafolha;1;Joaquim Barbosa;1;2;2004;Presencial;Brasil;Presidente;Primeiro turno
17/06/2026;18/06/2026;Datafolha;1;Aécio Neves;2;2;2004;Presencial;Brasil;Presidente;Primeiro turno
17/06/2026;18/06/2026;Datafolha;2;Lula;47;2;2004;Presencial;Brasil;Presidente;Lula vs Caiado
17/06/2026;18/06/2026;Datafolha;2;Caiado;41;2;2004;Presencial;Brasil;Presidente;Lula vs Caiado
17/06/2026;18/06/2026;Datafolha;2;branco / nulo;10;2;2004;Presencial;Brasil;Presidente;Lula vs Caiado
17/06/2026;18/06/2026;Datafolha;2;não sabe / não respondeu;2;2;2004;Presencial;Brasil;Presidente;Lula vs Caiado
17/06/2026;18/06/2026;Datafolha;2;Lula;47;2;2004;Presencial;Brasil;Presidente;Lula vs Flávio
17/06/2026;18/06/2026;Datafolha;2;Flávio;43;2;2004;Presencial;Brasil;Presidente;Lula vs Flávio
17/06/2026;18/06/2026;Datafolha;2;branco / nulo;8;2;2004;Presencial;Brasil;Presidente;Lula vs Flávio
17/06/2026;18/06/2026;Datafolha;2;não sabe / não respondeu;2;2;2004;Presencial;Brasil;Presidente;Lula vs Flávio
17/06/2026;18/06/2026;Datafolha;2;Lula;48;2;2004;Presencial;Brasil;Presidente;Lula vs Zema
17/06/2026;18/06/2026;Datafolha;2;Zema;39;2;2004;Presencial;Brasil;Presidente;Lula vs Zema
17/06/2026;18/06/2026;Datafolha;2;branco / nulo;11;2;2004;Presencial;Brasil;Presidente;Lula vs Zema
17/06/2026;18/06/2026;Datafolha;2;não sabe / não respondeu;2;2;2004;Presencial;Brasil;Presidente;Lula vs Zema
18/06/2026;19/06/2026;Gerp;2;Lula;40;2,24;2000;Telefônica;Brasil;Presidente;Lula vs Flávio
18/06/2026;19/06/2026;Gerp;2;Flávio;42;2,24;2000;Telefônica;Brasil;Presidente;Lula vs Flávio
18/06/2026;19/06/2026;Gerp;2;branco / nulo;12;2,24;2000;Telefônica;Brasil;Presidente;Lula vs Flávio
18/06/2026;19/06/2026;Gerp;2;não sabe / não respondeu;6;2,24;2000;Telefônica;Brasil;Presidente;Lula vs Flávio
22/06/2026;24/06/2026;PoderData;1;Lula;40;2;2400;Telefônica;Brasil;Presidente;Primeiro turno
22/06/2026;24/06/2026;PoderData;1;Flávio;36;2;2400;Telefônica;Brasil;Presidente;Primeiro turno
22/06/2026;24/06/2026;PoderData;1;Caiado;4;2;2400;Telefônica;Brasil;Presidente;Primeiro turno
22/06/2026;24/06/2026;PoderData;1;Zema;3;2;2400;Telefônica;Brasil;Presidente;Primeiro turno
22/06/2026;24/06/2026;PoderData;1;Renan;4;2;2400;Telefônica;Brasil;Presidente;Primeiro turno
22/06/2026;24/06/2026;PoderData;1;Cury;3;2;2400;Telefônica;Brasil;Presidente;Primeiro turno
22/06/2026;24/06/2026;PoderData;1;branco / nulo;8;2;2400;Telefônica;Brasil;Presidente;Primeiro turno
22/06/2026;24/06/2026;PoderData;1;Joaquim Barbosa;3;2;2400;Telefônica;Brasil;Presidente;Primeiro turno
22/06/2026;24/06/2026;PoderData;2;Lula;46;2;2400;Telefônica;Brasil;Presidente;Lula vs Flávio
22/06/2026;24/06/2026;PoderData;2;Flávio;43;2;2400;Telefônica;Brasil;Presidente;Lula vs Flávio
22/06/2026;24/06/2026;PoderData;2;branco / nulo;7;2;2400;Telefônica;Brasil;Presidente;Lula vs Flávio
22/06/2026;24/06/2026;PoderData;2;não sabe / não respondeu;4;2;2400;Telefônica;Brasil;Presidente;Lula vs Flávio
23/06/2026;25/06/2026;Vox Brasil;1;Lula;38,3;2,2;2100;Presencial;Brasil;Presidente;Primeiro turno
23/06/2026;25/06/2026;Vox Brasil;1;Flávio;32,2;2,2;2100;Presencial;Brasil;Presidente;Primeiro turno
23/06/2026;25/06/2026;Vox Brasil;1;Caiado;5,1;2,2;2100;Presencial;Brasil;Presidente;Primeiro turno
23/06/2026;25/06/2026;Vox Brasil;1;Zema;3,8;2,2;2100;Presencial;Brasil;Presidente;Primeiro turno
23/06/2026;25/06/2026;Vox Brasil;1;Renan;2,5;2,2;2100;Presencial;Brasil;Presidente;Primeiro turno
23/06/2026;25/06/2026;Vox Brasil;1;Cabo Daciolo;0,5;2,2;2100;Presencial;Brasil;Presidente;Primeiro turno
23/06/2026;25/06/2026;Vox Brasil;1;Cury;0,7;2,2;2100;Presencial;Brasil;Presidente;Primeiro turno
23/06/2026;25/06/2026;Vox Brasil;1;branco / nulo;14,3;2,2;2100;Presencial;Brasil;Presidente;Primeiro turno
23/06/2026;25/06/2026;Vox Brasil;1;Joaquim Barbosa;0,9;2,2;2100;Presencial;Brasil;Presidente;Primeiro turno
23/06/2026;25/06/2026;Vox Brasil;1;Aécio Neves;1,7;2,2;2100;Presencial;Brasil;Presidente;Primeiro turno
23/06/2026;25/06/2026;Vox Brasil;2;Lula;45,3;2,2;2100;Presencial;Brasil;Presidente;Lula vs Flávio
23/06/2026;25/06/2026;Vox Brasil;2;Flávio;42,8;2,2;2100;Presencial;Brasil;Presidente;Lula vs Flávio
23/06/2026;25/06/2026;Vox Brasil;2;branco / nulo;9;2,2;2100;Presencial;Brasil;Presidente;Lula vs Flávio
23/06/2026;25/06/2026;Vox Brasil;2;não sabe / não respondeu;3;2,2;2100;Presencial;Brasil;Presidente;Lula vs Flávio
26/06/2026;28/06/2026;Nexus;1;Lula;42;2;2009;Telefônica;Brasil;Presidente;Primeiro turno
26/06/2026;28/06/2026;Nexus;1;Flávio;34;2;2009;Telefônica;Brasil;Presidente;Primeiro turno
26/06/2026;28/06/2026;Nexus;1;Caiado;5;2;2009;Telefônica;Brasil;Presidente;Primeiro turno
26/06/2026;28/06/2026;Nexus;1;Zema;3;2;2009;Telefônica;Brasil;Presidente;Primeiro turno
26/06/2026;28/06/2026;Nexus;1;Renan;4;2;2009;Telefônica;Brasil;Presidente;Primeiro turno
26/06/2026;28/06/2026;Nexus;1;Cabo Daciolo;1;2;2009;Telefônica;Brasil;Presidente;Primeiro turno
26/06/2026;28/06/2026;Nexus;1;Cury;1;2;2009;Telefônica;Brasil;Presidente;Primeiro turno
26/06/2026;28/06/2026;Nexus;1;Samara Martins;0;2;2009;Telefônica;Brasil;Presidente;Primeiro turno
26/06/2026;28/06/2026;Nexus;1;branco / nulo;5;2;2009;Telefônica;Brasil;Presidente;Primeiro turno
26/06/2026;28/06/2026;Nexus;1;não sabe / não respondeu;3;2;2009;Telefônica;Brasil;Presidente;Primeiro turno
26/06/2026;28/06/2026;Nexus;1;Joaquim Barbosa;1;2;2009;Telefônica;Brasil;Presidente;Primeiro turno
26/06/2026;28/06/2026;Nexus;1;Aécio Neves;1;2;2009;Telefônica;Brasil;Presidente;Primeiro turno
26/06/2026;28/06/2026;Nexus;1;Lula;42;2;2009;Telefônica;Brasil;Presidente;Primeiro turno
26/06/2026;28/06/2026;Nexus;1;Flávio;35;2;2009;Telefônica;Brasil;Presidente;Primeiro turno
26/06/2026;28/06/2026;Nexus;1;Caiado;5;2;2009;Telefônica;Brasil;Presidente;Primeiro turno
26/06/2026;28/06/2026;Nexus;1;Zema;3;2;2009;Telefônica;Brasil;Presidente;Primeiro turno
26/06/2026;28/06/2026;Nexus;1;Renan;5;2;2009;Telefônica;Brasil;Presidente;Primeiro turno
26/06/2026;28/06/2026;Nexus;1;branco / nulo;5;2;2009;Telefônica;Brasil;Presidente;Primeiro turno
26/06/2026;28/06/2026;Nexus;1;não sabe / não respondeu;3;2;2009;Telefônica;Brasil;Presidente;Primeiro turno
26/06/2026;28/06/2026;Nexus;1;Joaquim Barbosa;2;2;2009;Telefônica;Brasil;Presidente;Primeiro turno
26/06/2026;28/06/2026;Nexus;2;Lula;47;2;2009;Telefônica;Brasil;Presidente;Lula vs Caiado
26/06/2026;28/06/2026;Nexus;2;Caiado;39;2;2009;Telefônica;Brasil;Presidente;Lula vs Caiado
26/06/2026;28/06/2026;Nexus;2;branco / nulo;12;2;2009;Telefônica;Brasil;Presidente;Lula vs Caiado
26/06/2026;28/06/2026;Nexus;2;não sabe / não respondeu;2;2;2009;Telefônica;Brasil;Presidente;Lula vs Caiado
26/06/2026;28/06/2026;Nexus;2;Lula;47;2;2009;Telefônica;Brasil;Presidente;Lula vs Flávio
26/06/2026;28/06/2026;Nexus;2;Flávio;44;2;2009;Telefônica;Brasil;Presidente;Lula vs Flávio
26/06/2026;28/06/2026;Nexus;2;branco / nulo;8;2;2009;Telefônica;Brasil;Presidente;Lula vs Flávio
26/06/2026;28/06/2026;Nexus;2;não sabe / não respondeu;1;2;2009;Telefônica;Brasil;Presidente;Lula vs Flávio
26/06/2026;28/06/2026;Nexus;2;Lula;48;2;2009;Telefônica;Brasil;Presidente;Lula vs Renan
26/06/2026;28/06/2026;Nexus;2;Renan;36;2;2009;Telefônica;Brasil;Presidente;Lula vs Renan
26/06/2026;28/06/2026;Nexus;2;branco / nulo;15;2;2009;Telefônica;Brasil;Presidente;Lula vs Renan
26/06/2026;28/06/2026;Nexus;2;não sabe / não respondeu;2;2;2009;Telefônica;Brasil;Presidente;Lula vs Renan
26/06/2026;28/06/2026;Nexus;2;Lula;48;2;2009;Telefônica;Brasil;Presidente;Lula vs Zema
26/06/2026;28/06/2026;Nexus;2;Zema;38;2;2009;Telefônica;Brasil;Presidente;Lula vs Zema
26/06/2026;28/06/2026;Nexus;2;branco / nulo;13;2;2009;Telefônica;Brasil;Presidente;Lula vs Zema
26/06/2026;28/06/2026;Nexus;2;não sabe / não respondeu;2;2;2009;Telefônica;Brasil;Presidente;Lula vs Zema
26/06/2026;30/06/2026;Atlas;1;Lula;46,3;1;4999;Online;Brasil;Presidente;Primeiro turno
26/06/2026;30/06/2026;Atlas;1;Flávio;36,6;1;4999;Online;Brasil;Presidente;Primeiro turno
26/06/2026;30/06/2026;Atlas;1;Caiado;2,9;1;4999;Online;Brasil;Presidente;Primeiro turno
26/06/2026;30/06/2026;Atlas;1;Zema;2;1;4999;Online;Brasil;Presidente;Primeiro turno
26/06/2026;30/06/2026;Atlas;1;Renan;7,8;1;4999;Online;Brasil;Presidente;Primeiro turno
26/06/2026;30/06/2026;Atlas;1;Cabo Daciolo;0,3;1;4999;Online;Brasil;Presidente;Primeiro turno
26/06/2026;30/06/2026;Atlas;1;Cury;0,5;1;4999;Online;Brasil;Presidente;Primeiro turno
26/06/2026;30/06/2026;Atlas;1;Samara Martins;0,6;1;4999;Online;Brasil;Presidente;Primeiro turno
26/06/2026;30/06/2026;Atlas;1;branco / nulo;1,1;1;4999;Online;Brasil;Presidente;Primeiro turno
26/06/2026;30/06/2026;Atlas;1;não sabe / não respondeu;0,1;1;4999;Online;Brasil;Presidente;Primeiro turno
26/06/2026;30/06/2026;Atlas;1;Joaquim Barbosa;1;1;4999;Online;Brasil;Presidente;Primeiro turno
26/06/2026;30/06/2026;Atlas;1;Aécio Neves;0,7;1;4999;Online;Brasil;Presidente;Primeiro turno
26/06/2026;30/06/2026;Atlas;1;Lula;47,2;1;4999;Online;Brasil;Presidente;Primeiro turno
26/06/2026;30/06/2026;Atlas;1;Flávio;36,3;1;4999;Online;Brasil;Presidente;Primeiro turno
26/06/2026;30/06/2026;Atlas;1;Caiado;3,1;1;4999;Online;Brasil;Presidente;Primeiro turno
26/06/2026;30/06/2026;Atlas;1;Zema;3;1;4999;Online;Brasil;Presidente;Primeiro turno
26/06/2026;30/06/2026;Atlas;1;Renan;7,8;1;4999;Online;Brasil;Presidente;Primeiro turno
26/06/2026;30/06/2026;Atlas;1;branco / nulo;1,2;1;4999;Online;Brasil;Presidente;Primeiro turno
26/06/2026;30/06/2026;Atlas;1;não sabe / não respondeu;0,1;1;4999;Online;Brasil;Presidente;Primeiro turno
26/06/2026;30/06/2026;Atlas;1;Joaquim Barbosa;1,2;1;4999;Online;Brasil;Presidente;Primeiro turno
30/06/2026;30/06/2026;Atlas;1;Flávio;36,7;1;5000;Online;Brasil;Presidente;Primeiro turno
30/06/2026;30/06/2026;Atlas;1;Caiado;4,7;1;5000;Online;Brasil;Presidente;Primeiro turno
30/06/2026;30/06/2026;Atlas;1;Zema;2,5;1;5000;Online;Brasil;Presidente;Primeiro turno
30/06/2026;30/06/2026;Atlas;1;Renan;9,8;1;5000;Online;Brasil;Presidente;Primeiro turno
30/06/2026;30/06/2026;Atlas;1;branco / nulo;4;1;5000;Online;Brasil;Presidente;Primeiro turno
30/06/2026;30/06/2026;Atlas;1;Haddad;39,7;1;5000;Online;Brasil;Presidente;Primeiro turno
30/06/2026;30/06/2026;Atlas;1;Joaquim Barbosa;2,6;1;5000;Online;Brasil;Presidente;Primeiro turno
26/06/2026;30/06/2026;Atlas;2;Lula;48;1;4999;Online;Brasil;Presidente;Lula vs Caiado
26/06/2026;30/06/2026;Atlas;2;Caiado;39;1;4999;Online;Brasil;Presidente;Lula vs Caiado
26/06/2026;30/06/2026;Atlas;2;branco / nulo;13,1;1;4999;Online;Brasil;Presidente;Lula vs Caiado
26/06/2026;30/06/2026;Atlas;2;Lula;48,8;1;5000;Online;Brasil;Presidente;Lula vs Flávio
26/06/2026;30/06/2026;Atlas;2;Flávio;42,3;1;5000;Online;Brasil;Presidente;Lula vs Flávio
26/06/2026;30/06/2026;Atlas;2;branco / nulo;8,9;1;5000;Online;Brasil;Presidente;Lula vs Flávio
26/06/2026;30/06/2026;Atlas;2;não sabe / não respondeu;0;1;5000;Online;Brasil;Presidente;Lula vs Flávio
26/06/2026;30/06/2026;Atlas;2;Lula;48,7;1;4999;Online;Brasil;Presidente;Lula vs Michele Bolsonaro
26/06/2026;30/06/2026;Atlas;2;Michele Bolsonaro;38,9;1;4999;Online;Brasil;Presidente;Lula vs Michele Bolsonaro
26/06/2026;30/06/2026;Atlas;2;branco / nulo;12,4;1;4999;Online;Brasil;Presidente;Lula vs Michele Bolsonaro
26/06/2026;30/06/2026;Atlas;2;Lula;49,2;1;4999;Online;Brasil;Presidente;Lula vs Renan
26/06/2026;30/06/2026;Atlas;2;Renan;28,9;1;4999;Online;Brasil;Presidente;Lula vs Renan
26/06/2026;30/06/2026;Atlas;2;branco / nulo;21,9;1;4999;Online;Brasil;Presidente;Lula vs Renan
26/06/2026;30/06/2026;Atlas;2;Lula;48,2;1;4999;Online;Brasil;Presidente;Lula vs Zema
26/06/2026;30/06/2026;Atlas;2;Zema;38,5;1;4999;Online;Brasil;Presidente;Lula vs Zema
26/06/2026;30/06/2026;Atlas;2;branco / nulo;13,3;1;4999;Online;Brasil;Presidente;Lula vs Zema
03/07/2026;06/07/2026;Ideia;1;Lula;40,4;2,5;1500;Telefônica;Brasil;Presidente;Primeiro turno
03/07/2026;06/07/2026;Ideia;1;Flávio;32;2,5;1500;Telefônica;Brasil;Presidente;Primeiro turno
03/07/2026;06/07/2026;Ideia;1;Caiado;4;2,5;1500;Telefônica;Brasil;Presidente;Primeiro turno
03/07/2026;06/07/2026;Ideia;1;Zema;2,5;2,5;1500;Telefônica;Brasil;Presidente;Primeiro turno
03/07/2026;06/07/2026;Ideia;1;Renan;2;2,5;1500;Telefônica;Brasil;Presidente;Primeiro turno
03/07/2026;06/07/2026;Ideia;1;Cabo Daciolo;0,5;2,5;1500;Telefônica;Brasil;Presidente;Primeiro turno
03/07/2026;06/07/2026;Ideia;1;Cury;1,5;2,5;1500;Telefônica;Brasil;Presidente;Primeiro turno
03/07/2026;06/07/2026;Ideia;1;Samara Martins;0,4;2,5;1500;Telefônica;Brasil;Presidente;Primeiro turno
03/07/2026;06/07/2026;Ideia;1;branco / nulo;4,1;2,5;1500;Telefônica;Brasil;Presidente;Primeiro turno
03/07/2026;06/07/2026;Ideia;1;não sabe / não respondeu;9,5;2,5;1500;Telefônica;Brasil;Presidente;Primeiro turno
03/07/2026;06/07/2026;Ideia;1;Joaquim Barbosa;0,5;2,5;1500;Telefônica;Brasil;Presidente;Primeiro turno
03/07/2026;06/07/2026;Ideia;1;Aécio Neves;2;2,5;1500;Telefônica;Brasil;Presidente;Primeiro turno
03/07/2026;06/07/2026;Ideia;2;Lula;45;2,5;1500;Telefônica;Brasil;Presidente;Lula vs Caiado
03/07/2026;06/07/2026;Ideia;2;Caiado;37,6;2,5;1500;Telefônica;Brasil;Presidente;Lula vs Caiado
03/07/2026;06/07/2026;Ideia;2;branco / nulo;11;2,5;1500;Telefônica;Brasil;Presidente;Lula vs Caiado
03/07/2026;06/07/2026;Ideia;2;não sabe / não respondeu;6,4;2,5;1500;Telefônica;Brasil;Presidente;Lula vs Caiado
03/07/2026;06/07/2026;Ideia;2;Lula;45,5;2,5;1500;Telefônica;Brasil;Presidente;Lula vs Flávio
03/07/2026;06/07/2026;Ideia;2;Flávio;40,4;2,5;1500;Telefônica;Brasil;Presidente;Lula vs Flávio
03/07/2026;06/07/2026;Ideia;2;branco / nulo;10,5;2,5;1500;Telefônica;Brasil;Presidente;Lula vs Flávio
03/07/2026;06/07/2026;Ideia;2;não sabe / não respondeu;4,5;2,5;1500;Telefônica;Brasil;Presidente;Lula vs Flávio
03/07/2026;06/07/2026;Ideia;2;Lula;45;2,5;1500;Telefônica;Brasil;Presidente;Lula vs Michele Bolsonaro
03/07/2026;06/07/2026;Ideia;2;Michele Bolsonaro;36;2,5;1500;Telefônica;Brasil;Presidente;Lula vs Michele Bolsonaro
03/07/2026;06/07/2026;Ideia;2;branco / nulo;11;2,5;1500;Telefônica;Brasil;Presidente;Lula vs Michele Bolsonaro
03/07/2026;06/07/2026;Ideia;2;não sabe / não respondeu;8;2,5;1500;Telefônica;Brasil;Presidente;Lula vs Michele Bolsonaro
03/07/2026;06/07/2026;Ideia;2;Lula;45;2,5;1500;Telefônica;Brasil;Presidente;Lula vs Renan
03/07/2026;06/07/2026;Ideia;2;Renan;33;2,5;1500;Telefônica;Brasil;Presidente;Lula vs Renan
03/07/2026;06/07/2026;Ideia;2;branco / nulo;13,4;2,5;1500;Telefônica;Brasil;Presidente;Lula vs Renan
03/07/2026;06/07/2026;Ideia;2;não sabe / não respondeu;8,6;2,5;1500;Telefônica;Brasil;Presidente;Lula vs Renan
03/07/2026;06/07/2026;Ideia;2;Lula;45;2,5;1500;Telefônica;Brasil;Presidente;Lula vs Zema
03/07/2026;06/07/2026;Ideia;2;Zema;37;2,5;1500;Telefônica;Brasil;Presidente;Lula vs Zema
03/07/2026;06/07/2026;Ideia;2;branco / nulo;11,9;2,5;1500;Telefônica;Brasil;Presidente;Lula vs Zema
03/07/2026;06/07/2026;Ideia;2;não sabe / não respondeu;6,1;2,5;1500;Telefônica;Brasil;Presidente;Lula vs Zema
09/07/2026;11/07/2026;Futura;1;Lula;37,8;2,2;2000;Telefônica;Brasil;Presidente;Primeiro turno
09/07/2026;11/07/2026;Futura;1;Flávio;35,7;2,2;2000;Telefônica;Brasil;Presidente;Primeiro turno
09/07/2026;11/07/2026;Futura;1;Caiado;7,9;2,2;2000;Telefônica;Brasil;Presidente;Primeiro turno
09/07/2026;11/07/2026;Futura;1;Zema;5;2,2;2000;Telefônica;Brasil;Presidente;Primeiro turno
09/07/2026;11/07/2026;Futura;1;Renan;3,4;2,2;2000;Telefônica;Brasil;Presidente;Primeiro turno
09/07/2026;11/07/2026;Futura;1;branco / nulo;10,2;2,2;2000;Telefônica;Brasil;Presidente;Primeiro turno
09/07/2026;11/07/2026;Futura;1;Lula;42,1;2,2;2000;Telefônica;Brasil;Presidente;Primeiro turno
09/07/2026;11/07/2026;Futura;1;Caiado;16,5;2,2;2000;Telefônica;Brasil;Presidente;Primeiro turno
09/07/2026;11/07/2026;Futura;1;Zema;14;2,2;2000;Telefônica;Brasil;Presidente;Primeiro turno
09/07/2026;11/07/2026;Futura;1;Renan;6;2,2;2000;Telefônica;Brasil;Presidente;Primeiro turno
09/07/2026;11/07/2026;Futura;1;branco / nulo;21,4;2,2;2000;Telefônica;Brasil;Presidente;Primeiro turno
09/07/2026;11/07/2026;Futura;1;Lula;42,6;2,2;2000;Telefônica;Brasil;Presidente;Primeiro turno
09/07/2026;11/07/2026;Futura;1;Flávio;38,6;2,2;2000;Telefônica;Brasil;Presidente;Primeiro turno
09/07/2026;11/07/2026;Futura;1;Zema;6,2;2,2;2000;Telefônica;Brasil;Presidente;Primeiro turno
09/07/2026;11/07/2026;Futura;1;Renan;3,9;2,2;2000;Telefônica;Brasil;Presidente;Primeiro turno
09/07/2026;11/07/2026;Futura;1;branco / nulo;8,7;2,2;2000;Telefônica;Brasil;Presidente;Primeiro turno
09/07/2026;11/07/2026;Futura;2;Lula;46,3;2,2;2000;Telefônica;Brasil;Presidente;Lula vs Flávio
09/07/2026;11/07/2026;Futura;2;Flávio;46,1;2,2;2000;Telefônica;Brasil;Presidente;Lula vs Flávio
09/07/2026;11/07/2026;Futura;2;branco / nulo;5,3;2,2;2000;Telefônica;Brasil;Presidente;Lula vs Flávio
09/07/2026;11/07/2026;Futura;2;não sabe / não respondeu;2,3;2,2;2000;Telefônica;Brasil;Presidente;Lula vs Flávio
10/07/2026;12/07/2026;Nexus;1;Lula;40;2;2003;Telefônica;Brasil;Presidente;Primeiro turno
10/07/2026;12/07/2026;Nexus;1;Flávio;34;2;2003;Telefônica;Brasil;Presidente;Primeiro turno
10/07/2026;12/07/2026;Nexus;1;Caiado;5;2;2003;Telefônica;Brasil;Presidente;Primeiro turno
10/07/2026;12/07/2026;Nexus;1;Zema;4;2;2003;Telefônica;Brasil;Presidente;Primeiro turno
10/07/2026;12/07/2026;Nexus;1;Renan;4;2;2003;Telefônica;Brasil;Presidente;Primeiro turno
10/07/2026;12/07/2026;Nexus;1;Cabo Daciolo;0;2;2003;Telefônica;Brasil;Presidente;Primeiro turno
10/07/2026;12/07/2026;Nexus;1;Cury;2;2;2003;Telefônica;Brasil;Presidente;Primeiro turno
10/07/2026;12/07/2026;Nexus;1;Samara Martins;0;2;2003;Telefônica;Brasil;Presidente;Primeiro turno
10/07/2026;12/07/2026;Nexus;1;branco / nulo;6;2;2003;Telefônica;Brasil;Presidente;Primeiro turno
10/07/2026;12/07/2026;Nexus;1;não sabe / não respondeu;3;2;2003;Telefônica;Brasil;Presidente;Primeiro turno
10/07/2026;12/07/2026;Nexus;1;Joaquim Barbosa;2;2;2003;Telefônica;Brasil;Presidente;Primeiro turno
10/07/2026;12/07/2026;Nexus;1;Aécio Neves;1;2;2003;Telefônica;Brasil;Presidente;Primeiro turno
10/07/2026;12/07/2026;Nexus;2;Lula;47;2;2003;Telefônica;Brasil;Presidente;Lula vs Caiado
10/07/2026;12/07/2026;Nexus;2;Caiado;38;2;2003;Telefônica;Brasil;Presidente;Lula vs Caiado
10/07/2026;12/07/2026;Nexus;2;branco / nulo;13;2;2003;Telefônica;Brasil;Presidente;Lula vs Caiado
10/07/2026;12/07/2026;Nexus;2;não sabe / não respondeu;2;2;2003;Telefônica;Brasil;Presidente;Lula vs Caiado
10/07/2026;12/07/2026;Nexus;2;Lula;47;2;2003;Telefônica;Brasil;Presidente;Lula vs Flávio
10/07/2026;12/07/2026;Nexus;2;Flávio;44;2;2003;Telefônica;Brasil;Presidente;Lula vs Flávio
10/07/2026;12/07/2026;Nexus;2;branco / nulo;8;2;2003;Telefônica;Brasil;Presidente;Lula vs Flávio
10/07/2026;12/07/2026;Nexus;2;não sabe / não respondeu;1;2;2003;Telefônica;Brasil;Presidente;Lula vs Flávio
10/07/2026;12/07/2026;Nexus;2;Lula;49;2;2003;Telefônica;Brasil;Presidente;Lula vs Renan
10/07/2026;12/07/2026;Nexus;2;Renan;35;2;2003;Telefônica;Brasil;Presidente;Lula vs Renan
10/07/2026;12/07/2026;Nexus;2;branco / nulo;14;2;2003;Telefônica;Brasil;Presidente;Lula vs Renan
10/07/2026;12/07/2026;Nexus;2;não sabe / não respondeu;2;2;2003;Telefônica;Brasil;Presidente;Lula vs Renan
10/07/2026;12/07/2026;Nexus;2;Lula;47;2;2003;Telefônica;Brasil;Presidente;Lula vs Zema
10/07/2026;12/07/2026;Nexus;2;Zema;40;2;2003;Telefônica;Brasil;Presidente;Lula vs Zema
10/07/2026;12/07/2026;Nexus;2;branco / nulo;11;2;2003;Telefônica;Brasil;Presidente;Lula vs Zema
10/07/2026;12/07/2026;Nexus;2;não sabe / não respondeu;2;2;2003;Telefônica;Brasil;Presidente;Lula vs Zema
10/07/2026;13/07/2026;Quaest;1;Lula;40;2;2004;Presencial;Brasil;Presidente;Primeiro turno
10/07/2026;13/07/2026;Quaest;1;Flávio;28;2;2004;Presencial;Brasil;Presidente;Primeiro turno
10/07/2026;13/07/2026;Quaest;1;Caiado;4;2;2004;Presencial;Brasil;Presidente;Primeiro turno
10/07/2026;13/07/2026;Quaest;1;Zema;2;2;2004;Presencial;Brasil;Presidente;Primeiro turno
10/07/2026;13/07/2026;Quaest;1;Renan;3;2;2004;Presencial;Brasil;Presidente;Primeiro turno
10/07/2026;13/07/2026;Quaest;1;Cabo Daciolo;1;2;2004;Presencial;Brasil;Presidente;Primeiro turno
10/07/2026;13/07/2026;Quaest;1;Cury;1;2;2004;Presencial;Brasil;Presidente;Primeiro turno
10/07/2026;13/07/2026;Quaest;1;Samara Martins;1;2;2004;Presencial;Brasil;Presidente;Primeiro turno
10/07/2026;13/07/2026;Quaest;1;branco / nulo;8;2;2004;Presencial;Brasil;Presidente;Primeiro turno
10/07/2026;13/07/2026;Quaest;1;não sabe / não respondeu;11;2;2004;Presencial;Brasil;Presidente;Primeiro turno
10/07/2026;13/07/2026;Quaest;1;Joaquim Barbosa;1;2;2004;Presencial;Brasil;Presidente;Primeiro turno
10/07/2026;13/07/2026;Quaest;1;Lula;39;2;2004;Presencial;Brasil;Presidente;Primeiro turno
10/07/2026;13/07/2026;Quaest;1;Flávio;30;2;2004;Presencial;Brasil;Presidente;Primeiro turno
10/07/2026;13/07/2026;Quaest;1;Caiado;4;2;2004;Presencial;Brasil;Presidente;Primeiro turno
10/07/2026;13/07/2026;Quaest;1;Zema;2;2;2004;Presencial;Brasil;Presidente;Primeiro turno
10/07/2026;13/07/2026;Quaest;1;Renan;4;2;2004;Presencial;Brasil;Presidente;Primeiro turno
10/07/2026;13/07/2026;Quaest;1;Cabo Daciolo;1;2;2004;Presencial;Brasil;Presidente;Primeiro turno
10/07/2026;13/07/2026;Quaest;1;Cury;1;2;2004;Presencial;Brasil;Presidente;Primeiro turno
10/07/2026;13/07/2026;Quaest;1;Samara Martins;1;2;2004;Presencial;Brasil;Presidente;Primeiro turno
10/07/2026;13/07/2026;Quaest;1;branco / nulo;8;2;2004;Presencial;Brasil;Presidente;Primeiro turno
10/07/2026;13/07/2026;Quaest;1;não sabe / não respondeu;10;2;2004;Presencial;Brasil;Presidente;Primeiro turno
10/07/2026;13/07/2026;Quaest;2;Lula;45;2;2004;Presencial;Brasil;Presidente;Lula vs Caiado
10/07/2026;13/07/2026;Quaest;2;Caiado;36;2;2004;Presencial;Brasil;Presidente;Lula vs Caiado
10/07/2026;13/07/2026;Quaest;2;branco / nulo;15;2;2004;Presencial;Brasil;Presidente;Lula vs Caiado
10/07/2026;13/07/2026;Quaest;2;não sabe / não respondeu;4;2;2004;Presencial;Brasil;Presidente;Lula vs Caiado
10/07/2026;13/07/2026;Quaest;2;Lula;45;2;2004;Presencial;Brasil;Presidente;Lula vs Caiado
10/07/2026;13/07/2026;Quaest;2;Caiado;37;2;2004;Presencial;Brasil;Presidente;Lula vs Caiado
10/07/2026;13/07/2026;Quaest;2;branco / nulo;14;2;2004;Presencial;Brasil;Presidente;Lula vs Caiado
10/07/2026;13/07/2026;Quaest;2;não sabe / não respondeu;4;2;2004;Presencial;Brasil;Presidente;Lula vs Caiado
10/07/2026;13/07/2026;Quaest;2;Lula;45;2;2004;Presencial;Brasil;Presidente;Lula vs Flávio
10/07/2026;13/07/2026;Quaest;2;Flávio;37;2;2004;Presencial;Brasil;Presidente;Lula vs Flávio
10/07/2026;13/07/2026;Quaest;2;branco / nulo;14;2;2004;Presencial;Brasil;Presidente;Lula vs Flávio
10/07/2026;13/07/2026;Quaest;2;não sabe / não respondeu;4;2;2004;Presencial;Brasil;Presidente;Lula vs Flávio
10/07/2026;13/07/2026;Quaest;2;Lula;45;2;2004;Presencial;Brasil;Presidente;Lula vs Renan
10/07/2026;13/07/2026;Quaest;2;Renan;33;2;2004;Presencial;Brasil;Presidente;Lula vs Renan
10/07/2026;13/07/2026;Quaest;2;branco / nulo;18;2;2004;Presencial;Brasil;Presidente;Lula vs Renan
10/07/2026;13/07/2026;Quaest;2;não sabe / não respondeu;4;2;2004;Presencial;Brasil;Presidente;Lula vs Renan
10/07/2026;13/07/2026;Quaest;2;Lula;45;2;2004;Presencial;Brasil;Presidente;Lula vs Renan
10/07/2026;13/07/2026;Quaest;2;Renan;35;2;2004;Presencial;Brasil;Presidente;Lula vs Renan
10/07/2026;13/07/2026;Quaest;2;branco / nulo;16;2;2004;Presencial;Brasil;Presidente;Lula vs Renan
10/07/2026;13/07/2026;Quaest;2;não sabe / não respondeu;4;2;2004;Presencial;Brasil;Presidente;Lula vs Renan
10/07/2026;13/07/2026;Quaest;2;Lula;45;2;2004;Presencial;Brasil;Presidente;Lula vs Zema
10/07/2026;13/07/2026;Quaest;2;Zema;35;2;2004;Presencial;Brasil;Presidente;Lula vs Zema
10/07/2026;13/07/2026;Quaest;2;branco / nulo;16;2;2004;Presencial;Brasil;Presidente;Lula vs Zema
10/07/2026;13/07/2026;Quaest;2;não sabe / não respondeu;4;2;2004;Presencial;Brasil;Presidente;Lula vs Zema
10/07/2026;13/07/2026;Quaest;2;Lula;46;2;2004;Presencial;Brasil;Presidente;Lula vs Zema
10/07/2026;13/07/2026;Quaest;2;Zema;34;2;2004;Presencial;Brasil;Presidente;Lula vs Zema
10/07/2026;13/07/2026;Quaest;2;branco / nulo;16;2;2004;Presencial;Brasil;Presidente;Lula vs Zema
10/07/2026;13/07/2026;Quaest;2;não sabe / não respondeu;4;2;2004;Presencial;Brasil;Presidente;Lula vs Zema
12/07/2026;15/07/2026;PoderData;1;Lula;40;2;2400;Telefônica;Brasil;Presidente;Primeiro turno
12/07/2026;15/07/2026;PoderData;1;Flávio;34;2;2400;Telefônica;Brasil;Presidente;Primeiro turno
12/07/2026;15/07/2026;PoderData;1;Caiado;4;2;2400;Telefônica;Brasil;Presidente;Primeiro turno
12/07/2026;15/07/2026;PoderData;1;Zema;4;2;2400;Telefônica;Brasil;Presidente;Primeiro turno
12/07/2026;15/07/2026;PoderData;1;Renan;6;2;2400;Telefônica;Brasil;Presidente;Primeiro turno
12/07/2026;15/07/2026;PoderData;1;Cury;3;2;2400;Telefônica;Brasil;Presidente;Primeiro turno
12/07/2026;15/07/2026;PoderData;1;branco / nulo;10;2;2400;Telefônica;Brasil;Presidente;Primeiro turno
12/07/2026;15/07/2026;PoderData;2;Lula;45;2;2400;Telefônica;Brasil;Presidente;Lula vs Flávio
12/07/2026;15/07/2026;PoderData;2;Flávio;43;2;2400;Telefônica;Brasil;Presidente;Lula vs Flávio
12/07/2026;15/07/2026;PoderData;2;branco / nulo;7;2;2400;Telefônica;Brasil;Presidente;Lula vs Flávio
12/07/2026;15/07/2026;PoderData;2;não sabe / não respondeu;4;2;2400;Telefônica;Brasil;Presidente;Lula vs Flávio
15/07/2026;17/07/2026;Gerp;1;Lula;38;2,24;2000;Telefônica;Brasil;Presidente;Primeiro turno
15/07/2026;17/07/2026;Gerp;1;Flávio;38;2,24;2000;Telefônica;Brasil;Presidente;Primeiro turno
15/07/2026;17/07/2026;Gerp;1;Caiado;3;2,24;2000;Telefônica;Brasil;Presidente;Primeiro turno
15/07/2026;17/07/2026;Gerp;1;Zema;3;2,24;2000;Telefônica;Brasil;Presidente;Primeiro turno
15/07/2026;17/07/2026;Gerp;1;Renan;3;2,24;2000;Telefônica;Brasil;Presidente;Primeiro turno
15/07/2026;17/07/2026;Gerp;1;Cabo Daciolo;1;2,24;2000;Telefônica;Brasil;Presidente;Primeiro turno
15/07/2026;17/07/2026;Gerp;1;Samara Martins;1;2,24;2000;Telefônica;Brasil;Presidente;Primeiro turno
15/07/2026;17/07/2026;Gerp;1;branco / nulo;5;2,24;2000;Telefônica;Brasil;Presidente;Primeiro turno
15/07/2026;17/07/2026;Gerp;1;não sabe / não respondeu;7;2,24;2000;Telefônica;Brasil;Presidente;Primeiro turno
15/07/2026;17/07/2026;Gerp;1;Joaquim Barbosa;1;2,24;2000;Telefônica;Brasil;Presidente;Primeiro turno
15/07/2026;17/07/2026;Gerp;2;Lula;44;2,24;2000;Telefônica;Brasil;Presidente;Lula vs Caiado
15/07/2026;17/07/2026;Gerp;2;Caiado;41;2,24;2000;Telefônica;Brasil;Presidente;Lula vs Caiado
15/07/2026;17/07/2026;Gerp;2;branco / nulo;13;2,24;2000;Telefônica;Brasil;Presidente;Lula vs Caiado
15/07/2026;17/07/2026;Gerp;2;não sabe / não respondeu;3;2,24;2000;Telefônica;Brasil;Presidente;Lula vs Caiado
15/07/2026;17/07/2026;Gerp;2;Lula;42;2,24;2000;Telefônica;Brasil;Presidente;Lula vs Flávio
15/07/2026;17/07/2026;Gerp;2;Flávio;45;2,24;2000;Telefônica;Brasil;Presidente;Lula vs Flávio
15/07/2026;17/07/2026;Gerp;2;branco / nulo;8;2,24;2000;Telefônica;Brasil;Presidente;Lula vs Flávio
15/07/2026;17/07/2026;Gerp;2;não sabe / não respondeu;5;2,24;2000;Telefônica;Brasil;Presidente;Lula vs Flávio
15/07/2026;17/07/2026;Gerp;2;Lula;45;2,24;2000;Telefônica;Brasil;Presidente;Lula vs Renan
15/07/2026;17/07/2026;Gerp;2;Renan;35;2,24;2000;Telefônica;Brasil;Presidente;Lula vs Renan
15/07/2026;17/07/2026;Gerp;2;branco / nulo;16;2,24;2000;Telefônica;Brasil;Presidente;Lula vs Renan
15/07/2026;17/07/2026;Gerp;2;não sabe / não respondeu;3;2,24;2000;Telefônica;Brasil;Presidente;Lula vs Renan
15/07/2026;17/07/2026;Gerp;2;Lula;44;2,24;2000;Telefônica;Brasil;Presidente;Lula vs Zema
15/07/2026;17/07/2026;Gerp;2;Zema;38;2,24;2000;Telefônica;Brasil;Presidente;Lula vs Zema
15/07/2026;17/07/2026;Gerp;2;branco / nulo;14;2,24;2000;Telefônica;Brasil;Presidente;Lula vs Zema
15/07/2026;17/07/2026;Gerp;2;não sabe / não respondeu;3;2,24;2000;Telefônica;Brasil;Presidente;Lula vs Zema
18/07/2026;20/07/2026;Realtime Bigdata;1;Lula;40;2;2000;Telefônica;Brasil;Presidente;Primeiro turno
18/07/2026;20/07/2026;Realtime Bigdata;1;Flávio;33;2;2000;Telefônica;Brasil;Presidente;Primeiro turno
18/07/2026;20/07/2026;Realtime Bigdata;1;Caiado;7;2;2000;Telefônica;Brasil;Presidente;Primeiro turno
18/07/2026;20/07/2026;Realtime Bigdata;1;Zema;2;2;2000;Telefônica;Brasil;Presidente;Primeiro turno
18/07/2026;20/07/2026;Realtime Bigdata;1;Renan;9;2;2000;Telefônica;Brasil;Presidente;Primeiro turno
18/07/2026;20/07/2026;Realtime Bigdata;1;Cabo Daciolo;0;2;2000;Telefônica;Brasil;Presidente;Primeiro turno
18/07/2026;20/07/2026;Realtime Bigdata;1;Cury;1;2;2000;Telefônica;Brasil;Presidente;Primeiro turno
18/07/2026;20/07/2026;Realtime Bigdata;1;Samara Martins;0;2;2000;Telefônica;Brasil;Presidente;Primeiro turno
18/07/2026;20/07/2026;Realtime Bigdata;1;branco / nulo;3;2;2000;Telefônica;Brasil;Presidente;Primeiro turno
18/07/2026;20/07/2026;Realtime Bigdata;1;não sabe / não respondeu;3;2;2000;Telefônica;Brasil;Presidente;Primeiro turno
18/07/2026;20/07/2026;Realtime Bigdata;1;Joaquim Barbosa;1;2;2000;Telefônica;Brasil;Presidente;Primeiro turno
18/07/2026;20/07/2026;Realtime Bigdata;2;Lula;43;2;2000;Telefônica;Brasil;Presidente;Lula vs Caiado
18/07/2026;20/07/2026;Realtime Bigdata;2;Caiado;44;2;2000;Telefônica;Brasil;Presidente;Lula vs Caiado
18/07/2026;20/07/2026;Realtime Bigdata;2;branco / nulo;8;2;2000;Telefônica;Brasil;Presidente;Lula vs Caiado
18/07/2026;20/07/2026;Realtime Bigdata;2;não sabe / não respondeu;5;2;2000;Telefônica;Brasil;Presidente;Lula vs Caiado
18/07/2026;20/07/2026;Realtime Bigdata;2;Lula;45;2;2000;Telefônica;Brasil;Presidente;Lula vs Flávio
18/07/2026;20/07/2026;Realtime Bigdata;2;Flávio;42;2;2000;Telefônica;Brasil;Presidente;Lula vs Flávio
18/07/2026;20/07/2026;Realtime Bigdata;2;branco / nulo;8;2;2000;Telefônica;Brasil;Presidente;Lula vs Flávio
18/07/2026;20/07/2026;Realtime Bigdata;2;não sabe / não respondeu;5;2;2000;Telefônica;Brasil;Presidente;Lula vs Flávio
18/07/2026;20/07/2026;Realtime Bigdata;2;Lula;44;2;2000;Telefônica;Brasil;Presidente;Lula vs Renan
18/07/2026;20/07/2026;Realtime Bigdata;2;Renan;35;2;2000;Telefônica;Brasil;Presidente;Lula vs Renan
18/07/2026;20/07/2026;Realtime Bigdata;2;branco / nulo;11;2;2000;Telefônica;Brasil;Presidente;Lula vs Renan
18/07/2026;20/07/2026;Realtime Bigdata;2;não sabe / não respondeu;10;2;2000;Telefônica;Brasil;Presidente;Lula vs Renan
18/07/2026;20/07/2026;Realtime Bigdata;2;Lula;44;2;2000;Telefônica;Brasil;Presidente;Lula vs Zema
18/07/2026;20/07/2026;Realtime Bigdata;2;Zema;38;2;2000;Telefônica;Brasil;Presidente;Lula vs Zema
18/07/2026;20/07/2026;Realtime Bigdata;2;branco / nulo;11;2;2000;Telefônica;Brasil;Presidente;Lula vs Zema
18/07/2026;20/07/2026;Realtime Bigdata;2;não sabe / não respondeu;7;2;2000;Telefônica;Brasil;Presidente;Lula vs Zema
22/07/2026;23/07/2026;Datafolha;1;Lula;40;2;2004;Presencial;Brasil;Presidente;Primeiro turno
22/07/2026;23/07/2026;Datafolha;1;Flávio;32;2;2004;Presencial;Brasil;Presidente;Primeiro turno
22/07/2026;23/07/2026;Datafolha;1;Caiado;4;2;2004;Presencial;Brasil;Presidente;Primeiro turno
22/07/2026;23/07/2026;Datafolha;1;Zema;3;2;2004;Presencial;Brasil;Presidente;Primeiro turno
22/07/2026;23/07/2026;Datafolha;1;Renan;3;2;2004;Presencial;Brasil;Presidente;Primeiro turno
22/07/2026;23/07/2026;Datafolha;1;Cabo Daciolo;1;2;2004;Presencial;Brasil;Presidente;Primeiro turno
22/07/2026;23/07/2026;Datafolha;1;Cury;2;2;2004;Presencial;Brasil;Presidente;Primeiro turno
22/07/2026;23/07/2026;Datafolha;1;Samara Martins;1;2;2004;Presencial;Brasil;Presidente;Primeiro turno
22/07/2026;23/07/2026;Datafolha;1;Outros;1;2;2004;Presencial;Brasil;Presidente;Primeiro turno
22/07/2026;23/07/2026;Datafolha;1;branco / nulo;8;2;2004;Presencial;Brasil;Presidente;Primeiro turno
22/07/2026;23/07/2026;Datafolha;1;não sabe / não respondeu;3;2;2004;Presencial;Brasil;Presidente;Primeiro turno
22/07/2026;23/07/2026;Datafolha;2;Lula;47;2;2004;Presencial;Brasil;Presidente;Lula vs Caiado
22/07/2026;23/07/2026;Datafolha;2;Caiado;40;2;2004;Presencial;Brasil;Presidente;Lula vs Caiado
22/07/2026;23/07/2026;Datafolha;2;branco / nulo;11;2;2004;Presencial;Brasil;Presidente;Lula vs Caiado
22/07/2026;23/07/2026;Datafolha;2;não sabe / não respondeu;2;2;2004;Presencial;Brasil;Presidente;Lula vs Caiado
22/07/2026;23/07/2026;Datafolha;2;Lula;48;2;2004;Presencial;Brasil;Presidente;Lula vs Flávio
22/07/2026;23/07/2026;Datafolha;2;Flávio;43;2;2004;Presencial;Brasil;Presidente;Lula vs Flávio
22/07/2026;23/07/2026;Datafolha;2;branco / nulo;9;2;2004;Presencial;Brasil;Presidente;Lula vs Flávio
22/07/2026;23/07/2026;Datafolha;2;não sabe / não respondeu;1;2;2004;Presencial;Brasil;Presidente;Lula vs Flávio
22/07/2026;23/07/2026;Datafolha;2;Lula;48;2;2004;Presencial;Brasil;Presidente;Lula vs Zema
22/07/2026;23/07/2026;Datafolha;2;Zema;40;2;2004;Presencial;Brasil;Presidente;Lula vs Zema
22/07/2026;23/07/2026;Datafolha;2;branco / nulo;10;2;2004;Presencial;Brasil;Presidente;Lula vs Zema
22/07/2026;23/07/2026;Datafolha;2;não sabe / não respondeu;2;2;2004;Presencial;Brasil;Presidente;Lula vs Zema
24/07/2026;26/07/2026;Nexus;1;Lula;42;2;2004;Telefônica;Brasil;Presidente;Primeiro turno
24/07/2026;26/07/2026;Nexus;1;Flávio;33;2;2004;Telefônica;Brasil;Presidente;Primeiro turno
24/07/2026;26/07/2026;Nexus;1;Caiado;6;2;2004;Telefônica;Brasil;Presidente;Primeiro turno
24/07/2026;26/07/2026;Nexus;1;Zema;3;2;2004;Telefônica;Brasil;Presidente;Primeiro turno
24/07/2026;26/07/2026;Nexus;1;Renan;5;2;2004;Telefônica;Brasil;Presidente;Primeiro turno
24/07/2026;26/07/2026;Nexus;1;Cabo Daciolo;1;2;2004;Telefônica;Brasil;Presidente;Primeiro turno
24/07/2026;26/07/2026;Nexus;1;Cury;2;2;2004;Telefônica;Brasil;Presidente;Primeiro turno
24/07/2026;26/07/2026;Nexus;1;branco / nulo;6;2;2004;Telefônica;Brasil;Presidente;Primeiro turno
24/07/2026;26/07/2026;Nexus;1;não sabe / não respondeu;2;2;2004;Telefônica;Brasil;Presidente;Primeiro turno
24/07/2026;26/07/2026;Nexus;2;Lula;45;2;2004;Telefônica;Brasil;Presidente;Lula vs Caiado
24/07/2026;26/07/2026;Nexus;2;Caiado;43;2;2004;Telefônica;Brasil;Presidente;Lula vs Caiado
24/07/2026;26/07/2026;Nexus;2;branco / nulo;10;2;2004;Telefônica;Brasil;Presidente;Lula vs Caiado
24/07/2026;26/07/2026;Nexus;2;não sabe / não respondeu;2;2;2004;Telefônica;Brasil;Presidente;Lula vs Caiado
24/07/2026;26/07/2026;Nexus;2;Lula;47;2;2004;Telefônica;Brasil;Presidente;Lula vs Flávio
24/07/2026;26/07/2026;Nexus;2;Flávio;43;2;2004;Telefônica;Brasil;Presidente;Lula vs Flávio
24/07/2026;26/07/2026;Nexus;2;branco / nulo;9;2;2004;Telefônica;Brasil;Presidente;Lula vs Flávio
24/07/2026;26/07/2026;Nexus;2;não sabe / não respondeu;1;2;2004;Telefônica;Brasil;Presidente;Lula vs Flávio
24/07/2026;26/07/2026;Nexus;2;Lula;47;2;2004;Telefônica;Brasil;Presidente;Lula vs Renan
24/07/2026;26/07/2026;Nexus;2;Renan;39;2;2004;Telefônica;Brasil;Presidente;Lula vs Renan
24/07/2026;26/07/2026;Nexus;2;branco / nulo;13;2;2004;Telefônica;Brasil;Presidente;Lula vs Renan
24/07/2026;26/07/2026;Nexus;2;não sabe / não respondeu;2;2;2004;Telefônica;Brasil;Presidente;Lula vs Renan
24/07/2026;26/07/2026;Nexus;2;Lula;46;2;2004;Telefônica;Brasil;Presidente;Lula vs Zema
24/07/2026;26/07/2026;Nexus;2;Zema;42;2;2004;Telefônica;Brasil;Presidente;Lula vs Zema
24/07/2026;26/07/2026;Nexus;2;branco / nulo;11;2;2004;Telefônica;Brasil;Presidente;Lula vs Zema
24/07/2026;26/07/2026;Nexus;2;não sabe / não respondeu;1;2;2004;Telefônica;Brasil;Presidente;Lula vs Zema
22/07/2026;27/07/2026;Atlas;1;Lula;44,9;1;5021;Online;Brasil;Presidente;Primeiro turno
22/07/2026;27/07/2026;Atlas;1;Flávio;35,8;1;5021;Online;Brasil;Presidente;Primeiro turno
22/07/2026;27/07/2026;Atlas;1;Caiado;3,1;1;5021;Online;Brasil;Presidente;Primeiro turno
22/07/2026;27/07/2026;Atlas;1;Zema;2,8;1;5021;Online;Brasil;Presidente;Primeiro turno
22/07/2026;27/07/2026;Atlas;1;Renan;7,8;1;5021;Online;Brasil;Presidente;Primeiro turno
22/07/2026;27/07/2026;Atlas;1;Cabo Daciolo;0;1;5021;Online;Brasil;Presidente;Primeiro turno
22/07/2026;27/07/2026;Atlas;1;Cury;1,6;1;5021;Online;Brasil;Presidente;Primeiro turno
22/07/2026;27/07/2026;Atlas;1;Samara Martins;2,1;1;5021;Online;Brasil;Presidente;Primeiro turno
22/07/2026;27/07/2026;Atlas;1;branco / nulo;0,6;1;5021;Online;Brasil;Presidente;Primeiro turno
22/07/2026;27/07/2026;Atlas;1;não sabe / não respondeu;1;1;5021;Online;Brasil;Presidente;Primeiro turno
22/07/2026;27/07/2026;Atlas;2;Lula;48,2;1;5021;Online;Brasil;Presidente;Lula vs Caiado
22/07/2026;27/07/2026;Atlas;2;Caiado;38,9;1;5021;Online;Brasil;Presidente;Lula vs Caiado
22/07/2026;27/07/2026;Atlas;2;branco / nulo;12,9;1;5021;Online;Brasil;Presidente;Lula vs Caiado
22/07/2026;27/07/2026;Atlas;2;Lula;49,2;1;5021;Online;Brasil;Presidente;Lula vs Flávio
22/07/2026;27/07/2026;Atlas;2;Flávio;42,9;1;5021;Online;Brasil;Presidente;Lula vs Flávio
22/07/2026;27/07/2026;Atlas;2;branco / nulo;7,9;1;5021;Online;Brasil;Presidente;Lula vs Flávio
22/07/2026;27/07/2026;Atlas;2;não sabe / não respondeu;0;1;5021;Online;Brasil;Presidente;Lula vs Flávio
22/07/2026;27/07/2026;Atlas;2;Lula;48,8;1;5021;Online;Brasil;Presidente;Lula vs Michele Bolsonaro
22/07/2026;27/07/2026;Atlas;2;Michele Bolsonaro;42,5;1;5021;Online;Brasil;Presidente;Lula vs Michele Bolsonaro
22/07/2026;27/07/2026;Atlas;2;branco / nulo;8,8;1;5021;Online;Brasil;Presidente;Lula vs Michele Bolsonaro
22/07/2026;27/07/2026;Atlas;2;Lula;47,6;1;5021;Online;Brasil;Presidente;Lula vs Renan
22/07/2026;27/07/2026;Atlas;2;Renan;30,2;1;5021;Online;Brasil;Presidente;Lula vs Renan
22/07/2026;27/07/2026;Atlas;2;branco / nulo;22,2;1;5021;Online;Brasil;Presidente;Lula vs Renan
22/07/2026;27/07/2026;Atlas;2;Lula;48,6;1;5021;Online;Brasil;Presidente;Lula vs Zema
22/07/2026;27/07/2026;Atlas;2;Zema;39,6;1;5021;Online;Brasil;Presidente;Lula vs Zema
22/07/2026;27/07/2026;Atlas;2;branco / nulo;11,8;1;5021;Online;Brasil;Presidente;Lula vs Zema
23/07/2026;28/07/2026;Alfa;1;Lula;43;1,8;2700;Presencial;Brasil;Presidente;Primeiro turno
23/07/2026;28/07/2026;Alfa;1;Flávio;29;1,8;2700;Presencial;Brasil;Presidente;Primeiro turno
23/07/2026;28/07/2026;Alfa;1;Caiado;7;1,8;2700;Presencial;Brasil;Presidente;Primeiro turno
23/07/2026;28/07/2026;Alfa;1;Zema;6;1,8;2700;Presencial;Brasil;Presidente;Primeiro turno
23/07/2026;28/07/2026;Alfa;1;Renan;3;1,8;2700;Presencial;Brasil;Presidente;Primeiro turno
23/07/2026;28/07/2026;Alfa;1;Cabo Daciolo;0;1,8;2700;Presencial;Brasil;Presidente;Primeiro turno
23/07/2026;28/07/2026;Alfa;1;Cury;1;1,8;2700;Presencial;Brasil;Presidente;Primeiro turno
23/07/2026;28/07/2026;Alfa;1;branco / nulo;8;1,8;2700;Presencial;Brasil;Presidente;Primeiro turno
23/07/2026;28/07/2026;Alfa;1;não sabe / não respondeu;2;1,8;2700;Presencial;Brasil;Presidente;Primeiro turno
23/07/2026;28/07/2026;Alfa;2;Lula;45;1,8;2700;Presencial;Brasil;Presidente;Lula vs Caiado
23/07/2026;28/07/2026;Alfa;2;Caiado;40;1,8;2700;Presencial;Brasil;Presidente;Lula vs Caiado
23/07/2026;28/07/2026;Alfa;2;Lula;48;1,8;2700;Presencial;Brasil;Presidente;Lula vs Flávio
23/07/2026;28/07/2026;Alfa;2;Flávio;41;1,8;2700;Presencial;Brasil;Presidente;Lula vs Flávio
23/07/2026;28/07/2026;Alfa;2;branco / nulo;8;1,8;2700;Presencial;Brasil;Presidente;Lula vs Flávio
23/07/2026;28/07/2026;Alfa;2;não sabe / não respondeu;3;1,8;2700;Presencial;Brasil;Presidente;Lula vs Flávio
23/07/2026;28/07/2026;Alfa;2;Lula;46;1,8;2700;Presencial;Brasil;Presidente;Lula vs Renan
23/07/2026;28/07/2026;Alfa;2;Renan;32;1,8;2700;Presencial;Brasil;Presidente;Lula vs Renan
23/07/2026;28/07/2026;Alfa;2;branco / nulo;19;1,8;2700;Presencial;Brasil;Presidente;Lula vs Renan
23/07/2026;28/07/2026;Alfa;2;não sabe / não respondeu;3;1,8;2700;Presencial;Brasil;Presidente;Lula vs Renan
23/07/2026;28/07/2026;Alfa;2;Lula;46;1,8;2700;Presencial;Brasil;Presidente;Lula vs Zema
23/07/2026;28/07/2026;Alfa;2;Zema;37;1,8;2700;Presencial;Brasil;Presidente;Lula vs Zema
26/07/2026;28/07/2026;Vox Brasil;1;Lula;40,5;2,2;2100;Presencial;Brasil;Presidente;Primeiro turno
26/07/2026;28/07/2026;Vox Brasil;1;Flávio;31,2;2,2;2100;Presencial;Brasil;Presidente;Primeiro turno
26/07/2026;28/07/2026;Vox Brasil;1;Caiado;5,5;2,2;2100;Presencial;Brasil;Presidente;Primeiro turno
26/07/2026;28/07/2026;Vox Brasil;1;Zema;3,2;2,2;2100;Presencial;Brasil;Presidente;Primeiro turno
26/07/2026;28/07/2026;Vox Brasil;1;Renan;3;2,2;2100;Presencial;Brasil;Presidente;Primeiro turno
26/07/2026;28/07/2026;Vox Brasil;1;Cabo Daciolo;0,9;2,2;2100;Presencial;Brasil;Presidente;Primeiro turno
26/07/2026;28/07/2026;Vox Brasil;1;Cury;1,1;2,2;2100;Presencial;Brasil;Presidente;Primeiro turno
26/07/2026;28/07/2026;Vox Brasil;1;Samara Martins;0,2;2,2;2100;Presencial;Brasil;Presidente;Primeiro turno
26/07/2026;28/07/2026;Vox Brasil;1;Outros;2,5;2,2;2100;Presencial;Brasil;Presidente;Primeiro turno
26/07/2026;28/07/2026;Vox Brasil;1;branco / nulo;11,9;2,2;2100;Presencial;Brasil;Presidente;Primeiro turno
26/07/2026;28/07/2026;Vox Brasil;2;Lula;47,5;2,2;2100;Presencial;Brasil;Presidente;Lula vs Flávio
26/07/2026;28/07/2026;Vox Brasil;2;Flávio;41,1;2,2;2100;Presencial;Brasil;Presidente;Lula vs Flávio
26/07/2026;28/07/2026;Vox Brasil;2;branco / nulo;9;2,2;2100;Presencial;Brasil;Presidente;Lula vs Flávio
26/07/2026;28/07/2026;Vox Brasil;2;não sabe / não respondeu;3;2,2;2100;Presencial;Brasil;Presidente;Lula vs Flávio
27/07/2026;29/07/2026;PoderData;1;Lula;41;2;2400;Telefônica;Brasil;Presidente;Primeiro turno
27/07/2026;29/07/2026;PoderData;1;Flávio;35;2;2400;Telefônica;Brasil;Presidente;Primeiro turno
27/07/2026;29/07/2026;PoderData;1;Caiado;5;2;2400;Telefônica;Brasil;Presidente;Primeiro turno
27/07/2026;29/07/2026;PoderData;1;Zema;3;2;2400;Telefônica;Brasil;Presidente;Primeiro turno
27/07/2026;29/07/2026;PoderData;1;Renan;4;2;2400;Telefônica;Brasil;Presidente;Primeiro turno
27/07/2026;29/07/2026;PoderData;1;Cury;3;2;2400;Telefônica;Brasil;Presidente;Primeiro turno
27/07/2026;29/07/2026;PoderData;1;branco / nulo;9;2;2400;Telefônica;Brasil;Presidente;Primeiro turno
27/07/2026;29/07/2026;PoderData;2;Lula;46;2;2400;Telefônica;Brasil;Presidente;Lula vs Flávio
27/07/2026;29/07/2026;PoderData;2;Flávio;43;2;2400;Telefônica;Brasil;Presidente;Lula vs Flávio
27/07/2026;29/07/2026;PoderData;2;branco / nulo;7;2;2400;Telefônica;Brasil;Presidente;Lula vs Flávio
27/07/2026;29/07/2026;PoderData;2;não sabe / não respondeu;4;2;2400;Telefônica;Brasil;Presidente;Lula vs Flávio
31/07/2026;02/08/2026;Nexus;1;Lula;41;2;2002;Telefônica;Brasil;Presidente;Primeiro turno
31/07/2026;02/08/2026;Nexus;1;Flávio;37;2;2002;Telefônica;Brasil;Presidente;Primeiro turno
31/07/2026;02/08/2026;Nexus;1;Caiado;5;2;2002;Telefônica;Brasil;Presidente;Primeiro turno
31/07/2026;02/08/2026;Nexus;1;Zema;3;2;2002;Telefônica;Brasil;Presidente;Primeiro turno
31/07/2026;02/08/2026;Nexus;1;Renan;4;2;2002;Telefônica;Brasil;Presidente;Primeiro turno
31/07/2026;02/08/2026;Nexus;1;Cabo Daciolo;1;2;2002;Telefônica;Brasil;Presidente;Primeiro turno
31/07/2026;02/08/2026;Nexus;1;Cury;1;2;2002;Telefônica;Brasil;Presidente;Primeiro turno
31/07/2026;02/08/2026;Nexus;1;Samara Martins;1;2;2002;Telefônica;Brasil;Presidente;Primeiro turno
31/07/2026;02/08/2026;Nexus;1;branco / nulo;4;2;2002;Telefônica;Brasil;Presidente;Primeiro turno
31/07/2026;02/08/2026;Nexus;1;não sabe / não respondeu;3;2;2002;Telefônica;Brasil;Presidente;Primeiro turno
31/07/2026;02/08/2026;Nexus;2;Lula;46;2;2002;Telefônica;Brasil;Presidente;Lula vs Caiado
31/07/2026;02/08/2026;Nexus;2;Caiado;42;2;2002;Telefônica;Brasil;Presidente;Lula vs Caiado
31/07/2026;02/08/2026;Nexus;2;branco / nulo;10;2;2002;Telefônica;Brasil;Presidente;Lula vs Caiado
31/07/2026;02/08/2026;Nexus;2;não sabe / não respondeu;3;2;2002;Telefônica;Brasil;Presidente;Lula vs Caiado
31/07/2026;02/08/2026;Nexus;2;Lula;46;2;2002;Telefônica;Brasil;Presidente;Lula vs Flávio
31/07/2026;02/08/2026;Nexus;2;Flávio;45;2;2002;Telefônica;Brasil;Presidente;Lula vs Flávio
31/07/2026;02/08/2026;Nexus;2;branco / nulo;8;2;2002;Telefônica;Brasil;Presidente;Lula vs Flávio
31/07/2026;02/08/2026;Nexus;2;não sabe / não respondeu;2;2;2002;Telefônica;Brasil;Presidente;Lula vs Flávio
31/07/2026;02/08/2026;Nexus;2;Lula;47;2;2002;Telefônica;Brasil;Presidente;Lula vs Renan
31/07/2026;02/08/2026;Nexus;2;Renan;37;2;2002;Telefônica;Brasil;Presidente;Lula vs Renan
31/07/2026;02/08/2026;Nexus;2;branco / nulo;13;2;2002;Telefônica;Brasil;Presidente;Lula vs Renan
31/07/2026;02/08/2026;Nexus;2;não sabe / não respondeu;3;2;2002;Telefônica;Brasil;Presidente;Lula vs Renan
31/07/2026;02/08/2026;Nexus;2;Lula;46;2;2002;Telefônica;Brasil;Presidente;Lula vs Zema
31/07/2026;02/08/2026;Nexus;2;Zema;40;2;2002;Telefônica;Brasil;Presidente;Lula vs Zema
31/07/2026;02/08/2026;Nexus;2;branco / nulo;10;2;2002;Telefônica;Brasil;Presidente;Lula vs Zema
31/07/2026;02/08/2026;Nexus;2;não sabe / não respondeu;3;2;2002;Telefônica;Brasil;Presidente;Lula vs Zema
31/07/2026;03/08/2026;Ideia;1;Lula;43;2,5;1500;Telefônica;Brasil;Presidente;Primeiro turno
31/07/2026;03/08/2026;Ideia;1;Flávio;35;2,5;1500;Telefônica;Brasil;Presidente;Primeiro turno
31/07/2026;03/08/2026;Ideia;1;Caiado;5,7;2,5;1500;Telefônica;Brasil;Presidente;Primeiro turno
31/07/2026;03/08/2026;Ideia;1;Zema;2,6;2,5;1500;Telefônica;Brasil;Presidente;Primeiro turno
31/07/2026;03/08/2026;Ideia;1;Renan;4,7;2,5;1500;Telefônica;Brasil;Presidente;Primeiro turno
31/07/2026;03/08/2026;Ideia;1;Cabo Daciolo;0,6;2,5;1500;Telefônica;Brasil;Presidente;Primeiro turno
31/07/2026;03/08/2026;Ideia;1;Cury;1,7;2,5;1500;Telefônica;Brasil;Presidente;Primeiro turno
31/07/2026;03/08/2026;Ideia;1;branco / nulo;2;2,5;1500;Telefônica;Brasil;Presidente;Primeiro turno
31/07/2026;03/08/2026;Ideia;1;não sabe / não respondeu;4;2,5;1500;Telefônica;Brasil;Presidente;Primeiro turno
31/07/2026;03/08/2026;Ideia;2;Lula;48,5;2,5;1500;Telefônica;Brasil;Presidente;Lula vs Caiado
31/07/2026;03/08/2026;Ideia;2;Caiado;40;2,5;1500;Telefônica;Brasil;Presidente;Lula vs Caiado
31/07/2026;03/08/2026;Ideia;2;branco / nulo;7;2,5;1500;Telefônica;Brasil;Presidente;Lula vs Caiado
31/07/2026;03/08/2026;Ideia;2;não sabe / não respondeu;4,5;2,5;1500;Telefônica;Brasil;Presidente;Lula vs Caiado
31/07/2026;03/08/2026;Ideia;2;Lula;48,5;2,5;1500;Telefônica;Brasil;Presidente;Lula vs Flávio
31/07/2026;03/08/2026;Ideia;2;Flávio;43;2,5;1500;Telefônica;Brasil;Presidente;Lula vs Flávio
31/07/2026;03/08/2026;Ideia;2;branco / nulo;4;2,5;1500;Telefônica;Brasil;Presidente;Lula vs Flávio
31/07/2026;03/08/2026;Ideia;2;não sabe / não respondeu;4,5;2,5;1500;Telefônica;Brasil;Presidente;Lula vs Flávio
31/07/2026;03/08/2026;Ideia;2;Lula;48;2,5;1500;Telefônica;Brasil;Presidente;Lula vs Renan
31/07/2026;03/08/2026;Ideia;2;Renan;34,7;2,5;1500;Telefônica;Brasil;Presidente;Lula vs Renan
31/07/2026;03/08/2026;Ideia;2;branco / nulo;10,3;2,5;1500;Telefônica;Brasil;Presidente;Lula vs Renan
31/07/2026;03/08/2026;Ideia;2;não sabe / não respondeu;6,9;2,5;1500;Telefônica;Brasil;Presidente;Lula vs Renan
31/07/2026;03/08/2026;Ideia;2;Lula;48,5;2,5;1500;Telefônica;Brasil;Presidente;Lula vs Zema
31/07/2026;03/08/2026;Ideia;2;Zema;37;2,5;1500;Telefônica;Brasil;Presidente;Lula vs Zema
31/07/2026;03/08/2026;Ideia;2;branco / nulo;8,5;2,5;1500;Telefônica;Brasil;Presidente;Lula vs Zema
31/07/2026;03/08/2026;Ideia;2;não sabe / não respondeu;6;2,5;1500;Telefônica;Brasil;Presidente;Lula vs Zema
31/07/2026;03/08/2026;Quaest;2;Lula;44;2;2004;Presencial;Brasil;Presidente;Lula vs Flávio
31/07/2026;03/08/2026;Quaest;2;Flávio;39;2;2004;Presencial;Brasil;Presidente;Lula vs Flávio
31/07/2026;03/08/2026;Quaest;2;branco / nulo;13;2;2004;Presencial;Brasil;Presidente;Lula vs Flávio
31/07/2026;03/08/2026;Quaest;2;não sabe / não respondeu;4;2;2004;Presencial;Brasil;Presidente;Lula vs Flávio
03/08/2026;07/08/2026;Palver;1;Lula;44;3;5000;Online;Brasil;Presidente;Primeiro turno
03/08/2026;07/08/2026;Palver;1;Flávio;40;3;5000;Online;Brasil;Presidente;Primeiro turno
03/08/2026;07/08/2026;Palver;1;Caiado;2;3;5000;Online;Brasil;Presidente;Primeiro turno
03/08/2026;07/08/2026;Palver;1;Zema;1;3;5000;Online;Brasil;Presidente;Primeiro turno
03/08/2026;07/08/2026;Palver;1;Renan;10;3;5000;Online;Brasil;Presidente;Primeiro turno
03/08/2026;07/08/2026;Palver;1;Samara Martins;1;3;5000;Online;Brasil;Presidente;Primeiro turno
03/08/2026;07/08/2026;Palver;2;Lula;45;3;5000;Online;Brasil;Presidente;Lula vs Caiado
03/08/2026;07/08/2026;Palver;2;Caiado;38;3;5000;Online;Brasil;Presidente;Lula vs Caiado
03/08/2026;07/08/2026;Palver;2;branco / nulo;17;3;5000;Online;Brasil;Presidente;Lula vs Caiado
03/08/2026;07/08/2026;Palver;2;Lula;46;3;5000;Online;Brasil;Presidente;Lula vs Flávio
03/08/2026;07/08/2026;Palver;2;Flávio;46;3;5000;Online;Brasil;Presidente;Lula vs Flávio
03/08/2026;07/08/2026;Palver;2;branco / nulo;8;3;5000;Online;Brasil;Presidente;Lula vs Flávio
03/08/2026;07/08/2026;Palver;2;não sabe / não respondeu;0;3;5000;Online;Brasil;Presidente;Lula vs Flávio
03/08/2026;07/08/2026;Palver;2;Lula;46;3;5000;Online;Brasil;Presidente;Lula vs Renan
03/08/2026;07/08/2026;Palver;2;Renan;31;3;5000;Online;Brasil;Presidente;Lula vs Renan
03/08/2026;07/08/2026;Palver;2;branco / nulo;23;3;5000;Online;Brasil;Presidente;Lula vs Renan
03/08/2026;07/08/2026;Palver;2;Lula;46;3;5000;Online;Brasil;Presidente;Lula vs Zema
03/08/2026;07/08/2026;Palver;2;Zema;39;3;5000;Online;Brasil;Presidente;Lula vs Zema
03/08/2026;07/08/2026;Palver;2;branco / nulo;15;3;5000;Online;Brasil;Presidente;Lula vs Zema
06/08/2026;08/08/2026;Gerp;1;Lula;38;2;2400;Telefônica;Brasil;Presidente;Primeiro turno
06/08/2026;08/08/2026;Gerp;1;Flávio;38;2;2400;Telefônica;Brasil;Presidente;Primeiro turno
06/08/2026;08/08/2026;Gerp;1;Caiado;4;2;2400;Telefônica;Brasil;Presidente;Primeiro turno
06/08/2026;08/08/2026;Gerp;1;Zema;2;2;2400;Telefônica;Brasil;Presidente;Primeiro turno
06/08/2026;08/08/2026;Gerp;1;Renan;5;2;2400;Telefônica;Brasil;Presidente;Primeiro turno
06/08/2026;08/08/2026;Gerp;1;Cabo Daciolo;1;2;2400;Telefônica;Brasil;Presidente;Primeiro turno
06/08/2026;08/08/2026;Gerp;1;Cury;1;2;2400;Telefônica;Brasil;Presidente;Primeiro turno
06/08/2026;08/08/2026;Gerp;1;branco / nulo;4;2;2400;Telefônica;Brasil;Presidente;Primeiro turno
06/08/2026;08/08/2026;Gerp;1;não sabe / não respondeu;7;2;2400;Telefônica;Brasil;Presidente;Primeiro turno
06/08/2026;08/08/2026;Gerp;1;Renan;5;2;2400;Telefônica;Brasil;Presidente;Primeiro turno
06/08/2026;08/08/2026;Gerp;1;Cabo Daciolo;1;2;2400;Telefônica;Brasil;Presidente;Primeiro turno
06/08/2026;08/08/2026;Gerp;1;Cury;1;2;2400;Telefônica;Brasil;Presidente;Primeiro turno
06/08/2026;08/08/2026;Gerp;1;branco / nulo;4;2;2400;Telefônica;Brasil;Presidente;Primeiro turno
06/08/2026;08/08/2026;Gerp;1;não sabe / não respondeu;7;2;2400;Telefônica;Brasil;Presidente;Primeiro turno
06/08/2026;08/08/2026;Gerp;2;Lula;43;2;2400;Telefônica;Brasil;Presidente;Lula vs Flávio
06/08/2026;08/08/2026;Gerp;2;Flávio;45;2;2400;Telefônica;Brasil;Presidente;Lula vs Flávio
06/08/2026;08/08/2026;Gerp;2;branco / nulo;10;2;2400;Telefônica;Brasil;Presidente;Lula vs Flávio
06/08/2026;08/08/2026;Gerp;2;não sabe / não respondeu;2;2;2400;Telefônica;Brasil;Presidente;Lula vs Flávio
06/08/2026;08/08/2026;Gerp;2;Lula;43;2;2400;Telefônica;Brasil;Presidente;Lula vs Flávio
06/08/2026;08/08/2026;Gerp;2;Flávio;45;2;2400;Telefônica;Brasil;Presidente;Lula vs Flávio
06/08/2026;08/08/2026;Gerp;2;branco / nulo;10;2;2400;Telefônica;Brasil;Presidente;Lula vs Flávio
06/08/2026;08/08/2026;Gerp;2;não sabe / não respondeu;2;2;2400;Telefônica;Brasil;Presidente;Lula vs Flávio
05/08/2026;09/08/2026;MDA;1;Lula;42,4;2,2;2002;Presencial;Brasil;Presidente;Primeiro turno
05/08/2026;09/08/2026;MDA;1;Flávio;28,7;2,2;2002;Presencial;Brasil;Presidente;Primeiro turno
05/08/2026;09/08/2026;MDA;1;Caiado;4;2,2;2002;Presencial;Brasil;Presidente;Primeiro turno
05/08/2026;09/08/2026;MDA;1;Zema;3,3;2,2;2002;Presencial;Brasil;Presidente;Primeiro turno
05/08/2026;09/08/2026;MDA;1;Renan;2,8;2,2;2002;Presencial;Brasil;Presidente;Primeiro turno
05/08/2026;09/08/2026;MDA;1;Cury;1,2;2,2;2002;Presencial;Brasil;Presidente;Primeiro turno
05/08/2026;09/08/2026;MDA;1;Samara Martins;1,6;2,2;2002;Presencial;Brasil;Presidente;Primeiro turno
05/08/2026;09/08/2026;MDA;1;Outros;0,9;2,2;2002;Presencial;Brasil;Presidente;Primeiro turno
05/08/2026;09/08/2026;MDA;1;branco / nulo;6,8;2,2;2002;Presencial;Brasil;Presidente;Primeiro turno
05/08/2026;09/08/2026;MDA;1;não sabe / não respondeu;7,2;2,2;2002;Presencial;Brasil;Presidente;Primeiro turno
05/08/2026;09/08/2026;MDA;2;Lula;47,9;2,2;2002;Presencial;Brasil;Presidente;Lula vs Caiado
05/08/2026;09/08/2026;MDA;2;Caiado;35,9;2,2;2002;Presencial;Brasil;Presidente;Lula vs Caiado
05/08/2026;09/08/2026;MDA;2;branco / nulo;11,7;2,2;2002;Presencial;Brasil;Presidente;Lula vs Caiado
05/08/2026;09/08/2026;MDA;2;não sabe / não respondeu;4,5;2,2;2002;Presencial;Brasil;Presidente;Lula vs Caiado
05/08/2026;09/08/2026;MDA;2;Lula;48;2,2;2002;Presencial;Brasil;Presidente;Lula vs Flávio
05/08/2026;09/08/2026;MDA;2;Flávio;39,1;2,2;2002;Presencial;Brasil;Presidente;Lula vs Flávio
05/08/2026;09/08/2026;MDA;2;branco / nulo;10,6;2,2;2002;Presencial;Brasil;Presidente;Lula vs Flávio
05/08/2026;09/08/2026;MDA;2;não sabe / não respondeu;2,3;2,2;2002;Presencial;Brasil;Presidente;Lula vs Flávio
05/08/2026;09/08/2026;MDA;2;Lula;48,5;2,2;2002;Presencial;Brasil;Presidente;Lula vs Renan
05/08/2026;09/08/2026;MDA;2;Renan;33;2,2;2002;Presencial;Brasil;Presidente;Lula vs Renan
05/08/2026;09/08/2026;MDA;2;branco / nulo;13,6;2,2;2002;Presencial;Brasil;Presidente;Lula vs Renan
05/08/2026;09/08/2026;MDA;2;não sabe / não respondeu;4,9;2,2;2002;Presencial;Brasil;Presidente;Lula vs Renan
05/08/2026;09/08/2026;MDA;2;Lula;49,1;2,2;2002;Presencial;Brasil;Presidente;Lula vs Zema
05/08/2026;09/08/2026;MDA;2;Zema;34,9;2,2;2002;Presencial;Brasil;Presidente;Lula vs Zema
05/08/2026;09/08/2026;MDA;2;branco / nulo;11,8;2,2;2002;Presencial;Brasil;Presidente;Lula vs Zema
05/08/2026;09/08/2026;MDA;2;não sabe / não respondeu;4,2;2,2;2002;Presencial;Brasil;Presidente;Lula vs Zema
07/08/2026;09/08/2026;Nexus;1;Lula;40;2;2001;Telefônica;Brasil;Presidente;Primeiro turno
07/08/2026;09/08/2026;Nexus;1;Flávio;35;2;2001;Telefônica;Brasil;Presidente;Primeiro turno
07/08/2026;09/08/2026;Nexus;1;Caiado;5;2;2001;Telefônica;Brasil;Presidente;Primeiro turno
07/08/2026;09/08/2026;Nexus;1;Zema;3;2;2001;Telefônica;Brasil;Presidente;Primeiro turno
07/08/2026;09/08/2026;Nexus;1;Renan;4;2;2001;Telefônica;Brasil;Presidente;Primeiro turno
07/08/2026;09/08/2026;Nexus;1;Cabo Daciolo;1;2;2001;Telefônica;Brasil;Presidente;Primeiro turno
07/08/2026;09/08/2026;Nexus;1;Cury;1;2;2001;Telefônica;Brasil;Presidente;Primeiro turno
07/08/2026;09/08/2026;Nexus;1;Samara Martins;2;2;2001;Telefônica;Brasil;Presidente;Primeiro turno
07/08/2026;09/08/2026;Nexus;1;branco / nulo;5;2;2001;Telefônica;Brasil;Presidente;Primeiro turno
07/08/2026;09/08/2026;Nexus;1;não sabe / não respondeu;3;2;2001;Telefônica;Brasil;Presidente;Primeiro turno
07/08/2026;09/08/2026;Nexus;2;Lula;46;2;2001;Telefônica;Brasil;Presidente;Lula vs Caiado
07/08/2026;09/08/2026;Nexus;2;Caiado;42;2;2001;Telefônica;Brasil;Presidente;Lula vs Caiado
07/08/2026;09/08/2026;Nexus;2;branco / nulo;9;2;2001;Telefônica;Brasil;Presidente;Lula vs Caiado
07/08/2026;09/08/2026;Nexus;2;não sabe / não respondeu;2;2;2001;Telefônica;Brasil;Presidente;Lula vs Caiado
07/08/2026;09/08/2026;Nexus;2;Lula;47;2;2001;Telefônica;Brasil;Presidente;Lula vs Flávio
07/08/2026;09/08/2026;Nexus;2;Flávio;44;2;2001;Telefônica;Brasil;Presidente;Lula vs Flávio
07/08/2026;09/08/2026;Nexus;2;branco / nulo;8;2;2001;Telefônica;Brasil;Presidente;Lula vs Flávio
07/08/2026;09/08/2026;Nexus;2;não sabe / não respondeu;1;2;2001;Telefônica;Brasil;Presidente;Lula vs Flávio
07/08/2026;09/08/2026;Nexus;2;Lula;46;2;2001;Telefônica;Brasil;Presidente;Lula vs Renan
07/08/2026;09/08/2026;Nexus;2;Renan;37;2;2001;Telefônica;Brasil;Presidente;Lula vs Renan
07/08/2026;09/08/2026;Nexus;2;branco / nulo;14;2;2001;Telefônica;Brasil;Presidente;Lula vs Renan
07/08/2026;09/08/2026;Nexus;2;não sabe / não respondeu;3;2;2001;Telefônica;Brasil;Presidente;Lula vs Renan
07/08/2026;09/08/2026;Nexus;2;Lula;47;2;2001;Telefônica;Brasil;Presidente;Lula vs Zema
07/08/2026;09/08/2026;Nexus;2;Zema;40;2;2001;Telefônica;Brasil;Presidente;Lula vs Zema
07/08/2026;09/08/2026;Nexus;2;branco / nulo;11;2;2001;Telefônica;Brasil;Presidente;Lula vs Zema
07/08/2026;09/08/2026;Nexus;2;não sabe / não respondeu;2;2;2001;Telefônica;Brasil;Presidente;Lula vs Zema
10/08/2026;13/08/2026;Quaest;1;Lula;39;2;2004;Presencial;Brasil;Presidente;Primeiro turno
10/08/2026;13/08/2026;Quaest;1;Flávio;30;2;2004;Presencial;Brasil;Presidente;Primeiro turno
10/08/2026;13/08/2026;Quaest;1;Caiado;4;2;2004;Presencial;Brasil;Presidente;Primeiro turno
10/08/2026;13/08/2026;Quaest;1;Zema;2;2;2004;Presencial;Brasil;Presidente;Primeiro turno
10/08/2026;13/08/2026;Quaest;1;Renan;4;2;2004;Presencial;Brasil;Presidente;Primeiro turno
10/08/2026;13/08/2026;Quaest;1;Cabo Daciolo;1;2;2004;Presencial;Brasil;Presidente;Primeiro turno
10/08/2026;13/08/2026;Quaest;1;Cury;1;2;2004;Presencial;Brasil;Presidente;Primeiro turno
10/08/2026;13/08/2026;Quaest;1;Samara Martins;1;2;2004;Presencial;Brasil;Presidente;Primeiro turno
10/08/2026;13/08/2026;Quaest;1;branco / nulo;8;2;2004;Presencial;Brasil;Presidente;Primeiro turno
10/08/2026;13/08/2026;Quaest;1;não sabe / não respondeu;10;2;2004;Presencial;Brasil;Presidente;Primeiro turno
10/08/2026;13/08/2026;Quaest;2;Lula;45;2;2004;Presencial;Brasil;Presidente;Lula vs Caiado
10/08/2026;13/08/2026;Quaest;2;Caiado;37;2;2004;Presencial;Brasil;Presidente;Lula vs Caiado
10/08/2026;13/08/2026;Quaest;2;branco / nulo;14;2;2004;Presencial;Brasil;Presidente;Lula vs Caiado
10/08/2026;13/08/2026;Quaest;2;não sabe / não respondeu;4;2;2004;Presencial;Brasil;Presidente;Lula vs Caiado
10/08/2026;13/08/2026;Quaest;2;Lula;44;2;2004;Presencial;Brasil;Presidente;Lula vs Flávio
10/08/2026;13/08/2026;Quaest;2;Flávio;39;2;2004;Presencial;Brasil;Presidente;Lula vs Flávio
10/08/2026;13/08/2026;Quaest;2;branco / nulo;13;2;2004;Presencial;Brasil;Presidente;Lula vs Flávio
10/08/2026;13/08/2026;Quaest;2;não sabe / não respondeu;4;2;2004;Presencial;Brasil;Presidente;Lula vs Flávio
10/08/2026;13/08/2026;Quaest;2;Lula;45;2;2004;Presencial;Brasil;Presidente;Lula vs Renan
10/08/2026;13/08/2026;Quaest;2;Renan;35;2;2004;Presencial;Brasil;Presidente;Lula vs Renan
10/08/2026;13/08/2026;Quaest;2;branco / nulo;16;2;2004;Presencial;Brasil;Presidente;Lula vs Renan
10/08/2026;13/08/2026;Quaest;2;não sabe / não respondeu;4;2;2004;Presencial;Brasil;Presidente;Lula vs Renan
10/08/2026;13/08/2026;Quaest;2;Lula;46;2;2004;Presencial;Brasil;Presidente;Lula vs Zema
10/08/2026;13/08/2026;Quaest;2;Zema;34;2;2004;Presencial;Brasil;Presidente;Lula vs Zema
10/08/2026;13/08/2026;Quaest;2;branco / nulo;16;2;2004;Presencial;Brasil;Presidente;Lula vs Zema
10/08/2026;13/08/2026;Quaest;2;não sabe / não respondeu;4;2;2004;Presencial;Brasil;Presidente;Lula vs Zema
14/08/2026;16/08/2026;Nexus;1;Lula;41;2;2003;Telefônica;Brasil;Presidente;Primeiro turno
14/08/2026;16/08/2026;Nexus;1;Flávio;36;2;2003;Telefônica;Brasil;Presidente;Primeiro turno
14/08/2026;16/08/2026;Nexus;1;Caiado;5;2;2003;Telefônica;Brasil;Presidente;Primeiro turno
14/08/2026;16/08/2026;Nexus;1;Zema;4;2;2003;Telefônica;Brasil;Presidente;Primeiro turno
14/08/2026;16/08/2026;Nexus;1;Renan;4;2;2003;Telefônica;Brasil;Presidente;Primeiro turno
14/08/2026;16/08/2026;Nexus;1;Cury;1;2;2003;Telefônica;Brasil;Presidente;Primeiro turno
14/08/2026;16/08/2026;Nexus;1;Samara Martins;1;2;2003;Telefônica;Brasil;Presidente;Primeiro turno
14/08/2026;16/08/2026;Nexus;1;branco / nulo;5;2;2003;Telefônica;Brasil;Presidente;Primeiro turno
14/08/2026;16/08/2026;Nexus;1;não sabe / não respondeu;2;2;2003;Telefônica;Brasil;Presidente;Primeiro turno
14/08/2026;16/08/2026;Nexus;2;Lula;45;2;2003;Telefônica;Brasil;Presidente;Lula vs Caiado
14/08/2026;16/08/2026;Nexus;2;Caiado;42;2;2003;Telefônica;Brasil;Presidente;Lula vs Caiado
14/08/2026;16/08/2026;Nexus;2;branco / nulo;11;2;2003;Telefônica;Brasil;Presidente;Lula vs Caiado
14/08/2026;16/08/2026;Nexus;2;não sabe / não respondeu;2;2;2003;Telefônica;Brasil;Presidente;Lula vs Caiado
14/08/2026;16/08/2026;Nexus;2;Lula;47;2;2003;Telefônica;Brasil;Presidente;Lula vs Flávio
14/08/2026;16/08/2026;Nexus;2;Flávio;44;2;2003;Telefônica;Brasil;Presidente;Lula vs Flávio
14/08/2026;16/08/2026;Nexus;2;branco / nulo;8;2;2003;Telefônica;Brasil;Presidente;Lula vs Flávio
14/08/2026;16/08/2026;Nexus;2;não sabe / não respondeu;1;2;2003;Telefônica;Brasil;Presidente;Lula vs Flávio
14/08/2026;16/08/2026;Nexus;2;Lula;47;2;2003;Telefônica;Brasil;Presidente;Lula vs Renan
14/08/2026;16/08/2026;Nexus;2;Renan;36;2;2003;Telefônica;Brasil;Presidente;Lula vs Renan
14/08/2026;16/08/2026;Nexus;2;branco / nulo;14;2;2003;Telefônica;Brasil;Presidente;Lula vs Renan
14/08/2026;16/08/2026;Nexus;2;não sabe / não respondeu;3;2;2003;Telefônica;Brasil;Presidente;Lula vs Renan
14/08/2026;16/08/2026;Nexus;2;Lula;46;2;2003;Telefônica;Brasil;Presidente;Lula vs Zema
14/08/2026;16/08/2026;Nexus;2;Zema;41;2;2003;Telefônica;Brasil;Presidente;Lula vs Zema
14/08/2026;16/08/2026;Nexus;2;branco / nulo;11;2;2003;Telefônica;Brasil;Presidente;Lula vs Zema
14/08/2026;16/08/2026;Nexus;2;não sabe / não respondeu;2;2;2003;Telefônica;Brasil;Presidente;Lula vs Zema
18/08/2026;19/08/2026;Datafolha;1;Lula;39;2;2058;Presencial;Brasil;Presidente;Primeiro turno
18/08/2026;19/08/2026;Datafolha;1;Flávio;33;2;2058;Presencial;Brasil;Presidente;Primeiro turno
18/08/2026;19/08/2026;Datafolha;1;Caiado;5;2;2058;Presencial;Brasil;Presidente;Primeiro turno
18/08/2026;19/08/2026;Datafolha;1;Zema;3;2;2058;Presencial;Brasil;Presidente;Primeiro turno
18/08/2026;19/08/2026;Datafolha;1;Renan;4;2;2058;Presencial;Brasil;Presidente;Primeiro turno
18/08/2026;19/08/2026;Datafolha;1;Cury;2;2;2058;Presencial;Brasil;Presidente;Primeiro turno
18/08/2026;19/08/2026;Datafolha;1;Samara Martins;1;2;2058;Presencial;Brasil;Presidente;Primeiro turno
18/08/2026;19/08/2026;Datafolha;1;Outros;3;2;2058;Presencial;Brasil;Presidente;Primeiro turno
18/08/2026;19/08/2026;Datafolha;1;branco / nulo;6;2;2058;Presencial;Brasil;Presidente;Primeiro turno
18/08/2026;19/08/2026;Datafolha;1;não sabe / não respondeu;4;2;2058;Presencial;Brasil;Presidente;Primeiro turno
18/08/2026;19/08/2026;Datafolha;2;Lula;47;2;2058;Presencial;Brasil;Presidente;Lula vs Caiado
18/08/2026;19/08/2026;Datafolha;2;Caiado;40;2;2058;Presencial;Brasil;Presidente;Lula vs Caiado
18/08/2026;19/08/2026;Datafolha;2;branco / nulo;11;2;2058;Presencial;Brasil;Presidente;Lula vs Caiado
18/08/2026;19/08/2026;Datafolha;2;não sabe / não respondeu;3;2;2058;Presencial;Brasil;Presidente;Lula vs Caiado
18/08/2026;19/08/2026;Datafolha;2;Lula;47;2;2058;Presencial;Brasil;Presidente;Lula vs Flávio
18/08/2026;19/08/2026;Datafolha;2;Flávio;43;2;2058;Presencial;Brasil;Presidente;Lula vs Flávio
18/08/2026;19/08/2026;Datafolha;2;branco / nulo;9;2;2058;Presencial;Brasil;Presidente;Lula vs Flávio
18/08/2026;19/08/2026;Datafolha;2;não sabe / não respondeu;2;2;2058;Presencial;Brasil;Presidente;Lula vs Flávio
18/08/2026;19/08/2026;Datafolha;2;Lula;47;2;2058;Presencial;Brasil;Presidente;Lula vs Renan
18/08/2026;19/08/2026;Datafolha;2;Renan;37;2;2058;Presencial;Brasil;Presidente;Lula vs Renan
18/08/2026;19/08/2026;Datafolha;2;branco / nulo;14;2;2058;Presencial;Brasil;Presidente;Lula vs Renan
18/08/2026;19/08/2026;Datafolha;2;não sabe / não respondeu;2;2;2058;Presencial;Brasil;Presidente;Lula vs Renan
18/08/2026;19/08/2026;Datafolha;2;Lula;48;2;2058;Presencial;Brasil;Presidente;Lula vs Zema
18/08/2026;19/08/2026;Datafolha;2;Zema;38;2;2058;Presencial;Brasil;Presidente;Lula vs Zema
18/08/2026;19/08/2026;Datafolha;2;branco / nulo;12;2;2058;Presencial;Brasil;Presidente;Lula vs Zema
18/08/2026;19/08/2026;Datafolha;2;não sabe / não respondeu;2;2;2058;Presencial;Brasil;Presidente;Lula vs Zema
21/08/2026;23/08/2026;Nexus;1;Lula;41;2;2006;Telefônica;Brasil;Presidente;Primeiro turno
21/08/2026;23/08/2026;Nexus;1;Flávio;37;2;2006;Telefônica;Brasil;Presidente;Primeiro turno
21/08/2026;23/08/2026;Nexus;1;Caiado;5;2;2006;Telefônica;Brasil;Presidente;Primeiro turno
21/08/2026;23/08/2026;Nexus;1;Zema;3;2;2006;Telefônica;Brasil;Presidente;Primeiro turno
21/08/2026;23/08/2026;Nexus;1;Renan;3;2;2006;Telefônica;Brasil;Presidente;Primeiro turno
21/08/2026;23/08/2026;Nexus;1;Cury;2;2;2006;Telefônica;Brasil;Presidente;Primeiro turno
21/08/2026;23/08/2026;Nexus;1;Samara Martins;1;2;2006;Telefônica;Brasil;Presidente;Primeiro turno
21/08/2026;23/08/2026;Nexus;1;Outros;0;2;2006;Telefônica;Brasil;Presidente;Primeiro turno
21/08/2026;23/08/2026;Nexus;1;branco / nulo;5;2;2006;Telefônica;Brasil;Presidente;Primeiro turno
21/08/2026;23/08/2026;Nexus;1;não sabe / não respondeu;3;2;2006;Telefônica;Brasil;Presidente;Primeiro turno
21/08/2026;23/08/2026;Nexus;2;Lula;46;2;2006;Telefônica;Brasil;Presidente;Lula vs Caiado
21/08/2026;23/08/2026;Nexus;2;Caiado;42;2;2006;Telefônica;Brasil;Presidente;Lula vs Caiado
21/08/2026;23/08/2026;Nexus;2;branco / nulo;11;2;2006;Telefônica;Brasil;Presidente;Lula vs Caiado
21/08/2026;23/08/2026;Nexus;2;não sabe / não respondeu;2;2;2006;Telefônica;Brasil;Presidente;Lula vs Caiado
21/08/2026;23/08/2026;Nexus;2;Lula;46;2;2006;Telefônica;Brasil;Presidente;Lula vs Flávio
21/08/2026;23/08/2026;Nexus;2;Flávio;45;2;2006;Telefônica;Brasil;Presidente;Lula vs Flávio
21/08/2026;23/08/2026;Nexus;2;branco / nulo;8;2;2006;Telefônica;Brasil;Presidente;Lula vs Flávio
21/08/2026;23/08/2026;Nexus;2;não sabe / não respondeu;1;2;2006;Telefônica;Brasil;Presidente;Lula vs Flávio
21/08/2026;23/08/2026;Nexus;2;Lula;47;2;2006;Telefônica;Brasil;Presidente;Lula vs Renan
21/08/2026;23/08/2026;Nexus;2;Renan;35;2;2006;Telefônica;Brasil;Presidente;Lula vs Renan
21/08/2026;23/08/2026;Nexus;2;branco / nulo;15;2;2006;Telefônica;Brasil;Presidente;Lula vs Renan
21/08/2026;23/08/2026;Nexus;2;não sabe / não respondeu;2;2;2006;Telefônica;Brasil;Presidente;Lula vs Renan
21/08/2026;23/08/2026;Nexus;2;Lula;47;2;2006;Telefônica;Brasil;Presidente;Lula vs Zema
21/08/2026;23/08/2026;Nexus;2;Zema;40;2;2006;Telefônica;Brasil;Presidente;Lula vs Zema
21/08/2026;23/08/2026;Nexus;2;branco / nulo;11;2;2006;Telefônica;Brasil;Presidente;Lula vs Zema
21/08/2026;23/08/2026;Nexus;2;não sabe / não respondeu;2;2;2006;Telefônica;Brasil;Presidente;Lula vs Zema
21/08/2026;25/08/2026;Gerp;1;Lula;37;2;2400;Telefônica;Brasil;Presidente;Primeiro turno
21/08/2026;25/08/2026;Gerp;1;Flávio;38;2;2400;Telefônica;Brasil;Presidente;Primeiro turno
21/08/2026;25/08/2026;Gerp;1;Caiado;3;2;2400;Telefônica;Brasil;Presidente;Primeiro turno
21/08/2026;25/08/2026;Gerp;1;Zema;1;2;2400;Telefônica;Brasil;Presidente;Primeiro turno
21/08/2026;25/08/2026;Gerp;1;Renan;3;2;2400;Telefônica;Brasil;Presidente;Primeiro turno
21/08/2026;25/08/2026;Gerp;1;Cury;1;2;2400;Telefônica;Brasil;Presidente;Primeiro turno
21/08/2026;25/08/2026;Gerp;1;Pablo Marçal;4;2;2400;Telefônica;Brasil;Presidente;Primeiro turno
21/08/2026;25/08/2026;Gerp;1;branco / nulo;4;2;2400;Telefônica;Brasil;Presidente;Primeiro turno
21/08/2026;25/08/2026;Gerp;1;não sabe / não respondeu;8;2;2400;Telefônica;Brasil;Presidente;Primeiro turno
21/08/2026;25/08/2026;Gerp;2;Lula;42;2;2400;Telefônica;Brasil;Presidente;Lula vs Flávio
21/08/2026;25/08/2026;Gerp;2;Flávio;47;2;2400;Telefônica;Brasil;Presidente;Lula vs Flávio
21/08/2026;25/08/2026;Gerp;2;branco / nulo;8;2;2400;Telefônica;Brasil;Presidente;Lula vs Flávio
21/08/2026;25/08/2026;Gerp;2;não sabe / não respondeu;3;2;2400;Telefônica;Brasil;Presidente;Lula vs Flávio
23/08/2026;26/08/2026;PoderData;1;Lula;38;2;2400;Telefônica;Brasil;Presidente;Primeiro turno
23/08/2026;26/08/2026;PoderData;1;Flávio;35;2;2400;Telefônica;Brasil;Presidente;Primeiro turno
23/08/2026;26/08/2026;PoderData;1;Caiado;4;2;2400;Telefônica;Brasil;Presidente;Primeiro turno
23/08/2026;26/08/2026;PoderData;1;Zema;3;2;2400;Telefônica;Brasil;Presidente;Primeiro turno
23/08/2026;26/08/2026;PoderData;1;Renan;4;2;2400;Telefônica;Brasil;Presidente;Primeiro turno
23/08/2026;26/08/2026;PoderData;1;Cury;4;2;2400;Telefônica;Brasil;Presidente;Primeiro turno
23/08/2026;26/08/2026;PoderData;1;Samara Martins;1;2;2400;Telefônica;Brasil;Presidente;Primeiro turno
23/08/2026;26/08/2026;PoderData;1;Pablo Marçal;3;2;2400;Telefônica;Brasil;Presidente;Primeiro turno
23/08/2026;26/08/2026;PoderData;1;Outros;1;2;2400;Telefônica;Brasil;Presidente;Primeiro turno
23/08/2026;26/08/2026;PoderData;1;branco / nulo;5;2;2400;Telefônica;Brasil;Presidente;Primeiro turno
23/08/2026;26/08/2026;PoderData;1;não sabe / não respondeu;2;2;2400;Telefônica;Brasil;Presidente;Primeiro turno
23/08/2026;26/08/2026;PoderData;2;Lula;43;2;2400;Telefônica;Brasil;Presidente;Lula vs Caiado
23/08/2026;26/08/2026;PoderData;2;Caiado;44;2;2400;Telefônica;Brasil;Presidente;Lula vs Caiado
23/08/2026;26/08/2026;PoderData;2;branco / nulo;10;2;2400;Telefônica;Brasil;Presidente;Lula vs Caiado
23/08/2026;26/08/2026;PoderData;2;não sabe / não respondeu;2;2;2400;Telefônica;Brasil;Presidente;Lula vs Caiado
23/08/2026;26/08/2026;PoderData;2;Lula;45;2;2400;Telefônica;Brasil;Presidente;Lula vs Flávio
23/08/2026;26/08/2026;PoderData;2;Flávio;45;2;2400;Telefônica;Brasil;Presidente;Lula vs Flávio
23/08/2026;26/08/2026;PoderData;2;branco / nulo;9;2;2400;Telefônica;Brasil;Presidente;Lula vs Flávio
23/08/2026;26/08/2026;PoderData;2;não sabe / não respondeu;2;2;2400;Telefônica;Brasil;Presidente;Lula vs Flávio
23/08/2026;26/08/2026;PoderData;2;Lula;44;2;2400;Telefônica;Brasil;Presidente;Lula vs Renan
23/08/2026;26/08/2026;PoderData;2;Renan;37;2;2400;Telefônica;Brasil;Presidente;Lula vs Renan
23/08/2026;26/08/2026;PoderData;2;branco / nulo;16;2;2400;Telefônica;Brasil;Presidente;Lula vs Renan
23/08/2026;26/08/2026;PoderData;2;não sabe / não respondeu;3;2;2400;Telefônica;Brasil;Presidente;Lula vs Renan
23/08/2026;26/08/2026;PoderData;2;Lula;44;2;2400;Telefônica;Brasil;Presidente;Lula vs Zema
23/08/2026;26/08/2026;PoderData;2;Zema;43;2;2400;Telefônica;Brasil;Presidente;Lula vs Zema
23/08/2026;26/08/2026;PoderData;2;branco / nulo;10;2;2400;Telefônica;Brasil;Presidente;Lula vs Zema
23/08/2026;26/08/2026;PoderData;2;não sabe / não respondeu;2;2;2400;Telefônica;Brasil;Presidente;Lula vs Zema
25/08/2026;30/08/2026;Atlas;1;Lula;43,4;1;5014;Online;Brasil;Presidente;Primeiro turno
25/08/2026;30/08/2026;Atlas;1;Flávio;33,7;1;5014;Online;Brasil;Presidente;Primeiro turno
25/08/2026;30/08/2026;Atlas;1;Caiado;3,3;1;5014;Online;Brasil;Presidente;Primeiro turno
25/08/2026;30/08/2026;Atlas;1;Zema;1;1;5014;Online;Brasil;Presidente;Primeiro turno
25/08/2026;30/08/2026;Atlas;1;Renan;7,6;1;5014;Online;Brasil;Presidente;Primeiro turno
25/08/2026;30/08/2026;Atlas;1;Cury;7,8;1;5014;Online;Brasil;Presidente;Primeiro turno
25/08/2026;30/08/2026;Atlas;1;Samara Martins;0,9;1;5014;Online;Brasil;Presidente;Primeiro turno
25/08/2026;30/08/2026;Atlas;1;Pablo Marçal;1,9;1;5014;Online;Brasil;Presidente;Primeiro turno
25/08/2026;30/08/2026;Atlas;1;branco / nulo;0,1;1;5014;Online;Brasil;Presidente;Primeiro turno
25/08/2026;30/08/2026;Atlas;1;não sabe / não respondeu;0,2;1;5014;Online;Brasil;Presidente;Primeiro turno
25/08/2026;30/08/2026;Atlas;2;Lula;46,6;1;5014;Online;Brasil;Presidente;Lula vs Caiado
25/08/2026;30/08/2026;Atlas;2;Caiado;41;1;5014;Online;Brasil;Presidente;Lula vs Caiado
25/08/2026;30/08/2026;Atlas;2;branco / nulo;12,3;1;5014;Online;Brasil;Presidente;Lula vs Caiado
25/08/2026;30/08/2026;Atlas;2;Lula;47,1;1;5014;Online;Brasil;Presidente;Lula vs Flávio
25/08/2026;30/08/2026;Atlas;2;Flávio;42,6;1;5014;Online;Brasil;Presidente;Lula vs Flávio
25/08/2026;30/08/2026;Atlas;2;branco / nulo;10,3;1;5014;Online;Brasil;Presidente;Lula vs Flávio
25/08/2026;30/08/2026;Atlas;2;Lula;47,5;1;5014;Online;Brasil;Presidente;Lula vs Renan
25/08/2026;30/08/2026;Atlas;2;Renan;26;1;5014;Online;Brasil;Presidente;Lula vs Renan
25/08/2026;30/08/2026;Atlas;2;branco / nulo;26,6;1;5014;Online;Brasil;Presidente;Lula vs Renan
25/08/2026;30/08/2026;Atlas;2;Lula;47;1;5014;Online;Brasil;Presidente;Lula vs Zema
25/08/2026;30/08/2026;Atlas;2;Zema;40,7;1;5014;Online;Brasil;Presidente;Lula vs Zema
25/08/2026;30/08/2026;Atlas;2;branco / nulo;12,3;1;5014;Online;Brasil;Presidente;Lula vs Zema
28/08/2026;30/08/2026;Nexus;1;Lula;39;2;2005;Telefônica;Brasil;Presidente;Primeiro turno
28/08/2026;30/08/2026;Nexus;1;Flávio;33;2;2005;Telefônica;Brasil;Presidente;Primeiro turno
28/08/2026;30/08/2026;Nexus;1;Caiado;5;2;2005;Telefônica;Brasil;Presidente;Primeiro turno
28/08/2026;30/08/2026;Nexus;1;Zema;1;2;2005;Telefônica;Brasil;Presidente;Primeiro turno
28/08/2026;30/08/2026;Nexus;1;Renan;3;2;2005;Telefônica;Brasil;Presidente;Primeiro turno
28/08/2026;30/08/2026;Nexus;1;Cury;11;2;2005;Telefônica;Brasil;Presidente;Primeiro turno
28/08/2026;30/08/2026;Nexus;1;Samara Martins;1;2;2005;Telefônica;Brasil;Presidente;Primeiro turno
28/08/2026;30/08/2026;Nexus;1;branco / nulo;3;2;2005;Telefônica;Brasil;Presidente;Primeiro turno
28/08/2026;30/08/2026;Nexus;1;não sabe / não respondeu;3;2;2005;Telefônica;Brasil;Presidente;Primeiro turno
28/08/2026;30/08/2026;Nexus;2;Lula;45;2;2006;Telefônica;Brasil;Presidente;Lula vs Caiado
28/08/2026;30/08/2026;Nexus;2;Caiado;44;2;2006;Telefônica;Brasil;Presidente;Lula vs Caiado
28/08/2026;30/08/2026;Nexus;2;branco / nulo;10;2;2006;Telefônica;Brasil;Presidente;Lula vs Caiado
28/08/2026;30/08/2026;Nexus;2;não sabe / não respondeu;1;2;2006;Telefônica;Brasil;Presidente;Lula vs Caiado
28/08/2026;30/08/2026;Nexus;2;Lula;46;2;2006;Telefônica;Brasil;Presidente;Lula vs Flávio
28/08/2026;30/08/2026;Nexus;2;Flávio;45;2;2006;Telefônica;Brasil;Presidente;Lula vs Flávio
28/08/2026;30/08/2026;Nexus;2;branco / nulo;8;2;2006;Telefônica;Brasil;Presidente;Lula vs Flávio
28/08/2026;30/08/2026;Nexus;2;não sabe / não respondeu;1;2;2006;Telefônica;Brasil;Presidente;Lula vs Flávio
28/08/2026;30/08/2026;Nexus;2;Lula;47;2;2006;Telefônica;Brasil;Presidente;Lula vs Renan
28/08/2026;30/08/2026;Nexus;2;Renan;38;2;2006;Telefônica;Brasil;Presidente;Lula vs Renan
28/08/2026;30/08/2026;Nexus;2;branco / nulo;14;2;2006;Telefônica;Brasil;Presidente;Lula vs Renan
28/08/2026;30/08/2026;Nexus;2;não sabe / não respondeu;1;2;2006;Telefônica;Brasil;Presidente;Lula vs Renan
28/08/2026;30/08/2026;Nexus;2;Lula;46;2;2006;Telefônica;Brasil;Presidente;Lula vs Zema
28/08/2026;30/08/2026;Nexus;2;Zema;41;2;2006;Telefônica;Brasil;Presidente;Lula vs Zema
28/08/2026;30/08/2026;Nexus;2;branco / nulo;12;2;2006;Telefônica;Brasil;Presidente;Lula vs Zema
28/08/2026;30/08/2026;Nexus;2;não sabe / não respondeu;1;2;2006;Telefônica;Brasil;Presidente;Lula vs Zema
27/08/2026;31/08/2026;Realtime Bigdata;1;Lula;38;2;2000;Telefônica;Brasil;Presidente;Primeiro turno
27/08/2026;31/08/2026;Realtime Bigdata;1;Flávio;30;2;2000;Telefônica;Brasil;Presidente;Primeiro turno
27/08/2026;31/08/2026;Realtime Bigdata;1;Caiado;4;2;2000;Telefônica;Brasil;Presidente;Primeiro turno
27/08/2026;31/08/2026;Realtime Bigdata;1;Zema;2;2;2000;Telefônica;Brasil;Presidente;Primeiro turno
27/08/2026;31/08/2026;Realtime Bigdata;1;Renan;7;2;2000;Telefônica;Brasil;Presidente;Primeiro turno
27/08/2026;31/08/2026;Realtime Bigdata;1;Cury;11;2;2000;Telefônica;Brasil;Presidente;Primeiro turno
27/08/2026;31/08/2026;Realtime Bigdata;1;Outros;2;2;2000;Telefônica;Brasil;Presidente;Primeiro turno
27/08/2026;31/08/2026;Realtime Bigdata;1;branco / nulo;3;2;2000;Telefônica;Brasil;Presidente;Primeiro turno
27/08/2026;31/08/2026;Realtime Bigdata;1;não sabe / não respondeu;3;2;2000;Telefônica;Brasil;Presidente;Primeiro turno
27/08/2026;31/08/2026;Realtime Bigdata;2;Lula;43;2;2000;Telefônica;Brasil;Presidente;Lula vs Caiado
27/08/2026;31/08/2026;Realtime Bigdata;2;Caiado;45;2;2000;Telefônica;Brasil;Presidente;Lula vs Caiado
27/08/2026;31/08/2026;Realtime Bigdata;2;branco / nulo;8;2;2000;Telefônica;Brasil;Presidente;Lula vs Caiado
27/08/2026;31/08/2026;Realtime Bigdata;2;não sabe / não respondeu;4;2;2000;Telefônica;Brasil;Presidente;Lula vs Caiado
27/08/2026;31/08/2026;Realtime Bigdata;2;Lula;44;2;2000;Telefônica;Brasil;Presidente;Lula vs Flávio
27/08/2026;31/08/2026;Realtime Bigdata;2;Flávio;44;2;2000;Telefônica;Brasil;Presidente;Lula vs Flávio
27/08/2026;31/08/2026;Realtime Bigdata;2;branco / nulo;9;2;2000;Telefônica;Brasil;Presidente;Lula vs Flávio
27/08/2026;31/08/2026;Realtime Bigdata;2;não sabe / não respondeu;3;2;2000;Telefônica;Brasil;Presidente;Lula vs Flávio
27/08/2026;31/08/2026;Realtime Bigdata;2;Lula;44;2;2000;Telefônica;Brasil;Presidente;Lula vs Renan
27/08/2026;31/08/2026;Realtime Bigdata;2;Renan;37;2;2000;Telefônica;Brasil;Presidente;Lula vs Renan
27/08/2026;31/08/2026;Realtime Bigdata;2;branco / nulo;12;2;2000;Telefônica;Brasil;Presidente;Lula vs Renan
27/08/2026;31/08/2026;Realtime Bigdata;2;não sabe / não respondeu;7;2;2000;Telefônica;Brasil;Presidente;Lula vs Renan
27/08/2026;31/08/2026;Realtime Bigdata;2;Lula;43;2;2000;Telefônica;Brasil;Presidente;Lula vs Zema
27/08/2026;31/08/2026;Realtime Bigdata;2;Zema;40;2;2000;Telefônica;Brasil;Presidente;Lula vs Zema
27/08/2026;31/08/2026;Realtime Bigdata;2;branco / nulo;10;2;2000;Telefônica;Brasil;Presidente;Lula vs Zema
27/08/2026;31/08/2026;Realtime Bigdata;2;não sabe / não respondeu;7;2;2000;Telefônica;Brasil;Presidente;Lula vs Zema
30/08/2026;01/09/2026;Quaest;1;Lula;37;2;2004;Presencial;Brasil;Presidente;Primeiro turno
30/08/2026;01/09/2026;Quaest;1;Flávio;30;2;2004;Presencial;Brasil;Presidente;Primeiro turno
30/08/2026;01/09/2026;Quaest;1;Caiado;1;2;2004;Presencial;Brasil;Presidente;Primeiro turno
30/08/2026;01/09/2026;Quaest;1;Zema;1;2;2004;Presencial;Brasil;Presidente;Primeiro turno
30/08/2026;01/09/2026;Quaest;1;Renan;3;2;2004;Presencial;Brasil;Presidente;Primeiro turno
30/08/2026;01/09/2026;Quaest;1;Cury;10;2;2004;Presencial;Brasil;Presidente;Primeiro turno
30/08/2026;01/09/2026;Quaest;1;Pablo Marçal;1;2;2004;Presencial;Brasil;Presidente;Primeiro turno
30/08/2026;01/09/2026;Quaest;1;branco / nulo;7;2;2004;Presencial;Brasil;Presidente;Primeiro turno
30/08/2026;01/09/2026;Quaest;1;não sabe / não respondeu;10;2;2004;Presencial;Brasil;Presidente;Primeiro turno
30/08/2026;01/09/2026;Quaest;2;Lula;42;2;2004;Presencial;Brasil;Presidente;Lula vs Caiado
30/08/2026;01/09/2026;Quaest;2;Caiado;37;2;2004;Presencial;Brasil;Presidente;Lula vs Caiado
30/08/2026;01/09/2026;Quaest;2;branco / nulo;17;2;2004;Presencial;Brasil;Presidente;Lula vs Caiado
30/08/2026;01/09/2026;Quaest;2;não sabe / não respondeu;4;2;2004;Presencial;Brasil;Presidente;Lula vs Caiado
30/08/2026;01/09/2026;Quaest;2;Lula;40;2;2004;Presencial;Brasil;Presidente;Lula vs Cury
30/08/2026;01/09/2026;Quaest;2;Cury;34;2;2004;Presencial;Brasil;Presidente;Lula vs Cury
30/08/2026;01/09/2026;Quaest;2;branco / nulo;21;2;2004;Presencial;Brasil;Presidente;Lula vs Cury
30/08/2026;01/09/2026;Quaest;2;não sabe / não respondeu;5;2;2004;Presencial;Brasil;Presidente;Lula vs Cury
30/08/2026;01/09/2026;Quaest;2;Lula;42;2;2004;Presencial;Brasil;Presidente;Lula vs Flávio
30/08/2026;01/09/2026;Quaest;2;Flávio;41;2;2004;Presencial;Brasil;Presidente;Lula vs Flávio
30/08/2026;01/09/2026;Quaest;2;branco / nulo;13;2;2004;Presencial;Brasil;Presidente;Lula vs Flávio
30/08/2026;01/09/2026;Quaest;2;não sabe / não respondeu;4;2;2004;Presencial;Brasil;Presidente;Lula vs Flávio
30/08/2026;01/09/2026;Quaest;2;Lula;43;2;2004;Presencial;Brasil;Presidente;Lula vs Renan
30/08/2026;01/09/2026;Quaest;2;Renan;36;2;2004;Presencial;Brasil;Presidente;Lula vs Renan
30/08/2026;01/09/2026;Quaest;2;branco / nulo;17;2;2004;Presencial;Brasil;Presidente;Lula vs Renan
30/08/2026;01/09/2026;Quaest;2;não sabe / não respondeu;4;2;2004;Presencial;Brasil;Presidente;Lula vs Renan
30/08/2026;01/09/2026;Quaest;2;Lula;44;2;2004;Presencial;Brasil;Presidente;Lula vs Zema
30/08/2026;01/09/2026;Quaest;2;Zema;33;2;2004;Presencial;Brasil;Presidente;Lula vs Zema
30/08/2026;01/09/2026;Quaest;2;branco / nulo;19;2;2004;Presencial;Brasil;Presidente;Lula vs Zema
30/08/2026;01/09/2026;Quaest;2;não sabe / não respondeu;4;2;2004;Presencial;Brasil;Presidente;Lula vs Zema
30/08/2026;02/09/2026;PoderData;1;Lula;37;2;3000;Telefônica;Brasil;Presidente;Primeiro turno
30/08/2026;02/09/2026;PoderData;1;Flávio;34;2;3000;Telefônica;Brasil;Presidente;Primeiro turno
30/08/2026;02/09/2026;PoderData;1;Caiado;2;2;3000;Telefônica;Brasil;Presidente;Primeiro turno
30/08/2026;02/09/2026;PoderData;1;Zema;1;2;3000;Telefônica;Brasil;Presidente;Primeiro turno
30/08/2026;02/09/2026;PoderData;1;Renan;3;2;3000;Telefônica;Brasil;Presidente;Primeiro turno
30/08/2026;02/09/2026;PoderData;1;Cury;10;2;3000;Telefônica;Brasil;Presidente;Primeiro turno
30/08/2026;02/09/2026;PoderData;1;Samara Martins;1;2;3000;Telefônica;Brasil;Presidente;Primeiro turno
30/08/2026;02/09/2026;PoderData;1;Pablo Marçal;2;2;3000;Telefônica;Brasil;Presidente;Primeiro turno
30/08/2026;02/09/2026;PoderData;1;Outros;4;2;3000;Telefônica;Brasil;Presidente;Primeiro turno
30/08/2026;02/09/2026;PoderData;1;branco / nulo;5;2;3000;Telefônica;Brasil;Presidente;Primeiro turno
30/08/2026;02/09/2026;PoderData;1;não sabe / não respondeu;2;2;3000;Telefônica;Brasil;Presidente;Primeiro turno
30/08/2026;02/09/2026;PoderData;2;Lula;44;2;3000;Telefônica;Brasil;Presidente;Lula vs Caiado
30/08/2026;02/09/2026;PoderData;2;Caiado;42;2;3000;Telefônica;Brasil;Presidente;Lula vs Caiado
30/08/2026;02/09/2026;PoderData;2;branco / nulo;11;2;3000;Telefônica;Brasil;Presidente;Lula vs Caiado
30/08/2026;02/09/2026;PoderData;2;não sabe / não respondeu;2;2;3000;Telefônica;Brasil;Presidente;Lula vs Caiado
30/08/2026;02/09/2026;PoderData;2;Lula;44;2;3000;Telefônica;Brasil;Presidente;Lula vs Flávio
30/08/2026;02/09/2026;PoderData;2;Flávio;45;2;3000;Telefônica;Brasil;Presidente;Lula vs Flávio
30/08/2026;02/09/2026;PoderData;2;branco / nulo;8;2;3000;Telefônica;Brasil;Presidente;Lula vs Flávio
30/08/2026;02/09/2026;PoderData;2;não sabe / não respondeu;3;2;3000;Telefônica;Brasil;Presidente;Lula vs Flávio
30/08/2026;02/09/2026;PoderData;2;Lula;44;2;3000;Telefônica;Brasil;Presidente;Lula vs Renan
30/08/2026;02/09/2026;PoderData;2;Renan;39;2;3000;Telefônica;Brasil;Presidente;Lula vs Renan
30/08/2026;02/09/2026;PoderData;2;branco / nulo;15;2;3000;Telefônica;Brasil;Presidente;Lula vs Renan
30/08/2026;02/09/2026;PoderData;2;não sabe / não respondeu;3;2;3000;Telefônica;Brasil;Presidente;Lula vs Renan
30/08/2026;02/09/2026;PoderData;2;Lula;44;2;3000;Telefônica;Brasil;Presidente;Lula vs Zema
30/08/2026;02/09/2026;PoderData;2;Zema;42;2;3000;Telefônica;Brasil;Presidente;Lula vs Zema
30/08/2026;02/09/2026;PoderData;2;branco / nulo;12;2;3000;Telefônica;Brasil;Presidente;Lula vs Zema
30/08/2026;02/09/2026;PoderData;2;não sabe / não respondeu;2;2;3000;Telefônica;Brasil;Presidente;Lula vs Zema
01/09/2026;02/09/2026;Datafolha;1;Lula;38;2;2002;Presencial;Brasil;Presidente;Primeiro turno
01/09/2026;02/09/2026;Datafolha;1;Flávio;33;2;2002;Presencial;Brasil;Presidente;Primeiro turno
01/09/2026;02/09/2026;Datafolha;1;Caiado;4;2;2002;Presencial;Brasil;Presidente;Primeiro turno
01/09/2026;02/09/2026;Datafolha;1;Zema;2;2;2002;Presencial;Brasil;Presidente;Primeiro turno
01/09/2026;02/09/2026;Datafolha;1;Renan;3;2;2002;Presencial;Brasil;Presidente;Primeiro turno
01/09/2026;02/09/2026;Datafolha;1;Cury;8;2;2002;Presencial;Brasil;Presidente;Primeiro turno
01/09/2026;02/09/2026;Datafolha;1;Samara Martins;1;2;2002;Presencial;Brasil;Presidente;Primeiro turno
01/09/2026;02/09/2026;Datafolha;1;Outros;2;2;2002;Presencial;Brasil;Presidente;Primeiro turno
01/09/2026;02/09/2026;Datafolha;1;branco / nulo;6;2;2002;Presencial;Brasil;Presidente;Primeiro turno
01/09/2026;02/09/2026;Datafolha;1;não sabe / não respondeu;3;2;2002;Presencial;Brasil;Presidente;Primeiro turno
01/09/2026;02/09/2026;Datafolha;2;Lula;46;2;2002;Presencial;Brasil;Presidente;Lula vs Caiado
01/09/2026;02/09/2026;Datafolha;2;Caiado;41;2;2002;Presencial;Brasil;Presidente;Lula vs Caiado
01/09/2026;02/09/2026;Datafolha;2;branco / nulo;11;2;2002;Presencial;Brasil;Presidente;Lula vs Caiado
01/09/2026;02/09/2026;Datafolha;2;não sabe / não respondeu;2;2;2002;Presencial;Brasil;Presidente;Lula vs Caiado
01/09/2026;02/09/2026;Datafolha;2;Lula;46;2;2002;Presencial;Brasil;Presidente;Lula vs Flávio
01/09/2026;02/09/2026;Datafolha;2;Flávio;44;2;2002;Presencial;Brasil;Presidente;Lula vs Flávio
01/09/2026;02/09/2026;Datafolha;2;branco / nulo;9;2;2002;Presencial;Brasil;Presidente;Lula vs Flávio
01/09/2026;02/09/2026;Datafolha;2;não sabe / não respondeu;2;2;2002;Presencial;Brasil;Presidente;Lula vs Flávio
01/09/2026;02/09/2026;Datafolha;2;Lula;47;2;2002;Presencial;Brasil;Presidente;Lula vs Renan
01/09/2026;02/09/2026;Datafolha;2;Renan;38;2;2002;Presencial;Brasil;Presidente;Lula vs Renan
01/09/2026;02/09/2026;Datafolha;2;branco / nulo;13;2;2002;Presencial;Brasil;Presidente;Lula vs Renan
01/09/2026;02/09/2026;Datafolha;2;não sabe / não respondeu;2;2;2002;Presencial;Brasil;Presidente;Lula vs Renan
01/09/2026;02/09/2026;Datafolha;2;Lula;48;2;2002;Presencial;Brasil;Presidente;Lula vs Zema
01/09/2026;02/09/2026;Datafolha;2;Zema;39;2;2002;Presencial;Brasil;Presidente;Lula vs Zema
01/09/2026;02/09/2026;Datafolha;2;branco / nulo;12;2;2002;Presencial;Brasil;Presidente;Lula vs Zema
01/09/2026;02/09/2026;Datafolha;2;não sabe / não respondeu;2;2;2002;Presencial;Brasil;Presidente;Lula vs Zema
